dealer_id,dealer_name,region,city,month,sales_units,target_units,lead_conversion_pct,operating_margin_pct,overdue_receivables_pct,avg_payment_delay_days,inventory_days,stock_over_90_days_pct,customer_satisfaction,service_retention_pct,complaint_resolution_days
D001,Aarav Motors,North,Aarav Nagar,2024-10-01,151.0,127.0,23.83,7.73,6.94,3.79,61.72,10.22,92.82,79.51,3.77
D001,Aarav Motors,North,Aarav Nagar,2024-11-01,212.0,177.0,23.49,7.46,9.23,0.0,55.36,8.91,88.38,79.77,5.61
D001,Aarav Motors,North,Aarav Nagar,2024-12-01,202.0,171.0,22.23,8.32,10.22,5.21,56.79,7.92,86.97,80.24,6.17
D001,Aarav Motors,North,Aarav Nagar,2025-01-01,182.0,151.0,24.3,8.13,8.77,3.26,64.23,12.21,90.31,80.17,2.87
D001,Aarav Motors,North,Aarav Nagar,2025-02-01,157.0,125.0,22.13,7.79,4.31,3.82,57.22,13.25,91.2,80.48,6.25
D001,Aarav Motors,North,Aarav Nagar,2025-03-01,157.0,132.0,21.31,5.25,7.87,4.83,64.98,13.83,91.51,75.93,5.3
D001,Aarav Motors,North,Aarav Nagar,2025-04-01,136.0,115.0,23.1,4.74,13.35,6.81,58.34,13.97,90.88,79.43,6.06
D001,Aarav Motors,North,Aarav Nagar,2025-05-01,180.0,159.0,20.97,4.18,10.16,7.99,66.4,10.96,88.31,82.84,4.53
D001,Aarav Motors,North,Aarav Nagar,2025-06-01,179.0,151.0,25.54,3.33,15.72,6.75,66.2,12.86,85.1,77.93,4.27
D001,Aarav Motors,North,Aarav Nagar,2025-07-01,118.0,99.0,21.81,4.8,16.34,11.5,76.27,19.24,90.51,83.49,3.28
D001,Aarav Motors,North,Aarav Nagar,2025-08-01,218.0,178.0,23.42,2.71,13.9,10.03,69.01,19.91,95.43,89.3,5.68
D001,Aarav Motors,North,Aarav Nagar,2025-09-01,155.0,133.0,23.03,3.13,17.79,3.86,76.13,17.85,88.96,73.5,2.55
D001,Aarav Motors,North,Aarav Nagar,2025-10-01,186.0,150.0,22.86,2.12,16.58,11.51,62.9,26.39,86.98,80.99,3.71
D001,Aarav Motors,North,Aarav Nagar,2025-11-01,179.0,149.0,22.55,3.31,19.38,18.58,60.0,13.43,89.96,83.96,5.3
D001,Aarav Motors,North,Aarav Nagar,2025-12-01,143.0,121.0,26.07,2.85,26.62,22.63,72.37,14.3,85.34,84.24,7.65
D001,Aarav Motors,North,Aarav Nagar,2026-01-01,120.0,104.0,22.07,2.62,22.09,22.17,71.96,19.21,90.45,83.27,5.2
D001,Aarav Motors,North,Aarav Nagar,2026-02-01,117.0,102.0,22.1,1.21,27.29,14.24,62.49,20.64,87.99,76.33,6.56
D001,Aarav Motors,North,Aarav Nagar,2026-03-01,147.0,125.0,23.41,1.34,26.33,27.48,65.52,21.54,90.12,87.71,7.88
D001,Aarav Motors,North,Aarav Nagar,2026-04-01,142.0,117.0,26.27,-0.07,25.11,27.3,58.12,21.19,86.25,75.52,3.74
D001,Aarav Motors,North,Aarav Nagar,2026-05-01,156.0,121.0,21.29,-0.88,33.85,20.5,99.64,17.81,88.34,79.01,7.65
D001,Aarav Motors,North,Aarav Nagar,2026-06-01,201.0,170.0,23.59,-1.59,28.89,24.99,75.37,24.09,87.77,79.53,6.58
D001,Aarav Motors,North,Aarav Nagar,2026-07-01,205.0,171.0,22.42,-0.34,30.57,31.1,95.35,30.11,90.6,74.59,3.39
D001,Aarav Motors,North,Aarav Nagar,2026-08-01,141.0,114.0,24.77,-2.21,30.72,34.68,81.81,24.69,88.56,77.23,4.68
D001,Aarav Motors,North,Aarav Nagar,2026-09-01,204.0,171.0,24.21,-1.24,32.28,43.35,66.75,26.45,94.62,71.5,6.36
D002,Neel Auto,South,Neelapur,2024-10-01,100.0,143.0,27.5,11.8,4.47,16.71,52.12,4.33,94.68,81.09,4.5
D002,Neel Auto,South,Neelapur,2024-11-01,118.0,170.0,28.12,11.88,5.34,13.88,32.92,5.25,90.96,81.81,5.29
D002,Neel Auto,South,Neelapur,2024-12-01,103.0,172.0,25.28,10.37,6.62,4.92,50.37,0.0,95.39,84.17,3.64
D002,Neel Auto,South,Neelapur,2025-01-01,117.0,174.0,23.46,11.54,4.26,0.0,52.27,3.24,96.92,88.15,3.37
D002,Neel Auto,South,Neelapur,2025-02-01,101.0,157.0,27.39,11.06,0.0,2.13,44.5,11.45,92.25,80.59,3.32
D002,Neel Auto,South,Neelapur,2025-03-01,75.0,110.0,28.3,10.61,10.13,2.01,43.86,0.0,99.29,82.05,3.18
D002,Neel Auto,South,Neelapur,2025-04-01,72.0,117.0,27.5,10.58,3.98,0.0,34.2,0.0,94.64,81.99,3.71
D002,Neel Auto,South,Neelapur,2025-05-01,67.0,102.0,27.68,9.36,2.61,1.47,47.07,8.8,93.3,85.96,2.62
D002,Neel Auto,South,Neelapur,2025-06-01,95.0,160.0,21.95,9.38,5.4,5.74,43.22,6.31,97.75,89.19,2.92
D002,Neel Auto,South,Neelapur,2025-07-01,85.0,136.0,23.66,9.17,2.08,4.4,51.93,12.4,90.33,85.45,1.46
D002,Neel Auto,South,Neelapur,2025-08-01,75.0,120.0,25.55,8.99,1.19,2.54,48.92,4.76,95.47,85.33,5.0
D002,Neel Auto,South,Neelapur,2025-09-01,94.0,148.0,28.85,10.44,2.76,0.0,48.29,13.32,100.0,84.16,3.26
D002,Neel Auto,South,Neelapur,2025-10-01,103.0,156.0,24.95,8.47,0.0,0.0,36.56,3.69,93.6,91.63,4.68
D002,Neel Auto,South,Neelapur,2025-11-01,87.0,137.0,26.99,10.68,2.13,2.52,54.01,0.95,94.5,94.27,3.35
D002,Neel Auto,South,Neelapur,2025-12-01,54.0,84.0,25.06,10.49,0.6,2.62,50.82,9.86,95.58,82.74,3.7
D002,Neel Auto,South,Neelapur,2026-01-01,109.0,171.0,22.64,8.56,7.24,6.9,52.66,2.64,89.97,72.02,2.2
D002,Neel Auto,South,Neelapur,2026-02-01,68.0,116.0,26.03,10.16,2.89,6.75,51.83,6.9,96.48,81.13,4.37
D002,Neel Auto,South,Neelapur,2026-03-01,73.0,104.0,26.24,11.46,1.82,0.0,57.14,6.05,95.25,90.14,2.48
D002,Neel Auto,South,Neelapur,2026-04-01,117.0,173.0,25.54,11.21,0.0,0.0,39.21,0.0,92.0,84.87,2.75
D002,Neel Auto,South,Neelapur,2026-05-01,45.0,74.0,28.03,10.72,4.31,0.0,49.95,6.71,100.0,83.53,2.56
D002,Neel Auto,South,Neelapur,2026-06-01,72.0,112.0,27.29,10.11,0.85,0.0,52.7,8.48,94.0,81.27,3.84
D002,Neel Auto,South,Neelapur,2026-07-01,71.0,107.0,24.82,10.25,0.0,0.0,56.19,10.51,93.72,85.33,1.0
D002,Neel Auto,South,Neelapur,2026-08-01,88.0,120.0,24.27,9.22,3.86,0.0,58.39,0.63,95.23,91.17,1.0
D002,Neel Auto,South,Neelapur,2026-09-01,113.0,165.0,27.1,8.29,4.7,0.0,40.88,10.62,92.6,81.33,3.83
D003,Surya Mobility,East,Suryabad,2024-10-01,106.0,172.0,12.79,-2.51,16.55,11.65,114.21,35.97,65.76,56.4,13.24
D003,Surya Mobility,East,Suryabad,2024-11-01,100.0,144.0,13.46,-1.77,18.54,19.05,116.84,29.65,61.5,58.45,17.26
D003,Surya Mobility,East,Suryabad,2024-12-01,88.0,119.0,12.76,-1.9,20.9,11.68,107.57,26.65,71.97,61.62,13.24
D003,Surya Mobility,East,Suryabad,2025-01-01,94.0,113.0,10.3,-0.16,17.37,16.2,115.59,30.74,76.01,50.4,13.4
D003,Surya Mobility,East,Suryabad,2025-02-01,156.0,175.0,13.74,-1.56,17.86,14.65,91.02,28.88,71.89,49.39,9.64
D003,Surya Mobility,East,Suryabad,2025-03-01,84.0,139.0,16.57,0.87,15.15,15.12,85.14,32.4,74.32,67.15,12.24
D003,Surya Mobility,East,Suryabad,2025-04-01,122.0,139.0,18.13,0.53,15.37,16.75,89.28,31.04,78.9,57.19,10.51
D003,Surya Mobility,East,Suryabad,2025-05-01,109.0,118.0,11.74,0.69,13.71,16.85,71.98,22.83,72.79,59.62,12.36
D003,Surya Mobility,East,Suryabad,2025-06-01,131.0,139.0,14.92,1.06,17.11,12.57,86.21,28.09,76.63,64.64,8.68
D003,Surya Mobility,East,Suryabad,2025-07-01,87.0,112.0,14.36,3.12,13.76,13.92,77.24,23.92,81.19,54.11,7.52
D003,Surya Mobility,East,Suryabad,2025-08-01,144.0,151.0,15.83,1.77,15.53,22.61,83.32,25.31,78.38,65.75,9.55
D003,Surya Mobility,East,Suryabad,2025-09-01,83.0,106.0,14.24,4.35,17.13,23.72,72.12,14.49,80.37,69.77,11.55
D003,Surya Mobility,East,Suryabad,2025-10-01,166.0,179.0,18.75,2.79,19.09,18.02,92.0,25.29,78.45,70.87,9.35
D003,Surya Mobility,East,Suryabad,2025-11-01,163.0,164.0,21.45,4.9,13.35,22.6,60.89,19.89,80.67,63.73,10.46
D003,Surya Mobility,East,Suryabad,2025-12-01,88.0,83.0,20.62,4.93,8.43,25.25,75.77,18.61,79.57,70.05,7.35
D003,Surya Mobility,East,Suryabad,2026-01-01,163.0,167.0,21.71,5.23,10.48,23.99,61.37,16.58,82.37,66.66,7.78
D003,Surya Mobility,East,Suryabad,2026-02-01,96.0,90.0,23.95,6.67,10.58,9.48,60.7,11.66,86.78,74.58,8.49
D003,Surya Mobility,East,Suryabad,2026-03-01,64.0,71.0,21.82,6.32,9.24,9.37,60.27,15.82,85.37,71.96,6.56
D003,Surya Mobility,East,Suryabad,2026-04-01,113.0,121.0,22.12,8.0,5.74,10.78,45.4,6.17,88.1,76.0,5.46
D003,Surya Mobility,East,Suryabad,2026-05-01,92.0,86.0,26.82,5.89,7.46,0.0,53.74,8.85,88.17,82.99,7.94
D003,Surya Mobility,East,Suryabad,2026-06-01,213.0,178.0,24.13,7.61,9.08,13.13,82.63,14.65,88.16,82.56,4.18
D003,Surya Mobility,East,Suryabad,2026-07-01,119.0,111.0,25.5,7.95,8.37,14.96,58.03,2.3,93.41,76.16,2.1
D003,Surya Mobility,East,Suryabad,2026-08-01,123.0,107.0,22.88,7.99,4.98,11.44,51.7,9.98,89.52,84.39,3.9
D003,Surya Mobility,East,Suryabad,2026-09-01,110.0,100.0,25.74,8.75,6.03,0.0,51.31,11.47,90.35,78.2,1.7
D004,Kiran Wheels,West,Kiranpur,2024-10-01,72.0,114.0,9.59,1.51,10.74,8.76,99.73,28.18,64.68,39.07,16.25
D004,Kiran Wheels,West,Kiranpur,2024-11-01,92.0,129.0,17.23,2.61,4.88,18.21,94.95,22.91,67.55,54.92,13.84
D004,Kiran Wheels,West,Kiranpur,2024-12-01,88.0,133.0,13.17,2.7,6.26,23.04,97.89,26.81,68.34,48.79,13.5
D004,Kiran Wheels,West,Kiranpur,2025-01-01,134.0,166.0,15.72,2.67,13.32,21.57,98.54,32.09,75.22,61.25,9.46
D004,Kiran Wheels,West,Kiranpur,2025-02-01,72.0,87.0,13.83,1.93,15.35,24.68,97.42,31.94,60.54,54.27,7.73
D004,Kiran Wheels,West,Kiranpur,2025-03-01,102.0,170.0,9.17,0.67,14.6,25.56,126.93,34.55,66.43,54.11,15.06
D004,Kiran Wheels,West,Kiranpur,2025-04-01,91.0,130.0,10.1,0.56,16.31,23.43,103.62,32.82,67.69,52.36,12.63
D004,Kiran Wheels,West,Kiranpur,2025-05-01,109.0,179.0,12.42,-0.75,13.98,21.62,109.95,37.5,68.05,52.29,12.07
D004,Kiran Wheels,West,Kiranpur,2025-06-01,78.0,88.0,17.01,1.14,17.39,19.58,104.02,34.55,70.75,54.57,14.01
D004,Kiran Wheels,West,Kiranpur,2025-07-01,83.0,103.0,12.89,0.46,18.3,18.12,98.71,34.51,70.54,47.89,15.33
D004,Kiran Wheels,West,Kiranpur,2025-08-01,126.0,170.0,11.73,0.53,15.32,12.77,103.95,32.12,69.52,53.92,10.46
D004,Kiran Wheels,West,Kiranpur,2025-09-01,106.0,143.0,14.56,3.31,10.66,13.43,93.66,30.76,67.05,51.87,14.96
D004,Kiran Wheels,West,Kiranpur,2025-10-01,86.0,106.0,13.6,1.2,10.41,18.42,93.96,28.42,69.77,47.45,14.34
D004,Kiran Wheels,West,Kiranpur,2025-11-01,95.0,105.0,8.5,2.01,13.68,18.72,107.66,32.63,67.76,48.53,16.56
D004,Kiran Wheels,West,Kiranpur,2025-12-01,72.0,110.0,13.25,1.45,15.75,16.41,101.65,27.63,67.71,45.22,12.21
D004,Kiran Wheels,West,Kiranpur,2026-01-01,50.0,70.0,16.15,-0.26,18.06,33.61,105.82,32.34,70.45,52.09,10.78
D004,Kiran Wheels,West,Kiranpur,2026-02-01,88.0,125.0,12.43,-1.73,17.85,28.64,121.26,42.49,67.14,52.09,16.55
D004,Kiran Wheels,West,Kiranpur,2026-03-01,109.0,130.0,12.33,0.07,16.23,30.04,93.48,36.5,74.92,62.49,11.55
D004,Kiran Wheels,West,Kiranpur,2026-04-01,107.0,132.0,10.66,-1.27,16.64,28.39,113.11,35.32,64.4,48.48,14.01
D004,Kiran Wheels,West,Kiranpur,2026-05-01,121.0,166.0,8.4,-3.06,21.74,27.84,102.6,40.67,68.38,57.33,13.48
D004,Kiran Wheels,West,Kiranpur,2026-06-01,85.0,148.0,9.02,-2.2,21.58,27.48,111.36,35.93,68.49,57.21,14.62
D004,Kiran Wheels,West,Kiranpur,2026-07-01,87.0,121.0,14.62,-1.83,,29.15,117.88,24.5,65.76,48.84,12.38
D004,Kiran Wheels,West,Kiranpur,2026-08-01,144.0,152.0,16.22,-1.36,,22.0,95.78,25.66,68.56,48.23,13.24
D004,Kiran Wheels,West,Kiranpur,2026-09-01,95.0,130.0,11.6,-2.52,,23.27,103.44,37.69,65.49,42.52,14.27
D005,Aruna Motors 05,Central,Taravan,2024-10-01,144.0,122.0,27.19,5.86,5.15,14.67,72.46,8.44,84.39,74.36,6.13
D005,Aruna Motors 05,Central,Taravan,2024-11-01,69.0,76.0,19.25,8.85,7.78,8.16,74.12,13.31,83.69,68.35,3.19
D005,Aruna Motors 05,Central,Taravan,2024-12-01,117.0,114.0,19.16,8.13,5.37,0.0,76.64,12.68,82.6,70.14,7.6
D005,Aruna Motors 05,Central,Taravan,2025-01-01,75.0,83.0,19.56,7.4,6.75,0.01,56.74,13.52,87.62,75.74,8.82
D005,Aruna Motors 05,Central,Taravan,2025-02-01,157.0,143.0,23.05,7.86,0.0,10.19,57.05,4.94,90.62,81.58,4.56
D005,Aruna Motors 05,Central,Taravan,2025-03-01,119.0,114.0,21.49,9.73,1.99,4.05,70.2,13.08,87.65,70.68,6.68
D005,Aruna Motors 05,Central,Taravan,2025-04-01,90.0,89.0,24.07,9.45,1.61,6.83,66.46,10.63,84.28,68.77,9.61
D005,Aruna Motors 05,Central,Taravan,2025-05-01,109.0,135.0,17.63,8.91,3.35,11.16,63.71,7.13,85.35,80.67,7.92
D005,Aruna Motors 05,Central,Taravan,2025-06-01,86.0,86.0,23.08,6.43,1.19,5.65,53.32,8.95,85.09,63.72,7.81
D005,Aruna Motors 05,Central,Taravan,2025-07-01,114.0,124.0,24.66,5.46,2.37,0.0,50.71,15.03,84.38,75.49,7.14
D005,Aruna Motors 05,Central,Taravan,2025-08-01,142.0,125.0,22.17,8.24,3.41,3.21,42.83,10.68,92.03,78.43,2.8
D005,Aruna Motors 05,Central,Taravan,2025-09-01,107.0,121.0,22.74,7.25,6.91,0.0,80.94,16.55,86.16,81.98,6.86
D005,Aruna Motors 05,Central,Taravan,2025-10-01,79.0,92.0,24.67,6.44,4.9,5.89,77.67,16.28,81.73,71.28,5.94
D005,Aruna Motors 05,Central,Taravan,2025-11-01,122.0,128.0,20.63,5.04,10.04,11.0,65.37,20.11,80.19,76.07,6.13
D005,Aruna Motors 05,Central,Taravan,2025-12-01,153.0,144.0,18.65,7.14,9.58,16.83,53.31,15.02,86.54,74.93,6.94
D005,Aruna Motors 05,Central,Taravan,2026-01-01,124.0,165.0,20.92,5.15,5.83,20.97,69.66,21.7,81.98,73.78,5.39
D005,Aruna Motors 05,Central,Taravan,2026-02-01,83.0,104.0,23.95,4.52,13.06,15.89,80.04,14.23,86.36,68.13,7.44
D005,Aruna Motors 05,Central,Taravan,2026-03-01,85.0,87.0,21.78,4.6,13.46,18.37,69.81,27.56,78.56,75.03,9.61
D005,Aruna Motors 05,Central,Taravan,2026-04-01,130.0,138.0,19.54,2.87,16.91,23.3,89.31,22.05,79.62,72.16,9.31
D005,Aruna Motors 05,Central,Taravan,2026-05-01,160.0,174.0,20.32,2.19,16.65,19.51,70.83,16.78,77.28,68.58,8.07
D005,Aruna Motors 05,Central,Taravan,2026-06-01,90.0,96.0,20.82,5.53,20.23,11.93,74.75,18.56,81.85,71.49,7.58
D005,Aruna Motors 05,Central,Taravan,2026-07-01,108.0,95.0,20.79,4.52,18.51,15.01,85.22,18.44,80.94,72.13,8.95
D005,Aruna Motors 05,Central,Taravan,2026-08-01,106.0,128.0,21.43,5.37,13.73,8.48,54.29,17.82,84.11,80.03,4.83
D005,Aruna Motors 05,Central,Taravan,2026-09-01,93.0,93.0,20.85,3.48,18.59,15.31,70.0,24.22,79.4,71.62,7.73
D006,Tara Motors 06,North,Aarav Nagar,2024-10-01,67.0,96.0,15.66,3.07,4.2,5.88,83.28,29.49,72.86,55.03,12.92
D006,Tara Motors 06,North,Aarav Nagar,2024-11-01,119.0,156.0,12.94,3.68,10.2,18.08,78.36,20.29,69.89,49.79,15.2
D006,Tara Motors 06,North,Aarav Nagar,2024-12-01,97.0,121.0,14.9,4.54,8.27,6.85,93.71,21.6,67.37,60.71,12.24
D006,Tara Motors 06,North,Aarav Nagar,2025-01-01,137.0,137.0,14.22,4.96,3.1,2.71,76.59,28.78,74.56,63.55,11.12
D006,Tara Motors 06,North,Aarav Nagar,2025-02-01,89.0,117.0,16.67,3.19,6.91,6.94,83.1,22.98,73.2,53.39,10.25
D006,Tara Motors 06,North,Aarav Nagar,2025-03-01,85.0,107.0,13.92,1.91,11.14,15.64,84.24,23.78,70.82,52.3,12.07
D006,Tara Motors 06,North,Aarav Nagar,2025-04-01,137.0,155.0,16.7,2.13,6.83,14.7,84.51,27.3,69.76,62.88,12.12
D006,Tara Motors 06,North,Aarav Nagar,2025-05-01,126.0,155.0,12.26,0.21,15.04,11.53,81.75,23.89,70.02,53.11,10.98
D006,Tara Motors 06,North,Aarav Nagar,2025-06-01,116.0,141.0,17.86,0.78,13.21,16.27,102.3,32.49,68.46,55.7,13.86
D006,Tara Motors 06,North,Aarav Nagar,2025-07-01,93.0,114.0,16.99,2.12,13.63,15.51,88.63,22.54,77.44,72.47,7.9
D006,Tara Motors 06,North,Aarav Nagar,2025-08-01,141.0,156.0,18.51,2.95,15.77,18.37,68.87,31.25,76.51,64.55,8.92
D006,Tara Motors 06,North,Aarav Nagar,2025-09-01,115.0,140.0,16.74,0.12,16.02,17.57,93.52,26.67,68.06,58.64,8.31
D006,Tara Motors 06,North,Aarav Nagar,2025-10-01,135.0,143.0,16.25,2.93,8.88,15.8,94.63,25.38,75.04,60.3,8.07
D006,Tara Motors 06,North,Aarav Nagar,2025-11-01,107.0,125.0,21.02,3.33,7.36,16.94,97.63,27.07,73.46,61.33,10.69
D006,Tara Motors 06,North,Aarav Nagar,2025-12-01,117.0,137.0,17.0,4.27,2.47,13.19,91.32,23.78,73.1,58.98,8.54
D006,Tara Motors 06,North,Aarav Nagar,2026-01-01,131.0,177.0,15.58,3.16,8.33,18.1,88.4,28.47,70.38,49.73,10.05
D006,Tara Motors 06,North,Aarav Nagar,2026-02-01,115.0,115.0,11.5,4.58,3.02,16.0,82.33,23.98,66.25,58.51,14.48
D006,Tara Motors 06,North,Aarav Nagar,2026-03-01,124.0,155.0,13.93,1.53,10.08,18.82,86.55,20.12,73.8,55.47,10.75
D006,Tara Motors 06,North,Aarav Nagar,2026-04-01,72.0,90.0,20.4,6.09,6.78,19.42,73.71,19.15,76.31,61.27,10.33
D006,Tara Motors 06,North,Aarav Nagar,2026-05-01,65.0,83.0,17.5,2.98,6.7,7.83,78.22,23.35,73.32,65.04,11.87
D006,Tara Motors 06,North,Aarav Nagar,2026-06-01,134.0,166.0,12.92,3.65,7.5,6.35,87.82,24.07,69.56,59.53,13.36
D006,Tara Motors 06,North,Aarav Nagar,2026-07-01,70.0,78.0,15.72,2.05,12.42,6.06,74.62,19.03,78.44,59.69,10.6
D006,Tara Motors 06,North,Aarav Nagar,2026-08-01,51.0,74.0,17.86,0.67,20.56,12.06,88.78,31.92,68.89,62.21,13.23
D006,Tara Motors 06,North,Aarav Nagar,2026-09-01,136.0,153.0,18.27,3.05,9.58,9.75,92.79,30.42,69.83,59.49,11.39
D007,Veda Motors 07,South,Neelapur,2024-10-01,177.0,176.0,23.57,3.44,15.64,6.07,71.0,10.47,88.72,74.98,5.99
D007,Veda Motors 07,South,Neelapur,2024-11-01,95.0,88.0,24.45,6.46,10.19,0.0,65.18,16.65,91.99,77.95,1.45
D007,Veda Motors 07,South,Neelapur,2024-12-01,158.0,143.0,25.92,7.26,10.33,9.43,60.12,17.0,90.23,73.93,5.43
D007,Veda Motors 07,South,Neelapur,2025-01-01,165.0,161.0,26.89,5.0,10.32,12.08,62.12,17.43,85.08,72.56,1.95
D007,Veda Motors 07,South,Neelapur,2025-02-01,172.0,177.0,23.64,6.3,11.25,9.12,65.81,10.71,87.69,80.28,6.15
D007,Veda Motors 07,South,Neelapur,2025-03-01,113.0,104.0,23.26,5.72,10.85,4.85,67.76,19.54,83.48,72.58,8.33
D007,Veda Motors 07,South,Neelapur,2025-04-01,150.0,175.0,23.82,8.23,13.11,1.0,51.33,17.31,90.97,72.42,6.32
D007,Veda Motors 07,South,Neelapur,2025-05-01,168.0,174.0,17.24,5.97,12.52,0.11,65.11,12.96,76.59,68.67,6.77
D007,Veda Motors 07,South,Neelapur,2025-06-01,78.0,85.0,23.14,6.01,9.82,3.01,74.94,12.39,84.3,71.75,6.47
D007,Veda Motors 07,South,Neelapur,2025-07-01,173.0,160.0,17.9,8.37,0.0,7.99,54.35,16.26,88.26,71.49,3.51
D007,Veda Motors 07,South,Neelapur,2025-08-01,144.0,149.0,23.39,7.86,6.84,11.65,59.05,2.09,89.49,75.75,6.49
D007,Veda Motors 07,South,Neelapur,2025-09-01,111.0,126.0,19.92,5.53,4.04,10.18,67.8,10.51,78.17,70.27,4.27
D007,Veda Motors 07,South,Neelapur,2025-10-01,115.0,115.0,22.59,5.45,4.23,4.2,64.62,9.3,88.94,68.84,5.93
D007,Veda Motors 07,South,Neelapur,2025-11-01,120.0,122.0,21.85,6.4,8.18,2.31,64.51,13.0,85.35,77.36,5.84
D007,Veda Motors 07,South,Neelapur,2025-12-01,111.0,103.0,18.93,7.41,11.72,13.05,65.5,13.65,85.66,75.17,5.53
D007,Veda Motors 07,South,Neelapur,2026-01-01,104.0,111.0,20.44,5.71,7.78,11.35,67.77,14.61,89.03,73.9,6.99
D007,Veda Motors 07,South,Neelapur,2026-02-01,178.0,178.0,22.22,8.16,7.17,6.47,47.1,15.98,88.6,72.5,7.07
D007,Veda Motors 07,South,Neelapur,2026-03-01,194.0,177.0,23.98,10.32,4.5,14.02,54.59,6.98,91.44,79.86,4.98
D007,Veda Motors 07,South,Neelapur,2026-04-01,131.0,149.0,23.17,5.07,5.47,9.63,58.08,18.01,84.64,76.17,5.81
D007,Veda Motors 07,South,Neelapur,2026-05-01,182.0,164.0,21.3,7.89,9.26,5.94,64.54,19.56,86.11,70.84,3.99
D007,Veda Motors 07,South,Neelapur,2026-06-01,130.0,117.0,21.6,8.76,15.9,7.07,60.45,13.61,88.3,70.82,4.02
D007,Veda Motors 07,South,Neelapur,2026-07-01,108.0,107.0,22.39,7.22,4.3,14.8,70.95,13.21,86.95,71.81,6.2
D007,Veda Motors 07,South,Neelapur,2026-08-01,148.0,160.0,18.62,8.3,2.16,7.72,44.95,8.81,85.79,73.16,5.3
D007,Veda Motors 07,South,Neelapur,2026-09-01,75.0,73.0,22.42,7.66,5.98,10.08,58.95,13.33,88.91,79.77,5.58
D008,Uday Motors 08,East,Suryabad,2024-10-01,67.0,73.0,22.78,4.64,10.35,20.1,81.85,13.38,82.26,72.56,7.58
D008,Uday Motors 08,East,Suryabad,2024-11-01,88.0,80.0,23.9,5.97,12.94,18.05,62.63,16.61,92.12,79.08,3.43
D008,Uday Motors 08,East,Suryabad,2024-12-01,154.0,154.0,24.67,7.1,11.89,16.45,80.66,12.3,90.35,74.37,4.56
D008,Uday Motors 08,East,Suryabad,2025-01-01,124.0,108.0,23.89,5.55,20.42,16.53,64.91,10.96,87.75,74.36,6.3
D008,Uday Motors 08,East,Suryabad,2025-02-01,74.0,77.0,21.08,5.98,13.51,14.46,66.66,11.46,90.32,73.24,4.74
D008,Uday Motors 08,East,Suryabad,2025-03-01,150.0,142.0,24.92,7.64,8.35,17.84,62.24,14.27,84.28,70.1,5.67
D008,Uday Motors 08,East,Suryabad,2025-04-01,126.0,122.0,23.26,4.38,19.63,16.72,71.06,9.7,83.14,66.6,6.42
D008,Uday Motors 08,East,Suryabad,2025-05-01,158.0,147.0,25.02,5.07,8.38,24.73,62.91,14.76,83.33,76.25,5.3
D008,Uday Motors 08,East,Suryabad,2025-06-01,186.0,179.0,24.65,7.8,8.28,15.23,57.46,14.84,90.5,74.94,6.56
D008,Uday Motors 08,East,Suryabad,2025-07-01,155.0,154.0,25.11,6.77,10.61,22.29,52.05,5.76,91.95,77.34,4.28
D008,Uday Motors 08,East,Suryabad,2025-08-01,85.0,80.0,27.01,6.97,9.8,17.44,54.39,8.63,91.96,71.18,4.4
D008,Uday Motors 08,East,Suryabad,2025-09-01,133.0,131.0,26.14,6.46,3.7,8.71,66.74,14.05,87.25,70.9,4.08
D008,Uday Motors 08,East,Suryabad,2025-10-01,113.0,104.0,18.89,7.62,6.24,4.24,63.59,14.09,92.32,79.39,1.64
D008,Uday Motors 08,East,Suryabad,2025-11-01,160.0,153.0,24.23,6.84,9.04,6.06,49.35,12.63,88.48,70.54,6.9
D008,Uday Motors 08,East,Suryabad,2025-12-01,130.0,106.0,23.89,5.33,12.92,0.0,56.21,15.38,92.33,82.02,4.77
D008,Uday Motors 08,East,Suryabad,2026-01-01,86.0,92.0,25.59,7.09,16.43,10.93,56.77,17.9,93.75,89.82,3.32
D008,Uday Motors 08,East,Suryabad,2026-02-01,103.0,129.0,22.16,6.16,9.9,9.1,79.83,14.86,91.8,76.82,6.91
D008,Uday Motors 08,East,Suryabad,2026-03-01,177.0,163.0,24.85,5.34,14.29,11.57,80.16,13.1,91.17,83.26,6.58
D008,Uday Motors 08,East,Suryabad,2026-04-01,183.0,158.0,24.09,8.37,4.96,12.45,46.37,12.91,89.14,75.42,5.27
D008,Uday Motors 08,East,Suryabad,2026-05-01,199.0,165.0,30.51,8.4,2.25,15.5,45.53,10.22,93.27,85.28,1.29
D008,Uday Motors 08,East,Suryabad,2026-06-01,102.0,94.0,26.2,6.47,2.6,15.81,54.58,11.09,96.62,88.32,5.98
D008,Uday Motors 08,East,Suryabad,2026-07-01,189.0,157.0,25.32,7.72,7.12,15.11,56.81,17.29,83.39,73.29,6.0
D008,Uday Motors 08,East,Suryabad,2026-08-01,84.0,81.0,26.02,8.36,6.18,0.0,57.42,2.36,91.67,85.06,2.61
D008,Uday Motors 08,East,Suryabad,2026-09-01,75.0,77.0,17.59,6.92,3.47,9.83,69.24,11.84,81.67,70.57,6.52
D009,Nila Motors 09,West,Kiranpur,2024-10-01,161.0,157.0,19.76,2.31,15.81,13.15,69.64,9.32,83.5,68.67,9.18
D009,Nila Motors 09,West,Kiranpur,2024-11-01,137.0,138.0,16.3,2.94,13.72,19.27,63.28,14.92,77.51,70.11,8.9
D009,Nila Motors 09,West,Kiranpur,2024-12-01,162.0,171.0,23.92,2.41,16.72,28.21,67.16,20.23,82.17,65.7,6.23
D009,Nila Motors 09,West,Kiranpur,2025-01-01,166.0,173.0,21.66,2.63,17.07,22.55,82.13,30.53,82.21,68.25,8.68
D009,Nila Motors 09,West,Kiranpur,2025-02-01,123.0,135.0,20.45,4.65,15.93,16.97,66.64,10.71,78.95,66.74,5.01
D009,Nila Motors 09,West,Kiranpur,2025-03-01,152.0,173.0,19.04,6.27,12.31,11.22,73.71,16.74,80.95,70.05,8.85
D009,Nila Motors 09,West,Kiranpur,2025-04-01,133.0,137.0,18.32,6.29,7.87,1.64,78.87,19.98,80.05,65.93,8.9
D009,Nila Motors 09,West,Kiranpur,2025-05-01,146.0,140.0,19.9,5.4,10.49,7.39,79.92,26.78,84.41,63.1,6.13
D009,Nila Motors 09,West,Kiranpur,2025-06-01,101.0,98.0,24.27,5.65,17.67,11.9,72.62,20.99,84.82,70.66,9.12
D009,Nila Motors 09,West,Kiranpur,2025-07-01,110.0,121.0,20.46,5.28,15.72,14.44,61.46,18.95,88.53,69.04,4.89
D009,Nila Motors 09,West,Kiranpur,2025-08-01,150.0,136.0,21.66,5.82,15.91,14.69,69.77,17.3,86.89,79.31,4.58
D009,Nila Motors 09,West,Kiranpur,2025-09-01,109.0,118.0,18.71,2.17,17.45,19.38,83.96,21.94,77.62,72.24,6.86
D009,Nila Motors 09,West,Kiranpur,2025-10-01,136.0,171.0,21.6,4.64,4.82,15.81,78.04,23.48,88.37,72.22,7.37
D009,Nila Motors 09,West,Kiranpur,2025-11-01,147.0,160.0,22.37,4.99,8.32,21.28,73.64,26.61,87.91,79.26,6.73
D009,Nila Motors 09,West,Kiranpur,2025-12-01,100.0,96.0,22.78,2.76,16.78,14.86,75.61,21.64,83.84,72.97,8.01
D009,Nila Motors 09,West,Kiranpur,2026-01-01,112.0,121.0,26.4,5.13,15.69,18.1,56.48,13.97,89.91,74.77,3.5
D009,Nila Motors 09,West,Kiranpur,2026-02-01,145.0,145.0,23.93,4.18,8.81,22.95,67.91,20.36,81.26,65.79,7.99
D009,Nila Motors 09,West,Kiranpur,2026-03-01,98.0,113.0,19.29,5.43,8.59,9.12,89.36,17.0,79.07,73.49,8.74
D009,Nila Motors 09,West,Kiranpur,2026-04-01,94.0,109.0,19.29,4.73,7.62,17.38,75.14,19.5,84.67,72.33,7.88
D009,Nila Motors 09,West,Kiranpur,2026-05-01,94.0,96.0,19.66,3.45,8.86,12.78,86.65,18.81,87.02,66.5,8.47
D009,Nila Motors 09,West,Kiranpur,2026-06-01,70.0,73.0,23.4,6.19,9.82,1.79,53.37,12.29,90.02,72.65,4.32
D009,Nila Motors 09,West,Kiranpur,2026-07-01,154.0,164.0,18.86,5.87,6.52,2.35,65.95,19.76,86.07,66.28,8.89
D009,Nila Motors 09,West,Kiranpur,2026-08-01,64.0,80.0,20.71,7.01,7.13,13.22,79.73,14.67,77.58,69.04,5.42
D009,Nila Motors 09,West,Kiranpur,2026-09-01,111.0,133.0,17.74,4.76,9.43,3.24,85.33,22.67,83.52,69.05,8.65
D010,Aruna Motors 10,Central,Taravan,2024-10-01,91.0,79.0,20.98,9.28,6.0,7.83,47.61,9.9,94.4,79.5,2.75
D010,Aruna Motors 10,Central,Taravan,2024-11-01,169.0,144.0,23.47,8.77,10.13,7.65,37.52,9.22,90.94,80.18,2.39
D010,Aruna Motors 10,Central,Taravan,2024-12-01,117.0,120.0,28.77,6.91,9.33,2.1,51.98,6.83,91.39,90.76,6.07
D010,Aruna Motors 10,Central,Taravan,2025-01-01,138.0,151.0,26.41,7.95,13.17,1.66,55.06,11.57,92.62,80.36,4.09
D010,Aruna Motors 10,Central,Taravan,2025-02-01,106.0,98.0,23.98,7.22,12.36,10.96,56.46,7.09,86.84,79.96,4.65
D010,Aruna Motors 10,Central,Taravan,2025-03-01,132.0,117.0,26.13,9.33,7.47,17.19,52.42,9.04,89.49,89.83,5.35
D010,Aruna Motors 10,Central,Taravan,2025-04-01,156.0,153.0,25.91,9.29,7.65,7.15,54.75,9.69,91.18,77.7,3.61
D010,Aruna Motors 10,Central,Taravan,2025-05-01,105.0,96.0,29.79,10.23,7.37,1.98,42.48,7.79,94.32,85.03,3.76
D010,Aruna Motors 10,Central,Taravan,2025-06-01,118.0,94.0,22.92,10.26,0.0,0.0,40.3,4.07,93.46,82.05,2.93
D010,Aruna Motors 10,Central,Taravan,2025-07-01,82.0,73.0,26.5,8.21,2.9,4.32,55.81,3.31,91.2,79.32,7.12
D010,Aruna Motors 10,Central,Taravan,2025-08-01,184.0,150.0,29.94,10.0,3.48,14.84,39.14,5.22,97.69,91.79,2.11
D010,Aruna Motors 10,Central,Taravan,2025-09-01,90.0,79.0,23.99,8.06,2.72,12.68,45.89,11.14,95.03,80.31,6.13
D010,Aruna Motors 10,Central,Taravan,2025-10-01,175.0,155.0,27.69,9.54,1.92,4.29,32.34,7.67,93.62,97.96,1.0
D010,Aruna Motors 10,Central,Taravan,2025-11-01,187.0,179.0,24.96,6.21,3.73,12.52,48.34,3.21,89.7,68.56,3.11
D010,Aruna Motors 10,Central,Taravan,2025-12-01,172.0,151.0,26.31,10.14,4.15,10.41,54.71,10.61,91.59,78.19,3.86
D010,Aruna Motors 10,Central,Taravan,2026-01-01,116.0,116.0,23.09,7.3,8.08,7.36,55.04,6.17,92.89,76.66,2.54
D010,Aruna Motors 10,Central,Taravan,2026-02-01,118.0,97.0,27.0,8.75,5.47,3.1,41.12,12.96,95.09,75.7,3.31
D010,Aruna Motors 10,Central,Taravan,2026-03-01,90.0,84.0,29.82,8.73,7.14,13.19,33.7,2.75,94.97,90.59,3.2
D010,Aruna Motors 10,Central,Taravan,2026-04-01,98.0,84.0,28.29,10.68,1.35,6.81,26.24,0.0,97.48,80.71,2.4
D010,Aruna Motors 10,Central,Taravan,2026-05-01,104.0,93.0,27.55,9.86,10.53,5.84,47.23,8.11,100.0,81.9,3.27
D010,Aruna Motors 10,Central,Taravan,2026-06-01,92.0,82.0,25.37,10.07,7.85,0.0,39.17,6.87,92.69,77.59,4.16
D010,Aruna Motors 10,Central,Taravan,2026-07-01,157.0,132.0,23.27,9.06,5.13,0.0,57.81,8.87,88.85,77.74,4.27
D010,Aruna Motors 10,Central,Taravan,2026-08-01,111.0,92.0,24.98,9.51,0.11,12.92,46.78,8.57,96.96,81.95,6.02
D010,Aruna Motors 10,Central,Taravan,2026-09-01,217.0,167.0,25.46,7.88,3.36,9.62,68.1,11.06,93.13,88.45,4.19
D011,Tara Motors 11,North,Aarav Nagar,2024-10-01,162.0,155.0,26.48,3.23,15.03,26.04,73.72,23.09,83.91,70.37,8.2
D011,Tara Motors 11,North,Aarav Nagar,2024-11-01,113.0,99.0,23.73,5.07,10.64,13.63,64.62,17.78,83.65,72.16,6.16
D011,Tara Motors 11,North,Aarav Nagar,2024-12-01,161.0,148.0,23.24,5.52,11.4,7.15,60.46,15.75,90.3,73.55,4.91
D011,Tara Motors 11,North,Aarav Nagar,2025-01-01,145.0,141.0,22.77,6.11,15.82,7.87,76.75,12.98,82.82,72.5,5.96
D011,Tara Motors 11,North,Aarav Nagar,2025-02-01,121.0,129.0,23.19,5.48,17.79,7.26,72.04,16.19,83.92,71.81,7.95
D011,Tara Motors 11,North,Aarav Nagar,2025-03-01,88.0,80.0,22.12,8.62,11.78,11.76,47.26,9.89,86.83,75.78,5.59
D011,Tara Motors 11,North,Aarav Nagar,2025-04-01,155.0,163.0,23.23,6.01,3.26,10.51,65.05,17.64,89.31,70.22,8.02
D011,Tara Motors 11,North,Aarav Nagar,2025-05-01,82.0,76.0,20.0,7.7,11.52,5.02,60.4,14.25,87.14,76.1,6.83
D011,Tara Motors 11,North,Aarav Nagar,2025-06-01,150.0,159.0,22.93,6.98,15.66,8.74,71.96,16.45,89.13,71.81,5.86
D011,Tara Motors 11,North,Aarav Nagar,2025-07-01,123.0,124.0,22.64,6.75,8.93,10.59,71.82,15.44,85.93,68.86,7.53
D011,Tara Motors 11,North,Aarav Nagar,2025-08-01,94.0,95.0,21.07,8.79,9.94,9.17,63.68,19.87,87.89,88.55,5.12
D011,Tara Motors 11,North,Aarav Nagar,2025-09-01,82.0,76.0,22.52,9.3,6.8,9.72,62.83,8.8,88.67,74.6,4.97
D011,Tara Motors 11,North,Aarav Nagar,2025-10-01,101.0,110.0,21.22,5.67,13.05,9.8,75.33,14.6,85.84,68.41,6.0
D011,Tara Motors 11,North,Aarav Nagar,2025-11-01,82.0,80.0,23.09,5.98,11.15,15.16,54.24,19.57,84.99,73.98,7.65
D011,Tara Motors 11,North,Aarav Nagar,2025-12-01,102.0,100.0,18.3,5.87,3.92,7.82,63.4,9.37,80.02,67.97,7.28
D011,Tara Motors 11,North,Aarav Nagar,2026-01-01,113.0,132.0,20.36,7.68,5.09,12.8,62.77,19.98,82.88,75.07,7.99
D011,Tara Motors 11,North,Aarav Nagar,2026-02-01,77.0,81.0,22.01,6.65,9.6,12.3,56.38,18.38,87.31,68.0,8.3
D011,Tara Motors 11,North,Aarav Nagar,2026-03-01,87.0,80.0,22.16,5.78,9.65,17.82,49.46,6.44,92.21,83.77,1.68
D011,Tara Motors 11,North,Aarav Nagar,2026-04-01,78.0,82.0,22.87,6.34,13.79,10.23,75.87,12.04,88.98,69.53,6.99
D011,Tara Motors 11,North,Aarav Nagar,2026-05-01,163.0,172.0,20.06,6.41,12.37,13.11,74.83,15.24,83.21,79.01,5.32
D011,Tara Motors 11,North,Aarav Nagar,2026-06-01,89.0,90.0,23.09,5.15,10.91,20.23,76.5,12.3,88.82,64.41,5.73
D011,Tara Motors 11,North,Aarav Nagar,2026-07-01,104.0,108.0,21.61,6.13,2.38,20.52,55.94,18.43,79.65,70.3,5.86
D011,Tara Motors 11,North,Aarav Nagar,2026-08-01,165.0,164.0,26.82,5.92,12.32,12.62,53.34,7.04,90.52,80.89,3.62
D011,Tara Motors 11,North,Aarav Nagar,2026-09-01,110.0,104.0,23.04,6.69,8.14,13.64,65.12,20.94,90.99,79.97,10.21
D012,Veda Motors 12,South,Neelapur,2024-10-01,132.0,127.0,24.48,6.9,15.23,6.3,60.32,11.15,93.48,81.52,2.39
D012,Veda Motors 12,South,Neelapur,2024-11-01,136.0,118.0,25.74,7.08,11.96,12.83,52.34,10.99,91.89,80.46,1.26
D012,Veda Motors 12,South,Neelapur,2024-12-01,143.0,129.0,22.89,5.14,9.81,10.65,63.42,18.47,93.96,74.46,3.83
D012,Veda Motors 12,South,Neelapur,2025-01-01,77.0,75.0,26.08,7.78,12.63,13.08,47.32,8.72,85.15,79.89,2.73
D012,Veda Motors 12,South,Neelapur,2025-02-01,144.0,135.0,22.34,7.28,5.96,11.48,59.44,11.24,90.96,78.89,4.43
D012,Veda Motors 12,South,Neelapur,2025-03-01,139.0,135.0,22.26,8.26,5.76,6.39,51.02,10.57,89.42,78.08,8.16
D012,Veda Motors 12,South,Neelapur,2025-04-01,153.0,150.0,21.58,7.7,3.05,8.3,40.74,6.67,87.79,81.82,5.36
D012,Veda Motors 12,South,Neelapur,2025-05-01,154.0,152.0,25.15,9.11,3.56,0.0,63.52,3.94,86.6,81.59,7.2
D012,Veda Motors 12,South,Neelapur,2025-06-01,143.0,128.0,25.57,8.06,5.52,0.0,49.42,10.9,94.27,88.03,3.28
D012,Veda Motors 12,South,Neelapur,2025-07-01,179.0,137.0,26.19,8.58,8.75,0.0,67.86,12.43,87.51,86.83,3.38
D012,Veda Motors 12,South,Neelapur,2025-08-01,85.0,77.0,25.18,11.22,10.33,4.17,49.78,7.63,91.77,86.33,3.17
D012,Veda Motors 12,South,Neelapur,2025-09-01,138.0,129.0,21.86,9.05,12.09,2.22,59.2,15.22,89.02,81.21,2.79
D012,Veda Motors 12,South,Neelapur,2025-10-01,116.0,119.0,22.52,8.53,13.65,4.93,64.49,2.04,96.31,84.61,1.69
D012,Veda Motors 12,South,Neelapur,2025-11-01,91.0,94.0,26.4,5.3,8.41,9.52,64.45,10.69,90.36,84.19,5.54
D012,Veda Motors 12,South,Neelapur,2025-12-01,153.0,132.0,27.59,7.85,6.08,14.75,40.99,6.72,96.64,91.43,2.37
D012,Veda Motors 12,South,Neelapur,2026-01-01,190.0,162.0,26.5,8.9,12.6,11.62,41.35,9.59,100.0,83.98,3.42
D012,Veda Motors 12,South,Neelapur,2026-02-01,128.0,121.0,28.51,8.72,6.82,12.15,53.92,8.04,94.03,85.91,2.13
D012,Veda Motors 12,South,Neelapur,2026-03-01,80.0,79.0,28.79,8.85,2.68,1.48,39.36,8.24,97.4,80.95,5.69
D012,Veda Motors 12,South,Neelapur,2026-04-01,134.0,125.0,27.81,7.66,7.64,0.0,53.5,7.71,94.72,81.61,2.44
D012,Veda Motors 12,South,Neelapur,2026-05-01,164.0,138.0,26.33,7.55,11.4,0.0,32.44,10.25,95.91,85.74,2.75
D012,Veda Motors 12,South,Neelapur,2026-06-01,144.0,143.0,26.06,10.34,11.1,5.92,54.49,2.59,95.55,86.79,4.27
D012,Veda Motors 12,South,Neelapur,2026-07-01,163.0,153.0,22.89,9.32,6.88,5.32,52.51,1.74,96.53,92.24,3.09
D012,Veda Motors 12,South,Neelapur,2026-08-01,178.0,162.0,23.92,7.87,6.47,15.82,62.9,16.07,93.81,79.88,7.58
D012,Veda Motors 12,South,Neelapur,2026-09-01,162.0,137.0,26.95,11.09,1.15,1.95,64.3,9.17,93.96,73.65,6.41
D013,Uday Motors 13,East,Suryabad,2024-10-01,67.0,74.0,14.72,2.87,20.64,12.62,78.7,25.57,78.73,66.67,8.13
D013,Uday Motors 13,East,Suryabad,2024-11-01,124.0,117.0,18.36,0.63,21.89,16.35,90.88,27.91,82.8,62.38,9.0
D013,Uday Motors 13,East,Suryabad,2024-12-01,140.0,149.0,16.56,1.6,19.71,15.45,78.87,19.22,80.2,61.3,10.6
D013,Uday Motors 13,East,Suryabad,2025-01-01,164.0,160.0,19.46,3.2,18.84,17.59,87.29,24.65,79.76,74.18,7.33
D013,Uday Motors 13,East,Suryabad,2025-02-01,127.0,133.0,19.15,1.29,15.81,19.99,70.93,15.09,81.87,69.71,9.08
D013,Uday Motors 13,East,Suryabad,2025-03-01,102.0,92.0,18.17,5.34,9.26,10.06,73.95,16.09,84.56,70.07,7.04
D013,Uday Motors 13,East,Suryabad,2025-04-01,133.0,121.0,20.74,4.37,11.65,5.94,65.6,16.74,82.65,61.31,8.32
D013,Uday Motors 13,East,Suryabad,2025-05-01,144.0,157.0,17.47,4.13,7.44,2.33,79.46,18.3,80.5,69.62,8.25
D013,Uday Motors 13,East,Suryabad,2025-06-01,66.0,71.0,17.54,3.59,13.12,10.38,80.24,21.8,81.59,67.07,9.62
D013,Uday Motors 13,East,Suryabad,2025-07-01,107.0,100.0,21.23,5.24,13.1,11.5,74.45,15.46,85.91,82.05,6.78
D013,Uday Motors 13,East,Suryabad,2025-08-01,114.0,130.0,18.63,2.93,8.88,9.76,61.74,22.01,90.03,66.5,5.72
D013,Uday Motors 13,East,Suryabad,2025-09-01,140.0,149.0,19.46,5.36,11.81,16.74,68.45,15.06,83.12,65.47,7.97
D013,Uday Motors 13,East,Suryabad,2025-10-01,114.0,125.0,16.89,5.36,12.01,18.21,85.67,25.76,79.2,60.42,8.1
D013,Uday Motors 13,East,Suryabad,2025-11-01,87.0,100.0,18.25,5.45,10.13,20.86,58.05,19.89,76.95,65.28,9.89
D013,Uday Motors 13,East,Suryabad,2025-12-01,105.0,92.0,21.02,6.17,12.4,13.61,61.56,17.24,81.62,72.76,3.94
D013,Uday Motors 13,East,Suryabad,2026-01-01,61.0,70.0,16.53,4.12,10.84,12.68,87.28,10.51,76.3,65.09,9.22
D013,Uday Motors 13,East,Suryabad,2026-02-01,141.0,153.0,22.34,4.22,10.24,10.88,74.75,24.71,81.57,72.84,9.73
D013,Uday Motors 13,East,Suryabad,2026-03-01,133.0,147.0,21.11,5.06,10.77,9.67,66.07,15.31,87.72,66.84,7.2
D013,Uday Motors 13,East,Suryabad,2026-04-01,76.0,80.0,21.12,4.15,10.09,13.42,70.96,23.86,85.32,62.88,6.69
D013,Uday Motors 13,East,Suryabad,2026-05-01,91.0,85.0,21.78,4.52,10.36,8.85,64.35,7.01,84.91,76.34,4.89
D013,Uday Motors 13,East,Suryabad,2026-06-01,163.0,152.0,16.6,4.37,10.21,13.11,85.35,18.98,84.13,69.05,6.35
D013,Uday Motors 13,East,Suryabad,2026-07-01,139.0,148.0,16.56,5.96,3.16,4.66,76.74,16.47,84.44,67.51,10.65
D013,Uday Motors 13,East,Suryabad,2026-08-01,155.0,176.0,16.99,4.01,3.6,1.95,57.53,15.12,81.43,59.0,7.01
D013,Uday Motors 13,East,Suryabad,2026-09-01,147.0,141.0,23.28,5.48,6.01,5.92,50.85,23.65,81.18,69.14,4.91
D014,Nila Motors 14,West,Kiranpur,2024-10-01,127.0,157.0,14.54,0.88,19.23,2.09,96.18,27.02,71.5,62.18,11.0
D014,Nila Motors 14,West,Kiranpur,2024-11-01,66.0,86.0,16.21,0.14,20.9,4.06,90.78,30.37,79.43,64.61,11.39
D014,Nila Motors 14,West,Kiranpur,2024-12-01,130.0,154.0,15.47,1.93,21.6,19.34,88.8,31.62,71.27,62.24,9.96
D014,Nila Motors 14,West,Kiranpur,2025-01-01,111.0,140.0,15.55,-2.77,19.49,22.25,105.83,28.2,71.68,63.97,13.25
D014,Nila Motors 14,West,Kiranpur,2025-02-01,92.0,116.0,15.12,0.04,16.48,21.62,77.96,28.06,78.01,69.42,8.97
D014,Nila Motors 14,West,Kiranpur,2025-03-01,145.0,158.0,18.46,1.01,18.42,21.04,88.25,21.93,74.33,59.43,8.51
D014,Nila Motors 14,West,Kiranpur,2025-04-01,95.0,121.0,16.5,-0.37,22.25,18.08,86.13,31.83,76.37,59.77,8.17
D014,Nila Motors 14,West,Kiranpur,2025-05-01,134.0,129.0,19.71,-0.28,20.04,22.67,96.64,25.07,80.14,63.24,10.63
D014,Nila Motors 14,West,Kiranpur,2025-06-01,122.0,123.0,19.38,-0.72,22.92,25.61,94.15,30.03,73.66,56.97,8.47
D014,Nila Motors 14,West,Kiranpur,2025-07-01,102.0,127.0,15.56,-1.68,19.12,28.59,102.63,32.89,71.39,58.64,14.78
D014,Nila Motors 14,West,Kiranpur,2025-08-01,71.0,85.0,16.41,-0.58,15.3,24.8,90.46,26.82,74.26,60.24,10.61
D014,Nila Motors 14,West,Kiranpur,2025-09-01,106.0,126.0,18.87,2.1,19.71,24.86,92.35,27.53,77.95,64.75,11.19
D014,Nila Motors 14,West,Kiranpur,2025-10-01,106.0,140.0,15.45,1.34,8.91,23.27,90.46,26.69,73.88,64.63,9.34
D014,Nila Motors 14,West,Kiranpur,2025-11-01,79.0,100.0,14.34,4.17,13.19,16.53,89.32,23.59,77.0,58.35,10.11
D014,Nila Motors 14,West,Kiranpur,2025-12-01,112.0,141.0,12.6,1.4,12.24,19.15,78.57,28.98,74.13,57.39,11.92
D014,Nila Motors 14,West,Kiranpur,2026-01-01,82.0,81.0,16.58,4.37,3.96,12.85,93.19,28.6,77.51,65.0,10.76
D014,Nila Motors 14,West,Kiranpur,2026-02-01,88.0,96.0,17.56,1.72,10.5,10.23,84.53,28.75,71.38,60.42,12.28
D014,Nila Motors 14,West,Kiranpur,2026-03-01,90.0,109.0,14.42,3.05,12.4,12.24,91.74,25.51,72.62,58.29,12.66
D014,Nila Motors 14,West,Kiranpur,2026-04-01,139.0,123.0,17.35,2.53,16.88,15.27,71.1,24.53,82.49,61.16,7.69
D014,Nila Motors 14,West,Kiranpur,2026-05-01,86.0,112.0,14.58,1.03,16.59,18.9,101.74,31.02,76.37,54.44,8.91
D014,Nila Motors 14,West,Kiranpur,2026-06-01,91.0,117.0,15.19,3.0,14.13,16.21,92.83,25.95,77.56,59.68,8.35
D014,Nila Motors 14,West,Kiranpur,2026-07-01,67.0,101.0,14.22,3.39,13.85,18.25,78.56,35.46,74.62,60.94,11.62
D014,Nila Motors 14,West,Kiranpur,2026-08-01,153.0,169.0,17.14,1.7,16.17,27.6,81.4,26.23,70.15,51.69,11.35
D014,Nila Motors 14,West,Kiranpur,2026-09-01,135.0,136.0,18.16,3.36,9.04,23.19,94.35,28.7,72.93,58.61,11.78
D015,Aruna Motors 15,Central,Taravan,2024-10-01,187.0,159.0,22.9,8.06,11.87,22.19,87.46,8.56,87.02,78.88,5.8
D015,Aruna Motors 15,Central,Taravan,2024-11-01,187.0,156.0,27.7,7.27,12.26,20.1,60.66,10.93,94.49,84.04,3.15
D015,Aruna Motors 15,Central,Taravan,2024-12-01,129.0,129.0,24.93,7.61,8.36,10.25,60.44,8.37,94.97,77.98,3.95
D015,Aruna Motors 15,Central,Taravan,2025-01-01,170.0,150.0,20.79,9.95,8.57,3.24,51.0,10.43,93.54,76.69,6.06
D015,Aruna Motors 15,Central,Taravan,2025-02-01,81.0,73.0,22.3,7.07,0.4,0.0,61.97,18.65,88.45,73.41,7.09
D015,Aruna Motors 15,Central,Taravan,2025-03-01,115.0,101.0,18.19,9.45,2.03,0.0,53.38,17.09,86.22,73.58,5.3
D015,Aruna Motors 15,Central,Taravan,2025-04-01,150.0,130.0,24.32,9.62,2.18,0.0,48.06,15.54,89.44,76.57,6.48
D015,Aruna Motors 15,Central,Taravan,2025-05-01,119.0,118.0,23.12,10.79,3.55,1.04,39.05,12.1,87.26,74.97,6.36
D015,Aruna Motors 15,Central,Taravan,2025-06-01,134.0,140.0,29.61,8.19,3.33,4.75,43.41,10.18,86.09,75.19,6.85
D015,Aruna Motors 15,Central,Taravan,2025-07-01,107.0,89.0,21.87,10.2,7.55,0.0,59.0,6.09,90.61,76.64,4.82
D015,Aruna Motors 15,Central,Taravan,2025-08-01,143.0,145.0,22.13,9.5,0.0,6.23,37.44,11.23,89.89,75.47,3.79
D015,Aruna Motors 15,Central,Taravan,2025-09-01,109.0,111.0,25.41,8.96,0.66,0.0,69.59,10.36,90.2,75.85,4.27
D015,Aruna Motors 15,Central,Taravan,2025-10-01,162.0,171.0,22.05,5.54,3.13,4.72,57.62,21.92,86.08,61.42,5.21
D015,Aruna Motors 15,Central,Taravan,2025-11-01,119.0,100.0,24.04,8.89,2.2,0.0,62.71,9.05,87.78,79.08,2.94
D015,Aruna Motors 15,Central,Taravan,2025-12-01,182.0,179.0,23.48,9.49,4.8,8.05,45.71,3.36,89.19,81.84,2.93
D015,Aruna Motors 15,Central,Taravan,2026-01-01,136.0,122.0,21.59,7.11,7.69,7.77,48.95,19.21,86.83,77.9,4.82
D015,Aruna Motors 15,Central,Taravan,2026-02-01,137.0,129.0,26.09,8.93,8.38,13.19,47.27,8.79,85.54,79.44,5.68
D015,Aruna Motors 15,Central,Taravan,2026-03-01,113.0,115.0,18.37,7.64,7.2,2.73,79.41,17.31,84.19,75.98,4.58
D015,Aruna Motors 15,Central,Taravan,2026-04-01,85.0,92.0,22.47,5.96,8.2,0.0,63.13,19.15,86.56,70.97,5.86
D015,Aruna Motors 15,Central,Taravan,2026-05-01,115.0,97.0,20.5,6.24,6.15,6.83,67.21,16.3,85.41,77.2,5.7
D015,Aruna Motors 15,Central,Taravan,2026-06-01,202.0,160.0,23.33,7.87,6.19,7.46,69.8,14.14,89.41,82.18,4.63
D015,Aruna Motors 15,Central,Taravan,2026-07-01,90.0,87.0,22.8,6.77,10.33,10.7,63.79,11.54,92.74,71.24,6.42
D015,Aruna Motors 15,Central,Taravan,2026-08-01,88.0,93.0,23.8,4.09,11.02,7.46,47.67,16.16,86.65,70.1,7.21
D015,Aruna Motors 15,Central,Taravan,2026-09-01,99.0,89.0,23.29,3.64,10.53,7.29,74.9,16.47,85.16,78.06,5.46
D016,Tara Motors 16,North,Aarav Nagar,2024-10-01,135.0,139.0,16.66,5.95,6.65,8.06,75.08,22.63,76.59,65.2,9.1
D016,Tara Motors 16,North,Aarav Nagar,2024-11-01,126.0,138.0,21.61,2.66,10.41,14.67,82.79,17.62,79.69,60.02,10.41
D016,Tara Motors 16,North,Aarav Nagar,2024-12-01,92.0,92.0,20.5,2.29,14.53,4.38,73.35,14.81,86.21,67.23,6.54
D016,Tara Motors 16,North,Aarav Nagar,2025-01-01,155.0,162.0,20.42,4.28,10.26,17.92,83.37,18.18,82.42,66.85,9.04
D016,Tara Motors 16,North,Aarav Nagar,2025-02-01,140.0,147.0,18.95,7.13,8.83,14.98,77.46,22.56,81.94,63.42,4.88
D016,Tara Motors 16,North,Aarav Nagar,2025-03-01,75.0,78.0,18.64,5.77,8.98,11.84,82.09,22.57,83.86,58.33,8.45
D016,Tara Motors 16,North,Aarav Nagar,2025-04-01,119.0,118.0,21.9,3.85,13.7,14.32,84.29,27.04,84.92,69.47,7.71
D016,Tara Motors 16,North,Aarav Nagar,2025-05-01,75.0,88.0,22.36,3.12,10.83,15.18,76.43,27.7,80.69,65.72,7.26
D016,Tara Motors 16,North,Aarav Nagar,2025-06-01,113.0,111.0,19.07,6.79,6.64,6.52,72.52,22.01,85.9,69.66,8.14
D016,Tara Motors 16,North,Aarav Nagar,2025-07-01,116.0,152.0,16.24,4.75,6.3,0.0,65.83,6.05,75.67,62.58,8.46
D016,Tara Motors 16,North,Aarav Nagar,2025-08-01,101.0,105.0,19.42,7.28,2.47,6.75,66.29,13.11,81.55,75.35,7.75
D016,Tara Motors 16,North,Aarav Nagar,2025-09-01,104.0,125.0,18.52,5.2,3.23,6.67,61.93,17.07,81.13,62.47,12.89
D016,Tara Motors 16,North,Aarav Nagar,2025-10-01,154.0,174.0,15.1,5.07,10.7,12.32,72.69,18.59,86.75,70.94,8.95
D016,Tara Motors 16,North,Aarav Nagar,2025-11-01,147.0,165.0,16.45,4.44,5.55,19.06,72.7,15.07,73.69,62.93,8.72
D016,Tara Motors 16,North,Aarav Nagar,2025-12-01,87.0,92.0,21.25,6.59,8.05,16.09,78.52,16.74,85.73,68.14,4.81
D016,Tara Motors 16,North,Aarav Nagar,2026-01-01,138.0,144.0,18.67,4.03,11.67,17.03,78.53,16.95,84.56,63.95,7.51
D016,Tara Motors 16,North,Aarav Nagar,2026-02-01,165.0,167.0,15.76,4.18,11.27,13.37,67.34,18.29,88.07,70.46,5.4
D016,Tara Motors 16,North,Aarav Nagar,2026-03-01,70.0,78.0,23.93,2.39,9.53,12.22,75.43,16.31,84.08,70.91,8.25
D016,Tara Motors 16,North,Aarav Nagar,2026-04-01,74.0,83.0,19.13,5.1,6.9,11.9,69.64,13.53,82.48,66.8,9.69
D016,Tara Motors 16,North,Aarav Nagar,2026-05-01,146.0,167.0,18.73,1.46,12.59,11.31,87.86,36.08,77.86,68.61,11.92
D016,Tara Motors 16,North,Aarav Nagar,2026-06-01,170.0,161.0,19.9,1.6,10.83,17.77,81.5,19.01,83.63,64.39,6.32
D016,Tara Motors 16,North,Aarav Nagar,2026-07-01,82.0,81.0,17.2,4.34,12.0,14.33,65.75,15.5,80.41,74.35,9.6
D016,Tara Motors 16,North,Aarav Nagar,2026-08-01,70.0,74.0,14.85,5.4,8.85,15.28,77.29,19.38,76.29,63.43,10.39
D016,Tara Motors 16,North,Aarav Nagar,2026-09-01,124.0,112.0,19.13,6.06,5.77,4.83,68.96,14.18,82.96,69.52,7.92
D017,Veda Motors 17,South,Neelapur,2024-10-01,95.0,96.0,16.24,3.02,13.26,14.61,82.41,23.65,81.51,55.49,7.86
D017,Veda Motors 17,South,Neelapur,2024-11-01,88.0,135.0,12.45,-0.47,10.29,11.73,105.38,30.12,71.85,51.16,10.1
D017,Veda Motors 17,South,Neelapur,2024-12-01,62.0,72.0,13.56,1.95,12.54,18.49,90.67,35.19,68.04,56.75,13.4
D017,Veda Motors 17,South,Neelapur,2025-01-01,82.0,105.0,11.39,2.66,14.61,14.81,97.04,23.72,72.76,53.07,11.42
D017,Veda Motors 17,South,Neelapur,2025-02-01,81.0,99.0,17.18,3.03,11.12,8.76,84.05,22.49,83.19,63.57,7.41
D017,Veda Motors 17,South,Neelapur,2025-03-01,132.0,147.0,16.28,3.65,16.16,9.76,82.71,27.94,78.56,56.22,8.49
D017,Veda Motors 17,South,Neelapur,2025-04-01,144.0,156.0,16.07,2.76,4.04,10.88,88.67,24.88,74.64,67.07,13.13
D017,Veda Motors 17,South,Neelapur,2025-05-01,107.0,123.0,16.14,5.09,9.89,8.32,70.84,25.69,78.48,56.78,9.54
D017,Veda Motors 17,South,Neelapur,2025-06-01,78.0,89.0,14.37,2.07,14.6,9.14,93.49,24.42,81.39,66.35,11.16
D017,Veda Motors 17,South,Neelapur,2025-07-01,82.0,104.0,14.01,1.81,9.92,16.11,98.1,23.53,75.01,56.31,10.95
D017,Veda Motors 17,South,Neelapur,2025-08-01,63.0,74.0,15.51,2.61,17.95,26.48,84.84,26.55,68.82,63.37,14.29
D017,Veda Motors 17,South,Neelapur,2025-09-01,85.0,109.0,15.39,4.27,11.22,23.5,80.24,20.51,76.77,59.85,8.68
D017,Veda Motors 17,South,Neelapur,2025-10-01,148.0,161.0,10.67,2.58,9.73,18.58,88.18,26.74,78.74,57.35,11.64
D017,Veda Motors 17,South,Neelapur,2025-11-01,80.0,107.0,17.72,4.72,9.5,24.66,78.12,25.27,72.01,61.59,9.38
D017,Veda Motors 17,South,Neelapur,2025-12-01,142.0,159.0,15.77,2.39,9.54,24.89,85.03,21.7,75.77,60.07,8.73
D017,Veda Motors 17,South,Neelapur,2026-01-01,126.0,154.0,15.89,0.94,7.66,16.56,106.58,28.59,70.78,52.35,11.34
D017,Veda Motors 17,South,Neelapur,2026-02-01,117.0,151.0,12.88,1.3,6.12,13.18,91.97,26.71,75.67,49.98,13.38
D017,Veda Motors 17,South,Neelapur,2026-03-01,166.0,172.0,14.8,2.82,13.72,15.65,72.45,20.1,78.28,60.51,10.15
D017,Veda Motors 17,South,Neelapur,2026-04-01,69.0,97.0,12.01,2.05,15.16,22.55,97.42,28.19,74.92,52.68,12.31
D017,Veda Motors 17,South,Neelapur,2026-05-01,71.0,83.0,16.65,2.08,14.2,17.05,77.94,23.12,75.26,62.62,7.26
D017,Veda Motors 17,South,Neelapur,2026-06-01,78.0,88.0,21.66,3.75,14.32,21.3,80.94,23.29,78.65,67.41,8.48
D017,Veda Motors 17,South,Neelapur,2026-07-01,115.0,144.0,16.67,4.51,7.13,18.08,82.71,19.2,79.81,59.39,12.14
D017,Veda Motors 17,South,Neelapur,2026-08-01,94.0,106.0,19.38,1.8,7.76,18.82,83.84,32.46,75.95,56.52,11.84
D017,Veda Motors 17,South,Neelapur,2026-09-01,82.0,102.0,16.7,2.08,12.32,15.83,90.49,29.35,79.08,61.04,12.46
D018,Uday Motors 18,East,Suryabad,2024-10-01,54.0,74.0,16.18,3.84,11.45,7.28,94.94,26.67,67.2,53.63,12.94
D018,Uday Motors 18,East,Suryabad,2024-11-01,94.0,126.0,12.02,1.69,9.48,7.76,98.95,18.21,64.68,53.1,11.97
D018,Uday Motors 18,East,Suryabad,2024-12-01,93.0,142.0,16.39,1.52,12.45,7.78,108.26,31.7,67.24,50.81,13.73
D018,Uday Motors 18,East,Suryabad,2025-01-01,102.0,166.0,15.35,2.44,6.53,9.87,92.49,21.32,64.71,55.17,17.08
D018,Uday Motors 18,East,Suryabad,2025-02-01,96.0,101.0,13.61,4.82,14.28,9.32,78.81,24.06,69.4,55.0,12.27
D018,Uday Motors 18,East,Suryabad,2025-03-01,164.0,179.0,17.11,4.58,5.4,11.1,82.02,23.59,78.11,64.68,12.16
D018,Uday Motors 18,East,Suryabad,2025-04-01,84.0,108.0,14.78,2.46,6.93,6.07,81.98,19.53,71.23,50.09,10.64
D018,Uday Motors 18,East,Suryabad,2025-05-01,59.0,74.0,11.34,2.23,10.07,10.64,90.64,24.89,72.17,55.36,14.4
D018,Uday Motors 18,East,Suryabad,2025-06-01,73.0,84.0,15.03,4.31,5.08,16.45,91.14,22.91,74.51,49.59,11.34
D018,Uday Motors 18,East,Suryabad,2025-07-01,109.0,143.0,16.48,4.1,5.44,11.53,90.04,19.26,77.1,62.72,12.6
D018,Uday Motors 18,East,Suryabad,2025-08-01,53.0,77.0,12.98,2.6,18.72,19.6,110.24,32.81,66.17,55.44,11.09
D018,Uday Motors 18,East,Suryabad,2025-09-01,110.0,141.0,11.92,0.38,11.9,22.32,106.0,27.43,59.82,51.37,13.49
D018,Uday Motors 18,East,Suryabad,2025-10-01,59.0,80.0,10.5,0.49,15.62,18.83,94.59,37.96,67.2,57.3,10.72
D018,Uday Motors 18,East,Suryabad,2025-11-01,53.0,74.0,12.71,1.19,22.71,22.08,102.11,26.59,72.88,65.59,12.33
D018,Uday Motors 18,East,Suryabad,2025-12-01,144.0,171.0,13.47,0.35,18.64,20.76,103.81,34.27,78.67,58.15,11.14
D018,Uday Motors 18,East,Suryabad,2026-01-01,125.0,172.0,15.83,0.49,16.83,16.0,104.43,32.11,76.97,49.54,12.1
D018,Uday Motors 18,East,Suryabad,2026-02-01,112.0,143.0,17.2,3.36,11.53,13.6,100.46,31.04,72.49,56.81,12.85
D018,Uday Motors 18,East,Suryabad,2026-03-01,105.0,119.0,17.1,1.44,19.5,11.2,95.14,28.81,74.19,50.24,11.26
D018,Uday Motors 18,East,Suryabad,2026-04-01,124.0,170.0,10.93,0.82,17.17,21.77,95.97,31.52,70.5,43.22,13.69
D018,Uday Motors 18,East,Suryabad,2026-05-01,109.0,145.0,16.24,0.23,15.34,18.0,117.7,29.02,73.94,51.73,16.21
D018,Uday Motors 18,East,Suryabad,2026-06-01,129.0,163.0,15.81,0.91,14.31,18.31,95.11,33.34,75.14,52.72,11.33
D018,Uday Motors 18,East,Suryabad,2026-07-01,59.0,88.0,12.98,-1.25,17.45,26.17,114.23,25.95,65.68,50.92,13.14
D018,Uday Motors 18,East,Suryabad,2026-08-01,131.0,150.0,13.22,0.37,14.77,30.86,100.77,32.38,74.61,48.64,12.51
D018,Uday Motors 18,East,Suryabad,2026-09-01,88.0,107.0,10.42,-0.67,23.72,32.21,96.04,37.63,69.72,48.63,12.39
D019,Nila Motors 19,West,Kiranpur,2024-10-01,91.0,107.0,18.35,6.46,3.99,10.89,86.23,18.28,78.75,56.87,9.61
D019,Nila Motors 19,West,Kiranpur,2024-11-01,124.0,143.0,15.56,2.28,11.44,13.01,86.4,28.72,72.19,52.5,11.13
D019,Nila Motors 19,West,Kiranpur,2024-12-01,180.0,174.0,16.12,3.67,11.65,11.58,64.09,25.91,80.94,68.39,10.1
D019,Nila Motors 19,West,Kiranpur,2025-01-01,113.0,148.0,17.14,4.89,13.0,10.64,87.27,26.59,74.5,58.33,11.46
D019,Nila Motors 19,West,Kiranpur,2025-02-01,115.0,130.0,17.63,2.52,11.91,6.25,82.21,24.08,79.07,62.77,12.17
D019,Nila Motors 19,West,Kiranpur,2025-03-01,100.0,117.0,18.51,2.78,8.14,3.21,70.8,22.15,81.66,64.3,9.52
D019,Nila Motors 19,West,Kiranpur,2025-04-01,68.0,86.0,15.9,4.86,5.09,3.78,75.66,15.96,78.13,64.71,10.45
D019,Nila Motors 19,West,Kiranpur,2025-05-01,63.0,77.0,15.6,5.17,10.22,2.55,87.73,17.24,77.86,63.35,9.36
D019,Nila Motors 19,West,Kiranpur,2025-06-01,135.0,151.0,17.1,5.27,4.46,0.0,82.94,19.76,78.44,64.83,7.98
D019,Nila Motors 19,West,Kiranpur,2025-07-01,83.0,116.0,15.42,5.72,5.6,5.43,73.81,21.54,78.55,64.82,12.98
D019,Nila Motors 19,West,Kiranpur,2025-08-01,146.0,161.0,15.59,6.0,3.84,8.74,79.48,21.18,74.91,56.43,12.68
D019,Nila Motors 19,West,Kiranpur,2025-09-01,62.0,71.0,20.84,8.03,1.55,0.92,68.44,16.82,84.66,67.14,5.7
D019,Nila Motors 19,West,Kiranpur,2025-10-01,139.0,167.0,15.55,5.59,9.56,4.83,84.55,27.31,74.2,60.48,10.19
D019,Nila Motors 19,West,Kiranpur,2025-11-01,97.0,130.0,15.74,3.28,13.54,7.89,91.14,26.64,75.34,58.23,10.08
D019,Nila Motors 19,West,Kiranpur,2025-12-01,153.0,169.0,17.54,3.57,6.71,18.68,82.22,23.44,77.21,63.53,11.67
D019,Nila Motors 19,West,Kiranpur,2026-01-01,121.0,137.0,14.65,3.25,9.54,23.26,88.05,26.47,81.66,59.35,12.28
D019,Nila Motors 19,West,Kiranpur,2026-02-01,42.0,97.0,15.41,4.73,3.88,24.86,104.45,15.41,74.36,55.45,8.78
D019,Nila Motors 19,West,Kiranpur,2026-03-01,155.0,170.0,16.18,1.2,14.53,22.38,98.95,28.27,70.96,56.08,8.86
D019,Nila Motors 19,West,Kiranpur,2026-04-01,133.0,156.0,15.39,1.21,12.52,21.84,79.03,26.64,71.8,56.45,12.78
D019,Nila Motors 19,West,Kiranpur,2026-05-01,149.0,159.0,16.53,3.22,12.03,20.44,80.8,26.3,74.75,63.06,10.38
D019,Nila Motors 19,West,Kiranpur,2026-06-01,108.0,125.0,16.43,3.59,10.61,15.59,103.26,23.54,72.41,55.83,8.29
D019,Nila Motors 19,West,Kiranpur,2026-07-01,123.0,148.0,22.13,2.54,13.81,19.4,93.44,25.43,86.26,66.53,8.42
D019,Nila Motors 19,West,Kiranpur,2026-08-01,146.0,167.0,15.59,1.93,11.88,15.7,96.71,26.85,74.76,55.65,12.51
D019,Nila Motors 19,West,Kiranpur,2026-09-01,75.0,122.0,11.58,0.96,11.52,29.26,109.74,32.75,68.36,54.17,13.8
D020,Aruna Motors 20,Central,Taravan,2024-10-01,79.0,110.0,18.14,8.11,3.22,16.48,70.62,9.94,80.23,67.21,6.66
D020,Aruna Motors 20,Central,Taravan,2024-11-01,166.0,160.0,23.31,8.05,7.84,17.2,47.82,7.03,83.84,72.92,7.02
D020,Aruna Motors 20,Central,Taravan,2024-12-01,160.0,163.0,19.19,5.99,8.84,19.19,41.04,25.61,85.71,68.53,10.15
D020,Aruna Motors 20,Central,Taravan,2025-01-01,144.0,134.0,19.75,5.76,12.05,12.53,76.51,17.33,85.64,78.97,8.42
D020,Aruna Motors 20,Central,Taravan,2025-02-01,132.0,141.0,17.52,4.52,7.35,18.01,69.69,23.97,85.09,66.62,6.38
D020,Aruna Motors 20,Central,Taravan,2025-03-01,152.0,157.0,24.58,4.73,11.96,15.37,84.3,16.29,84.33,75.83,5.48
D020,Aruna Motors 20,Central,Taravan,2025-04-01,137.0,157.0,16.59,3.6,10.5,20.59,71.7,29.08,81.07,67.84,10.34
D020,Aruna Motors 20,Central,Taravan,2025-05-01,82.0,86.0,22.38,5.71,9.72,18.16,58.27,17.26,84.52,64.74,7.57
D020,Aruna Motors 20,Central,Taravan,2025-06-01,76.0,85.0,22.19,4.2,12.69,15.7,70.33,10.6,88.4,69.83,6.55
D020,Aruna Motors 20,Central,Taravan,2025-07-01,91.0,101.0,19.43,4.7,15.71,14.49,88.79,28.06,81.3,65.3,10.56
D020,Aruna Motors 20,Central,Taravan,2025-08-01,141.0,145.0,23.48,4.46,17.3,7.69,80.7,22.47,89.51,69.1,7.22
D020,Aruna Motors 20,Central,Taravan,2025-09-01,181.0,175.0,20.52,6.83,10.87,8.24,94.23,19.75,81.72,62.89,9.88
D020,Aruna Motors 20,Central,Taravan,2025-10-01,151.0,147.0,19.02,5.24,8.95,15.74,79.39,24.42,83.03,76.23,9.45
D020,Aruna Motors 20,Central,Taravan,2025-11-01,192.0,174.0,22.49,4.89,10.12,22.79,77.96,25.25,83.9,70.99,7.91
D020,Aruna Motors 20,Central,Taravan,2025-12-01,122.0,132.0,20.09,4.09,12.51,18.62,84.34,25.01,82.97,71.17,7.69
D020,Aruna Motors 20,Central,Taravan,2026-01-01,79.0,80.0,22.07,5.0,9.98,15.97,83.52,27.9,80.91,66.51,5.62
D020,Aruna Motors 20,Central,Taravan,2026-02-01,115.0,116.0,18.91,4.19,12.15,18.07,61.33,14.4,79.56,72.63,8.06
D020,Aruna Motors 20,Central,Taravan,2026-03-01,73.0,71.0,15.72,7.4,2.83,6.68,74.14,12.08,87.87,84.64,3.56
D020,Aruna Motors 20,Central,Taravan,2026-04-01,71.0,72.0,19.57,8.15,0.67,8.25,74.09,12.13,80.73,78.45,6.78
D020,Aruna Motors 20,Central,Taravan,2026-05-01,142.0,140.0,23.31,8.67,8.86,4.08,62.32,11.96,87.84,81.07,5.65
D020,Aruna Motors 20,Central,Taravan,2026-06-01,78.0,89.0,22.89,5.92,9.01,3.09,50.87,19.11,81.71,66.74,8.26
D020,Aruna Motors 20,Central,Taravan,2026-07-01,102.0,107.0,19.12,6.29,0.0,8.16,69.98,21.71,82.55,62.82,8.43
D020,Aruna Motors 20,Central,Taravan,2026-08-01,158.0,159.0,18.36,5.2,5.44,10.61,71.67,9.15,85.17,72.79,7.72
D020,Aruna Motors 20,Central,Taravan,2026-09-01,120.0,150.0,21.37,6.39,4.63,13.63,57.44,16.12,82.84,61.85,9.22
D021,Tara Motors 21,North,Aarav Nagar,2024-10-01,144.0,176.0,13.42,1.03,12.19,21.56,99.58,25.01,73.75,63.94,12.24
D021,Tara Motors 21,North,Aarav Nagar,2024-11-01,89.0,110.0,16.96,2.37,13.37,22.05,88.17,22.5,72.44,53.29,14.44
D021,Tara Motors 21,North,Aarav Nagar,2024-12-01,136.0,162.0,19.13,2.53,9.78,16.31,86.38,25.82,81.72,63.39,11.15
D021,Tara Motors 21,North,Aarav Nagar,2025-01-01,116.0,144.0,15.39,5.05,11.08,9.73,80.19,10.74,85.01,60.94,12.43
D021,Tara Motors 21,North,Aarav Nagar,2025-02-01,127.0,175.0,12.92,1.98,11.75,0.0,94.33,32.12,71.32,58.63,9.63
D021,Tara Motors 21,North,Aarav Nagar,2025-03-01,149.0,160.0,18.58,3.24,12.06,7.49,82.96,21.24,74.06,58.99,13.04
D021,Tara Motors 21,North,Aarav Nagar,2025-04-01,157.0,160.0,16.05,3.86,9.26,8.3,82.31,18.94,79.12,69.04,7.8
D021,Tara Motors 21,North,Aarav Nagar,2025-05-01,81.0,82.0,17.51,4.38,8.91,8.03,85.14,18.59,76.53,60.72,13.16
D021,Tara Motors 21,North,Aarav Nagar,2025-06-01,89.0,120.0,18.25,3.81,6.79,10.89,66.86,22.23,80.84,68.32,10.83
D021,Tara Motors 21,North,Aarav Nagar,2025-07-01,71.0,79.0,18.74,4.34,3.75,15.97,84.02,16.02,79.57,63.68,7.77
D021,Tara Motors 21,North,Aarav Nagar,2025-08-01,139.0,164.0,21.47,3.83,11.96,7.78,78.62,19.11,86.32,69.97,9.29
D021,Tara Motors 21,North,Aarav Nagar,2025-09-01,76.0,87.0,9.69,0.74,10.55,22.94,111.92,30.65,68.01,54.09,8.89
D021,Tara Motors 21,North,Aarav Nagar,2025-10-01,104.0,131.0,17.59,0.42,14.95,24.87,91.73,33.55,73.61,58.2,12.47
D021,Tara Motors 21,North,Aarav Nagar,2025-11-01,86.0,107.0,16.93,2.41,11.69,19.29,93.1,32.95,71.19,58.72,11.15
D021,Tara Motors 21,North,Aarav Nagar,2025-12-01,130.0,138.0,15.73,3.0,14.44,23.69,91.54,23.76,79.16,60.93,10.13
D021,Tara Motors 21,North,Aarav Nagar,2026-01-01,112.0,117.0,15.52,2.59,15.19,16.8,88.32,23.99,75.27,63.79,9.76
D021,Tara Motors 21,North,Aarav Nagar,2026-02-01,91.0,91.0,16.58,2.6,12.45,20.74,75.23,20.03,75.12,66.43,10.16
D021,Tara Motors 21,North,Aarav Nagar,2026-03-01,80.0,84.0,14.69,1.33,20.76,27.62,91.35,25.02,77.96,64.79,9.72
D021,Tara Motors 21,North,Aarav Nagar,2026-04-01,65.0,83.0,15.4,1.19,18.05,18.41,84.81,22.83,77.74,58.37,10.5
D021,Tara Motors 21,North,Aarav Nagar,2026-05-01,155.0,166.0,14.57,3.11,24.99,17.47,81.49,22.71,82.11,72.39,10.39
D021,Tara Motors 21,North,Aarav Nagar,2026-06-01,110.0,158.0,14.65,-0.86,20.46,31.98,90.55,30.35,69.03,53.36,14.51
D021,Tara Motors 21,North,Aarav Nagar,2026-07-01,114.0,159.0,14.7,2.32,18.07,20.13,82.13,31.15,75.14,61.65,8.36
D021,Tara Motors 21,North,Aarav Nagar,2026-08-01,157.0,157.0,15.54,2.1,22.12,12.1,86.14,27.1,84.81,73.16,8.98
D021,Tara Motors 21,North,Aarav Nagar,2026-09-01,84.0,114.0,15.82,1.65,14.54,20.39,92.51,36.82,75.32,58.87,12.15
D022,Veda Motors 22,South,Neelapur,2024-10-01,75.0,95.0,10.27,0.98,17.64,2.14,100.51,28.62,71.46,49.85,11.62
D022,Veda Motors 22,South,Neelapur,2024-11-01,115.0,134.0,14.99,0.78,15.37,9.95,112.8,27.06,77.88,56.79,12.84
D022,Veda Motors 22,South,Neelapur,2024-12-01,76.0,81.0,13.83,-0.43,18.03,12.24,97.06,38.03,69.06,52.36,14.51
D022,Veda Motors 22,South,Neelapur,2025-01-01,86.0,107.0,12.87,-1.54,17.61,17.2,108.7,34.42,71.62,54.23,10.86
D022,Veda Motors 22,South,Neelapur,2025-02-01,93.0,102.0,11.33,-1.04,20.96,23.03,99.37,25.64,73.21,56.07,14.97
D022,Veda Motors 22,South,Neelapur,2025-03-01,111.0,164.0,14.43,-0.55,18.57,18.43,106.06,28.51,69.04,56.4,12.45
D022,Veda Motors 22,South,Neelapur,2025-04-01,79.0,95.0,13.14,-1.68,17.75,17.57,90.68,28.54,73.67,52.49,15.93
D022,Veda Motors 22,South,Neelapur,2025-05-01,76.0,138.0,13.61,-0.52,22.8,23.32,110.18,27.58,73.7,52.49,11.58
D022,Veda Motors 22,South,Neelapur,2025-06-01,142.0,179.0,15.41,1.01,20.03,30.58,111.93,33.64,71.22,59.41,12.5
D022,Veda Motors 22,South,Neelapur,2025-07-01,76.0,99.0,12.47,0.24,23.09,36.58,106.45,31.8,71.3,53.86,11.81
D022,Veda Motors 22,South,Neelapur,2025-08-01,111.0,127.0,15.45,-1.4,22.81,29.81,104.0,27.89,72.56,54.83,16.6
D022,Veda Motors 22,South,Neelapur,2025-09-01,112.0,134.0,13.34,-2.29,18.35,29.19,97.38,22.08,72.26,57.4,11.03
D022,Veda Motors 22,South,Neelapur,2025-10-01,97.0,139.0,12.28,-1.33,17.53,36.01,100.16,38.02,67.29,47.4,13.45
D022,Veda Motors 22,South,Neelapur,2025-11-01,120.0,143.0,14.4,2.79,19.46,28.64,110.8,41.53,72.79,54.86,14.18
D022,Veda Motors 22,South,Neelapur,2025-12-01,124.0,179.0,11.19,0.45,15.75,21.92,87.24,26.05,65.37,48.56,14.03
D022,Veda Motors 22,South,Neelapur,2026-01-01,145.0,168.0,14.85,-0.03,21.45,26.12,108.24,32.92,74.58,45.14,12.18
D022,Veda Motors 22,South,Neelapur,2026-02-01,106.0,122.0,10.57,-2.35,19.41,33.64,102.41,27.21,71.4,55.6,14.73
D022,Veda Motors 22,South,Neelapur,2026-03-01,157.0,177.0,7.07,-2.06,19.63,29.53,96.41,32.39,68.75,49.86,13.38
D022,Veda Motors 22,South,Neelapur,2026-04-01,77.0,97.0,10.72,0.29,17.25,24.44,109.53,33.23,75.31,51.76,11.64
D022,Veda Motors 22,South,Neelapur,2026-05-01,84.0,100.0,9.32,-1.18,17.05,29.81,111.38,26.72,62.28,51.92,11.18
D022,Veda Motors 22,South,Neelapur,2026-06-01,53.0,73.0,14.41,-0.11,15.63,28.59,103.68,33.92,74.25,55.59,15.12
D022,Veda Motors 22,South,Neelapur,2026-07-01,114.0,155.0,10.47,1.12,19.25,24.19,100.82,34.76,69.35,54.82,11.45
D022,Veda Motors 22,South,Neelapur,2026-08-01,43.0,76.0,10.97,0.07,16.73,25.95,114.59,33.6,70.1,53.26,14.65
D022,Veda Motors 22,South,Neelapur,2026-09-01,112.0,130.0,13.3,-0.78,16.07,18.37,107.1,31.06,67.13,49.38,13.95
D023,Uday Motors 23,East,Suryabad,2024-10-01,143.0,153.0,18.82,2.46,15.51,13.98,82.36,20.98,75.89,63.14,8.65
D023,Uday Motors 23,East,Suryabad,2024-11-01,119.0,127.0,16.49,1.89,10.63,6.97,88.18,29.41,76.51,62.26,11.41
D023,Uday Motors 23,East,Suryabad,2024-12-01,107.0,134.0,13.37,0.11,16.46,25.98,103.18,29.1,70.18,56.49,12.52
D023,Uday Motors 23,East,Suryabad,2025-01-01,107.0,138.0,15.4,1.54,15.83,32.22,104.97,28.83,69.94,53.59,10.51
D023,Uday Motors 23,East,Suryabad,2025-02-01,87.0,89.0,20.58,3.35,12.16,27.87,73.91,25.5,75.3,57.64,9.74
D023,Uday Motors 23,East,Suryabad,2025-03-01,84.0,106.0,20.13,2.24,15.47,26.05,76.33,23.27,74.83,60.0,11.58
D023,Uday Motors 23,East,Suryabad,2025-04-01,106.0,123.0,17.39,2.72,11.5,19.07,79.52,12.99,81.11,73.57,10.06
D023,Uday Motors 23,East,Suryabad,2025-05-01,75.0,113.0,18.72,3.38,15.84,18.64,70.94,27.03,75.7,59.67,8.45
D023,Uday Motors 23,East,Suryabad,2025-06-01,136.0,161.0,16.12,2.35,16.24,25.59,74.5,27.78,80.55,66.0,8.84
D023,Uday Motors 23,East,Suryabad,2025-07-01,150.0,158.0,17.93,2.97,13.58,18.61,79.89,23.67,77.78,60.05,11.83
D023,Uday Motors 23,East,Suryabad,2025-08-01,150.0,145.0,18.73,3.11,18.84,15.27,77.29,27.84,77.18,69.72,11.43
D023,Uday Motors 23,East,Suryabad,2025-09-01,134.0,140.0,15.81,3.03,8.95,9.51,96.46,28.0,77.45,58.3,12.18
D023,Uday Motors 23,East,Suryabad,2025-10-01,71.0,96.0,15.56,4.34,9.58,2.42,86.93,20.23,76.75,69.37,9.75
D023,Uday Motors 23,East,Suryabad,2025-11-01,144.0,170.0,19.94,4.8,9.88,13.41,83.76,18.48,81.72,60.99,10.68
D023,Uday Motors 23,East,Suryabad,2025-12-01,137.0,178.0,17.26,4.05,7.84,10.42,82.67,23.06,74.64,61.09,8.79
D023,Uday Motors 23,East,Suryabad,2026-01-01,146.0,139.0,16.59,2.25,10.21,12.98,61.47,17.34,84.0,73.82,5.8
D023,Uday Motors 23,East,Suryabad,2026-02-01,128.0,129.0,17.65,5.49,9.18,15.18,87.32,21.85,77.5,66.6,9.05
D023,Uday Motors 23,East,Suryabad,2026-03-01,68.0,78.0,17.41,3.75,2.76,19.0,87.52,25.45,67.74,61.11,15.98
D023,Uday Motors 23,East,Suryabad,2026-04-01,141.0,158.0,17.39,5.67,5.67,8.12,78.61,14.02,81.94,63.9,11.15
D023,Uday Motors 23,East,Suryabad,2026-05-01,140.0,151.0,15.28,4.13,8.01,2.97,81.97,14.57,76.27,65.38,9.54
D023,Uday Motors 23,East,Suryabad,2026-06-01,73.0,85.0,18.98,3.19,7.93,6.12,70.96,25.75,76.63,58.72,10.27
D023,Uday Motors 23,East,Suryabad,2026-07-01,56.0,76.0,18.36,3.36,9.35,0.78,78.77,26.33,71.36,59.23,11.21
D023,Uday Motors 23,East,Suryabad,2026-08-01,199.0,177.0,17.26,4.68,8.63,2.27,67.44,15.91,79.43,75.7,5.4
D023,Uday Motors 23,East,Suryabad,2026-09-01,83.0,106.0,14.33,3.07,9.54,7.64,85.94,17.77,79.41,62.66,10.39
D024,Nila Motors 24,West,Kiranpur,2024-10-01,90.0,118.0,18.28,3.05,16.62,15.39,89.99,30.2,83.58,73.09,9.5
D024,Nila Motors 24,West,Kiranpur,2024-11-01,154.0,145.0,22.11,3.14,17.29,22.44,77.03,16.25,86.42,65.19,8.64
D024,Nila Motors 24,West,Kiranpur,2024-12-01,102.0,97.0,17.37,4.67,21.18,29.0,82.08,28.34,78.62,67.43,10.19
D024,Nila Motors 24,West,Kiranpur,2025-01-01,160.0,154.0,14.42,2.92,16.45,28.39,84.42,21.02,74.71,65.06,8.03
D024,Nila Motors 24,West,Kiranpur,2025-02-01,142.0,142.0,20.63,3.67,17.6,17.49,82.65,18.3,81.41,71.89,7.75
D024,Nila Motors 24,West,Kiranpur,2025-03-01,80.0,91.0,16.62,3.91,8.51,13.22,69.35,21.29,78.47,58.9,8.38
D024,Nila Motors 24,West,Kiranpur,2025-04-01,153.0,146.0,20.58,3.37,12.45,14.42,77.2,24.84,79.87,71.09,8.27
D024,Nila Motors 24,West,Kiranpur,2025-05-01,127.0,130.0,23.23,4.42,18.92,15.87,69.82,15.62,85.06,69.07,7.11
D024,Nila Motors 24,West,Kiranpur,2025-06-01,172.0,171.0,14.72,4.82,14.19,10.46,82.1,24.79,82.79,67.81,10.13
D024,Nila Motors 24,West,Kiranpur,2025-07-01,112.0,100.0,22.68,0.93,25.59,17.51,72.34,27.11,84.07,75.14,6.23
D024,Nila Motors 24,West,Kiranpur,2025-08-01,149.0,143.0,16.69,3.32,17.2,25.73,76.69,23.84,83.16,71.42,8.93
D024,Nila Motors 24,West,Kiranpur,2025-09-01,126.0,160.0,17.69,2.85,19.73,21.53,87.45,29.41,79.54,61.81,9.08
D024,Nila Motors 24,West,Kiranpur,2025-10-01,87.0,110.0,20.95,1.73,18.26,20.74,91.62,17.86,80.94,66.61,9.01
D024,Nila Motors 24,West,Kiranpur,2025-11-01,182.0,170.0,21.5,4.48,14.7,21.03,72.71,19.83,87.49,69.21,8.02
D024,Nila Motors 24,West,Kiranpur,2025-12-01,157.0,157.0,19.48,4.37,8.78,10.65,74.75,18.08,80.68,74.32,6.52
D024,Nila Motors 24,West,Kiranpur,2026-01-01,77.0,85.0,19.8,4.85,12.15,7.84,70.16,16.29,82.93,80.91,6.11
D024,Nila Motors 24,West,Kiranpur,2026-02-01,71.0,72.0,17.57,3.11,16.97,15.68,78.13,29.56,82.97,71.42,9.02
D024,Nila Motors 24,West,Kiranpur,2026-03-01,113.0,120.0,23.15,3.1,18.29,23.94,83.19,23.48,77.81,67.52,8.58
D024,Nila Motors 24,West,Kiranpur,2026-04-01,94.0,96.0,19.92,1.06,22.56,22.3,79.52,22.31,80.61,66.02,10.54
D024,Nila Motors 24,West,Kiranpur,2026-05-01,78.0,75.0,22.22,3.4,17.63,20.13,68.52,19.88,86.79,76.01,5.45
D024,Nila Motors 24,West,Kiranpur,2026-06-01,104.0,118.0,23.17,3.25,11.69,15.25,82.67,16.41,83.91,67.44,8.32
D024,Nila Motors 24,West,Kiranpur,2026-07-01,167.0,170.0,20.28,3.27,18.25,18.41,78.64,15.97,84.93,70.71,5.24
D024,Nila Motors 24,West,Kiranpur,2026-08-01,79.0,95.0,19.66,4.15,10.27,12.04,79.45,18.99,84.86,69.09,6.43
D024,Nila Motors 24,West,Kiranpur,2026-09-01,132.0,151.0,22.15,4.84,13.28,14.54,63.11,15.2,84.11,74.31,10.18
D025,Aruna Motors 25,Central,Taravan,2024-10-01,149.0,146.0,27.33,6.44,10.81,7.57,59.03,7.15,91.16,81.48,1.74
D025,Aruna Motors 25,Central,Taravan,2024-11-01,149.0,124.0,23.3,8.65,5.95,6.75,57.37,15.96,94.44,77.95,5.24
D025,Aruna Motors 25,Central,Taravan,2024-12-01,145.0,129.0,26.59,8.8,3.02,9.94,56.66,5.28,90.59,89.91,3.5
D025,Aruna Motors 25,Central,Taravan,2025-01-01,97.0,96.0,26.36,6.87,4.65,5.1,64.23,11.0,94.06,75.21,6.64
D025,Aruna Motors 25,Central,Taravan,2025-02-01,127.0,119.0,27.87,8.85,6.03,4.41,46.72,6.7,96.27,83.09,1.66
D025,Aruna Motors 25,Central,Taravan,2025-03-01,138.0,127.0,21.09,7.43,5.62,2.99,47.74,16.41,91.06,80.28,3.7
D025,Aruna Motors 25,Central,Taravan,2025-04-01,115.0,110.0,19.74,7.94,8.42,2.26,58.65,13.71,95.43,82.59,3.64
D025,Aruna Motors 25,Central,Taravan,2025-05-01,145.0,118.0,22.72,9.62,6.05,4.52,69.46,18.48,85.62,74.77,3.81
D025,Aruna Motors 25,Central,Taravan,2025-06-01,158.0,148.0,19.47,8.39,6.74,5.15,65.0,15.21,92.32,75.69,2.38
D025,Aruna Motors 25,Central,Taravan,2025-07-01,121.0,112.0,24.24,6.47,9.76,1.06,50.4,8.6,90.06,85.07,4.19
D025,Aruna Motors 25,Central,Taravan,2025-08-01,156.0,139.0,26.36,8.85,2.39,5.65,46.74,8.73,89.32,75.93,1.42
D025,Aruna Motors 25,Central,Taravan,2025-09-01,90.0,94.0,23.18,7.18,9.39,5.56,58.52,14.86,88.52,70.14,5.54
D025,Aruna Motors 25,Central,Taravan,2025-10-01,136.0,148.0,23.2,8.28,8.75,2.06,53.12,11.89,88.74,82.28,3.34
D025,Aruna Motors 25,Central,Taravan,2025-11-01,63.0,71.0,22.46,3.3,11.96,5.16,68.79,10.26,87.59,80.8,2.61
D025,Aruna Motors 25,Central,Taravan,2025-12-01,108.0,117.0,23.48,6.07,11.82,3.99,64.83,14.97,83.63,77.79,5.16
D025,Aruna Motors 25,Central,Taravan,2026-01-01,197.0,168.0,27.54,7.18,8.44,3.93,41.59,16.87,91.22,76.45,6.24
D025,Aruna Motors 25,Central,Taravan,2026-02-01,114.0,111.0,25.87,6.8,13.58,9.44,69.94,13.12,82.12,72.83,6.33
D025,Aruna Motors 25,Central,Taravan,2026-03-01,183.0,162.0,21.59,5.92,8.69,11.14,65.92,13.28,90.54,71.91,6.07
D025,Aruna Motors 25,Central,Taravan,2026-04-01,106.0,92.0,25.88,8.5,5.57,13.5,47.88,14.23,94.33,77.24,4.12
D025,Aruna Motors 25,Central,Taravan,2026-05-01,149.0,153.0,21.84,3.9,5.37,15.44,67.52,16.13,88.21,71.7,6.48
D025,Aruna Motors 25,Central,Taravan,2026-06-01,105.0,112.0,26.06,7.32,6.89,5.04,55.74,4.94,90.75,67.1,4.83
D025,Aruna Motors 25,Central,Taravan,2026-07-01,165.0,179.0,23.2,7.44,4.18,1.9,62.09,4.94,92.07,80.41,5.8
D025,Aruna Motors 25,Central,Taravan,2026-08-01,86.0,91.0,19.42,8.08,9.07,3.63,59.6,8.51,95.44,77.69,5.07
D025,Aruna Motors 25,Central,Taravan,2026-09-01,92.0,89.0,22.7,8.72,11.68,5.1,58.44,23.06,93.78,76.59,3.41
D026,Tara Motors 26,North,Aarav Nagar,2024-10-01,70.0,77.0,21.12,7.6,4.5,18.93,74.32,16.09,83.67,71.02,8.45
D026,Tara Motors 26,North,Aarav Nagar,2024-11-01,156.0,160.0,20.93,5.42,4.99,11.88,67.62,14.84,78.21,66.55,8.23
D026,Tara Motors 26,North,Aarav Nagar,2024-12-01,113.0,119.0,23.06,6.44,7.92,0.0,63.89,14.43,90.36,73.71,7.95
D026,Tara Motors 26,North,Aarav Nagar,2025-01-01,142.0,132.0,20.79,6.58,6.78,0.0,57.73,23.68,82.64,77.36,6.83
D026,Tara Motors 26,North,Aarav Nagar,2025-02-01,83.0,98.0,19.04,6.06,10.45,0.0,61.47,21.78,82.06,66.36,9.16
D026,Tara Motors 26,North,Aarav Nagar,2025-03-01,105.0,111.0,20.02,5.6,11.1,13.16,66.14,10.6,80.68,74.63,9.03
D026,Tara Motors 26,North,Aarav Nagar,2025-04-01,164.0,176.0,20.72,4.12,10.46,16.42,75.71,11.71,81.93,67.83,9.41
D026,Tara Motors 26,North,Aarav Nagar,2025-05-01,70.0,73.0,17.78,6.05,11.98,12.12,76.72,22.23,77.43,67.52,7.49
D026,Tara Motors 26,North,Aarav Nagar,2025-06-01,109.0,106.0,18.99,2.59,1.94,18.6,64.0,19.73,80.87,69.8,7.63
D026,Tara Motors 26,North,Aarav Nagar,2025-07-01,127.0,136.0,17.3,5.48,8.35,15.87,69.92,17.8,83.57,65.85,7.7
D026,Tara Motors 26,North,Aarav Nagar,2025-08-01,80.0,75.0,20.48,4.43,10.02,16.79,69.26,15.47,84.27,69.73,6.23
D026,Tara Motors 26,North,Aarav Nagar,2025-09-01,138.0,151.0,18.11,4.77,14.41,6.49,73.88,15.07,85.22,69.62,5.36
D026,Tara Motors 26,North,Aarav Nagar,2025-10-01,168.0,157.0,20.45,5.0,12.22,15.3,69.84,8.58,84.1,72.52,6.24
D026,Tara Motors 26,North,Aarav Nagar,2025-11-01,96.0,102.0,21.71,7.01,15.06,10.77,58.74,11.8,84.1,80.55,7.5
D026,Tara Motors 26,North,Aarav Nagar,2025-12-01,85.0,86.0,16.13,5.59,12.78,3.49,68.64,22.81,84.82,65.17,7.28
D026,Tara Motors 26,North,Aarav Nagar,2026-01-01,91.0,85.0,18.28,7.49,5.14,0.4,68.99,18.37,81.02,71.71,4.67
D026,Tara Motors 26,North,Aarav Nagar,2026-02-01,86.0,85.0,18.42,7.0,0.22,0.15,64.51,4.74,84.21,72.46,6.74
D026,Tara Motors 26,North,Aarav Nagar,2026-03-01,76.0,93.0,21.4,6.78,1.95,0.0,67.68,19.1,84.35,73.7,4.91
D026,Tara Motors 26,North,Aarav Nagar,2026-04-01,158.0,168.0,22.87,7.23,1.08,8.35,86.15,10.03,83.57,71.99,7.76
D026,Tara Motors 26,North,Aarav Nagar,2026-05-01,127.0,148.0,24.45,6.7,6.68,5.95,65.43,14.01,81.3,63.05,7.56
D026,Tara Motors 26,North,Aarav Nagar,2026-06-01,141.0,163.0,22.73,4.91,9.52,1.39,79.41,16.8,77.98,63.11,9.31
D026,Tara Motors 26,North,Aarav Nagar,2026-07-01,134.0,143.0,19.61,3.95,6.15,6.25,82.29,17.15,71.71,68.5,7.34
D026,Tara Motors 26,North,Aarav Nagar,2026-08-01,131.0,134.0,24.23,3.87,11.6,9.44,76.4,16.92,87.77,69.57,10.24
D026,Tara Motors 26,North,Aarav Nagar,2026-09-01,108.0,96.0,20.96,4.6,15.16,13.47,65.56,13.48,88.52,66.92,5.16
D027,Veda Motors 27,South,Neelapur,2024-10-01,163.0,167.0,21.96,8.51,0.56,7.04,67.88,13.8,81.94,67.76,7.95
D027,Veda Motors 27,South,Neelapur,2024-11-01,103.0,120.0,19.37,5.89,4.11,0.87,66.43,12.03,85.18,68.88,9.44
D027,Veda Motors 27,South,Neelapur,2024-12-01,156.0,163.0,17.58,6.61,2.87,0.64,80.24,15.76,82.03,65.55,11.37
D027,Veda Motors 27,South,Neelapur,2025-01-01,63.0,83.0,14.31,6.74,3.72,0.0,73.28,17.55,75.27,68.91,8.97
D027,Veda Motors 27,South,Neelapur,2025-02-01,136.0,166.0,18.54,6.11,5.05,2.78,74.43,23.89,78.36,56.14,8.55
D027,Veda Motors 27,South,Neelapur,2025-03-01,143.0,178.0,11.79,2.47,7.51,5.52,82.49,24.94,75.33,67.08,11.45
D027,Veda Motors 27,South,Neelapur,2025-04-01,79.0,96.0,20.24,5.24,1.68,0.0,84.1,14.58,77.87,72.98,6.66
D027,Veda Motors 27,South,Neelapur,2025-05-01,110.0,113.0,21.36,7.13,6.26,0.68,73.68,19.23,83.32,68.74,5.61
D027,Veda Motors 27,South,Neelapur,2025-06-01,117.0,144.0,22.79,5.84,8.16,2.13,69.09,10.87,81.06,69.12,9.3
D027,Veda Motors 27,South,Neelapur,2025-07-01,114.0,107.0,16.21,8.03,1.03,0.0,71.44,19.81,77.01,71.66,9.21
D027,Veda Motors 27,South,Neelapur,2025-08-01,153.0,168.0,22.77,6.16,6.66,5.66,74.31,12.05,81.77,67.38,7.14
D027,Veda Motors 27,South,Neelapur,2025-09-01,84.0,92.0,18.99,5.92,6.03,5.79,66.79,27.8,76.64,64.69,7.77
D027,Veda Motors 27,South,Neelapur,2025-10-01,163.0,162.0,23.96,9.11,2.26,7.0,64.19,5.44,85.41,69.1,6.53
D027,Veda Motors 27,South,Neelapur,2025-11-01,145.0,169.0,13.89,4.25,9.33,0.0,86.06,25.83,80.4,57.56,12.86
D027,Veda Motors 27,South,Neelapur,2025-12-01,157.0,174.0,18.54,5.26,9.0,2.33,83.6,24.22,77.19,63.51,10.69
D027,Veda Motors 27,South,Neelapur,2026-01-01,86.0,104.0,20.39,8.18,4.21,3.59,70.8,19.28,75.89,66.45,8.58
D027,Veda Motors 27,South,Neelapur,2026-02-01,91.0,109.0,16.44,4.86,6.96,10.93,83.79,23.72,70.77,61.93,14.13
D027,Veda Motors 27,South,Neelapur,2026-03-01,93.0,88.0,21.66,7.32,3.26,3.86,70.36,10.64,85.35,75.73,9.93
D027,Veda Motors 27,South,Neelapur,2026-04-01,91.0,105.0,19.53,8.66,5.25,4.93,88.28,12.41,78.78,73.02,6.38
D027,Veda Motors 27,South,Neelapur,2026-05-01,168.0,177.0,19.32,5.97,8.15,10.45,105.69,20.43,79.77,60.11,8.14
D027,Veda Motors 27,South,Neelapur,2026-06-01,81.0,81.0,18.06,5.13,8.6,8.27,73.24,10.83,81.57,69.35,5.47
D027,Veda Motors 27,South,Neelapur,2026-07-01,89.0,107.0,15.87,6.39,4.16,11.45,81.56,14.98,73.83,66.36,10.11
D027,Veda Motors 27,South,Neelapur,2026-08-01,101.0,123.0,22.45,8.03,7.84,5.07,63.6,12.64,81.66,63.61,6.51
D027,Veda Motors 27,South,Neelapur,2026-09-01,162.0,165.0,20.47,7.39,8.94,1.37,80.53,19.38,84.53,62.78,8.05
D028,Uday Motors 28,East,Suryabad,2024-10-01,161.0,150.0,22.42,5.99,5.84,2.56,50.37,14.18,84.94,70.5,9.02
D028,Uday Motors 28,East,Suryabad,2024-11-01,159.0,158.0,19.19,4.23,4.28,16.8,70.78,15.75,78.86,65.91,8.31
D028,Uday Motors 28,East,Suryabad,2024-12-01,112.0,116.0,25.19,7.27,1.27,8.82,68.07,16.35,84.78,67.48,9.43
D028,Uday Motors 28,East,Suryabad,2025-01-01,112.0,115.0,22.78,6.1,6.33,10.11,82.21,15.62,81.73,62.31,6.83
D028,Uday Motors 28,East,Suryabad,2025-02-01,114.0,127.0,23.47,5.5,5.47,1.54,69.66,12.76,87.87,70.99,7.01
D028,Uday Motors 28,East,Suryabad,2025-03-01,164.0,161.0,19.46,5.71,9.43,0.0,69.15,9.37,83.57,69.05,9.35
D028,Uday Motors 28,East,Suryabad,2025-04-01,124.0,132.0,22.3,7.65,6.0,5.89,64.97,13.77,85.73,72.46,5.73
D028,Uday Motors 28,East,Suryabad,2025-05-01,154.0,176.0,19.17,6.84,11.84,7.96,68.23,13.7,85.19,67.0,9.02
D028,Uday Motors 28,East,Suryabad,2025-06-01,134.0,125.0,20.7,6.92,8.14,6.75,60.41,15.68,85.23,65.19,7.48
D028,Uday Motors 28,East,Suryabad,2025-07-01,77.0,78.0,23.46,5.23,6.05,7.48,73.29,17.62,85.2,81.69,8.26
D028,Uday Motors 28,East,Suryabad,2025-08-01,86.0,81.0,23.22,7.62,5.95,2.27,59.24,12.46,88.96,77.71,4.63
D028,Uday Motors 28,East,Suryabad,2025-09-01,70.0,72.0,25.03,6.93,6.15,6.28,67.9,9.88,85.64,72.13,5.74
D028,Uday Motors 28,East,Suryabad,2025-10-01,104.0,107.0,17.44,6.3,4.05,4.75,75.8,15.05,82.85,64.27,7.92
D028,Uday Motors 28,East,Suryabad,2025-11-01,103.0,100.0,23.08,4.62,12.79,2.82,67.51,16.44,85.84,66.29,7.36
D028,Uday Motors 28,East,Suryabad,2025-12-01,102.0,116.0,21.79,4.54,14.96,4.74,89.19,23.82,86.34,68.72,9.62
D028,Uday Motors 28,East,Suryabad,2026-01-01,78.0,74.0,20.65,5.7,3.76,12.91,52.26,18.76,78.88,71.67,6.12
D028,Uday Motors 28,East,Suryabad,2026-02-01,88.0,108.0,17.36,3.37,0.25,9.13,88.31,26.53,80.62,63.08,8.3
D028,Uday Motors 28,East,Suryabad,2026-03-01,143.0,144.0,20.91,6.74,6.91,9.08,55.09,15.19,84.72,74.06,8.47
D028,Uday Motors 28,East,Suryabad,2026-04-01,99.0,103.0,24.46,3.98,7.93,0.25,81.15,13.39,82.87,71.62,7.74
D028,Uday Motors 28,East,Suryabad,2026-05-01,127.0,128.0,21.52,6.43,5.39,11.01,66.12,11.99,85.86,77.7,3.98
D028,Uday Motors 28,East,Suryabad,2026-06-01,73.0,73.0,23.17,6.75,10.1,15.71,65.85,7.88,88.9,72.88,7.69
D028,Uday Motors 28,East,Suryabad,2026-07-01,157.0,151.0,21.19,7.95,5.96,7.22,72.32,15.67,86.54,71.48,6.93
D028,Uday Motors 28,East,Suryabad,2026-08-01,113.0,111.0,25.94,8.46,6.79,9.72,63.64,10.23,86.42,75.78,7.35
D028,Uday Motors 28,East,Suryabad,2026-09-01,69.0,70.0,19.9,8.99,9.13,12.46,64.46,15.78,88.12,78.74,7.62
D029,Nila Motors 29,West,Kiranpur,2024-10-01,90.0,105.0,17.07,4.17,2.69,8.82,87.09,20.25,74.76,53.55,10.8
D029,Nila Motors 29,West,Kiranpur,2024-11-01,77.0,99.0,17.3,5.22,9.37,5.52,76.24,22.33,81.92,63.57,7.48
D029,Nila Motors 29,West,Kiranpur,2024-12-01,125.0,150.0,16.76,3.0,16.13,3.67,87.27,29.6,75.77,59.75,9.45
D029,Nila Motors 29,West,Kiranpur,2025-01-01,69.0,84.0,15.15,0.94,13.01,20.27,104.46,36.95,75.49,58.07,12.56
D029,Nila Motors 29,West,Kiranpur,2025-02-01,117.0,137.0,15.99,1.47,12.2,10.78,83.67,19.58,75.03,59.89,9.52
D029,Nila Motors 29,West,Kiranpur,2025-03-01,131.0,149.0,17.76,4.95,7.21,0.92,72.62,21.05,76.62,69.61,9.23
D029,Nila Motors 29,West,Kiranpur,2025-04-01,70.0,78.0,17.67,2.46,14.71,7.4,89.78,23.42,76.45,68.46,12.53
D029,Nila Motors 29,West,Kiranpur,2025-05-01,83.0,100.0,18.6,3.35,13.26,8.28,84.77,34.52,76.66,68.76,10.66
D029,Nila Motors 29,West,Kiranpur,2025-06-01,131.0,170.0,15.92,3.05,14.29,17.37,84.17,29.48,79.54,59.48,10.73
D029,Nila Motors 29,West,Kiranpur,2025-07-01,108.0,135.0,12.68,1.17,9.94,17.73,96.96,19.56,69.53,49.29,12.52
D029,Nila Motors 29,West,Kiranpur,2025-08-01,54.0,85.0,14.39,0.4,10.08,25.88,95.54,33.76,72.86,52.03,13.55
D029,Nila Motors 29,West,Kiranpur,2025-09-01,73.0,95.0,12.78,1.33,12.22,17.65,97.82,31.37,70.4,52.38,13.55
D029,Nila Motors 29,West,Kiranpur,2025-10-01,141.0,179.0,21.03,2.15,10.66,15.85,75.31,31.52,76.18,61.09,9.26
D029,Nila Motors 29,West,Kiranpur,2025-11-01,90.0,160.0,16.53,3.22,14.49,14.46,96.39,23.26,78.3,56.41,11.71
D029,Nila Motors 29,West,Kiranpur,2025-12-01,91.0,108.0,18.49,2.69,12.81,12.65,82.22,25.3,74.82,61.37,11.62
D029,Nila Motors 29,West,Kiranpur,2026-01-01,60.0,78.0,11.59,3.02,11.05,22.52,89.21,28.18,72.38,57.13,11.26
D029,Nila Motors 29,West,Kiranpur,2026-02-01,119.0,131.0,16.05,2.15,13.95,12.71,85.8,20.25,80.19,65.85,10.06
D029,Nila Motors 29,West,Kiranpur,2026-03-01,84.0,93.0,16.3,4.91,9.63,10.01,80.8,26.97,80.51,61.93,9.74
D029,Nila Motors 29,West,Kiranpur,2026-04-01,121.0,161.0,13.74,4.08,8.24,4.08,114.76,29.0,64.49,49.37,13.01
D029,Nila Motors 29,West,Kiranpur,2026-05-01,132.0,155.0,16.21,5.72,9.18,4.92,89.44,19.58,80.71,56.91,7.97
D029,Nila Motors 29,West,Kiranpur,2026-06-01,116.0,152.0,14.18,4.07,7.06,13.85,85.04,19.64,70.83,61.44,12.03
D029,Nila Motors 29,West,Kiranpur,2026-07-01,106.0,114.0,18.07,2.7,7.21,11.42,108.29,27.33,72.77,62.03,12.47
D029,Nila Motors 29,West,Kiranpur,2026-08-01,128.0,135.0,18.05,4.44,10.08,13.61,77.7,17.75,81.28,70.56,8.49
D029,Nila Motors 29,West,Kiranpur,2026-09-01,88.0,118.0,14.45,2.57,5.26,14.0,95.39,24.76,76.91,53.48,7.36
D030,Aruna Motors 30,Central,Taravan,2024-10-01,99.0,115.0,16.6,3.48,16.57,16.77,93.94,21.72,82.93,65.45,10.06
D030,Aruna Motors 30,Central,Taravan,2024-11-01,87.0,105.0,18.89,1.96,10.5,17.43,73.82,18.21,78.72,57.46,10.6
D030,Aruna Motors 30,Central,Taravan,2024-12-01,104.0,161.0,16.33,2.74,19.49,19.78,100.36,19.44,75.83,55.82,12.43
D030,Aruna Motors 30,Central,Taravan,2025-01-01,85.0,85.0,20.61,3.87,16.17,19.67,80.33,26.4,81.53,64.06,8.72
D030,Aruna Motors 30,Central,Taravan,2025-02-01,73.0,79.0,19.33,1.35,23.04,16.36,88.21,26.58,84.66,63.4,9.0
D030,Aruna Motors 30,Central,Taravan,2025-03-01,99.0,113.0,15.9,0.54,16.41,10.91,101.07,24.13,73.99,60.55,8.89
D030,Aruna Motors 30,Central,Taravan,2025-04-01,147.0,147.0,15.42,1.52,13.36,12.47,79.69,16.98,79.84,55.83,8.03
D030,Aruna Motors 30,Central,Taravan,2025-05-01,102.0,110.0,15.69,-0.5,15.77,21.47,101.85,31.2,76.47,55.11,10.08
D030,Aruna Motors 30,Central,Taravan,2025-06-01,95.0,106.0,17.1,5.92,12.76,12.08,72.95,15.19,87.55,67.59,10.41
D030,Aruna Motors 30,Central,Taravan,2025-07-01,136.0,135.0,20.95,2.26,12.16,9.82,78.96,17.19,79.57,59.05,8.67
D030,Aruna Motors 30,Central,Taravan,2025-08-01,166.0,174.0,16.68,5.14,9.68,10.91,82.85,31.42,72.79,58.45,12.18
D030,Aruna Motors 30,Central,Taravan,2025-09-01,86.0,94.0,16.86,3.7,11.85,15.91,84.07,34.72,68.83,52.09,12.39
D030,Aruna Motors 30,Central,Taravan,2025-10-01,157.0,179.0,15.29,4.67,7.71,20.32,68.01,22.93,83.81,66.09,9.48
D030,Aruna Motors 30,Central,Taravan,2025-11-01,127.0,138.0,18.76,4.33,12.91,12.27,73.45,25.53,77.88,61.41,9.29
D030,Aruna Motors 30,Central,Taravan,2025-12-01,60.0,75.0,19.07,3.14,9.01,7.47,100.84,31.54,71.27,49.42,10.88
D030,Aruna Motors 30,Central,Taravan,2026-01-01,149.0,144.0,13.88,1.8,15.27,8.59,93.34,29.21,82.22,59.76,10.43
D030,Aruna Motors 30,Central,Taravan,2026-02-01,128.0,149.0,14.92,2.91,13.94,1.42,83.03,17.07,83.47,67.26,9.26
D030,Aruna Motors 30,Central,Taravan,2026-03-01,90.0,103.0,13.72,2.34,10.12,2.71,79.04,31.81,75.97,61.57,7.57
D030,Aruna Motors 30,Central,Taravan,2026-04-01,125.0,147.0,16.7,3.22,12.57,10.57,72.2,22.29,71.74,62.74,6.82
D030,Aruna Motors 30,Central,Taravan,2026-05-01,112.0,123.0,12.89,-0.46,21.36,15.24,92.46,27.72,72.05,60.66,9.02
D030,Aruna Motors 30,Central,Taravan,2026-06-01,104.0,149.0,15.06,2.12,18.16,22.09,84.98,28.98,83.97,64.56,8.47
D030,Aruna Motors 30,Central,Taravan,2026-07-01,78.0,87.0,17.26,2.92,20.19,19.53,100.11,22.97,78.29,58.99,10.8
D030,Aruna Motors 30,Central,Taravan,2026-08-01,88.0,90.0,19.27,3.19,13.66,32.45,98.3,21.64,76.57,66.05,11.43
D030,Aruna Motors 30,Central,Taravan,2026-09-01,108.0,135.0,16.91,4.37,17.81,27.6,88.51,23.22,72.65,54.3,12.16
D031,Tara Motors 31,North,Aarav Nagar,2024-10-01,92.0,81.0,24.32,3.95,18.21,25.28,77.95,22.42,93.26,70.08,3.99
D031,Tara Motors 31,North,Aarav Nagar,2024-11-01,162.0,138.0,24.46,5.83,9.73,22.39,53.12,10.06,90.6,78.66,3.35
D031,Tara Motors 31,North,Aarav Nagar,2024-12-01,84.0,84.0,22.91,3.13,10.63,17.81,54.69,16.13,93.09,71.02,4.07
D031,Tara Motors 31,North,Aarav Nagar,2025-01-01,137.0,141.0,22.5,6.28,15.04,21.97,61.69,17.24,84.65,76.46,6.77
D031,Tara Motors 31,North,Aarav Nagar,2025-02-01,114.0,106.0,23.55,4.74,15.85,17.96,60.25,11.0,77.54,74.5,4.76
D031,Tara Motors 31,North,Aarav Nagar,2025-03-01,160.0,144.0,22.97,8.09,6.54,10.27,54.82,12.75,94.44,80.66,2.97
D031,Tara Motors 31,North,Aarav Nagar,2025-04-01,152.0,150.0,23.64,5.91,3.52,4.77,63.85,16.32,84.04,79.09,6.69
D031,Tara Motors 31,North,Aarav Nagar,2025-05-01,78.0,72.0,25.8,8.08,7.11,1.21,45.04,11.39,93.49,81.71,4.16
D031,Tara Motors 31,North,Aarav Nagar,2025-06-01,156.0,129.0,29.27,8.9,10.82,9.23,51.0,3.16,93.68,88.82,4.27
D031,Tara Motors 31,North,Aarav Nagar,2025-07-01,130.0,133.0,27.74,7.98,5.56,8.7,69.02,10.42,90.93,69.07,5.0
D031,Tara Motors 31,North,Aarav Nagar,2025-08-01,200.0,175.0,24.68,7.7,11.02,4.52,47.95,1.35,89.32,82.36,1.0
D031,Tara Motors 31,North,Aarav Nagar,2025-09-01,175.0,143.0,21.96,8.52,2.58,13.0,53.34,17.48,88.43,76.97,3.49
D031,Tara Motors 31,North,Aarav Nagar,2025-10-01,136.0,130.0,27.79,11.44,0.0,5.19,63.06,0.0,97.33,83.22,2.68
D031,Tara Motors 31,North,Aarav Nagar,2025-11-01,82.0,85.0,23.45,8.44,0.0,4.72,47.26,4.37,88.28,79.5,5.2
D031,Tara Motors 31,North,Aarav Nagar,2025-12-01,127.0,106.0,28.64,10.52,2.52,5.04,36.64,6.56,89.91,88.31,2.55
D031,Tara Motors 31,North,Aarav Nagar,2026-01-01,111.0,97.0,30.28,10.51,0.5,2.63,58.88,11.63,86.57,72.48,5.0
D031,Tara Motors 31,North,Aarav Nagar,2026-02-01,163.0,149.0,28.43,8.65,9.06,0.0,35.53,0.0,92.43,77.03,3.72
D031,Tara Motors 31,North,Aarav Nagar,2026-03-01,142.0,130.0,23.75,10.62,1.64,0.0,44.25,1.38,89.87,73.74,2.65
D031,Tara Motors 31,North,Aarav Nagar,2026-04-01,161.0,150.0,23.14,10.67,1.99,7.42,43.61,7.68,86.86,74.15,2.38
D031,Tara Motors 31,North,Aarav Nagar,2026-05-01,140.0,140.0,26.11,9.54,0.0,9.96,53.37,7.19,89.57,80.3,4.05
D031,Tara Motors 31,North,Aarav Nagar,2026-06-01,80.0,81.0,22.23,9.24,4.38,0.0,53.81,6.16,88.47,81.11,1.16
D031,Tara Motors 31,North,Aarav Nagar,2026-07-01,131.0,125.0,29.92,11.73,4.12,0.0,50.74,0.0,93.05,79.34,2.56
D031,Tara Motors 31,North,Aarav Nagar,2026-08-01,103.0,96.0,22.94,9.3,2.91,4.78,41.84,8.25,90.33,76.89,3.74
D031,Tara Motors 31,North,Aarav Nagar,2026-09-01,84.0,82.0,23.05,11.13,3.25,3.15,49.11,8.78,87.11,76.82,4.28
D032,Veda Motors 32,South,Neelapur,2024-10-01,113.0,137.0,18.62,9.03,6.91,23.7,55.48,17.18,87.94,72.27,6.18
D032,Veda Motors 32,South,Neelapur,2024-11-01,74.0,78.0,22.21,9.74,5.95,17.4,67.47,14.39,87.89,75.14,7.37
D032,Veda Motors 32,South,Neelapur,2024-12-01,135.0,132.0,22.69,10.48,1.29,8.75,66.38,8.12,88.82,86.66,4.03
D032,Veda Motors 32,South,Neelapur,2025-01-01,181.0,173.0,20.24,7.54,2.3,3.69,51.08,13.63,80.08,77.95,4.65
D032,Veda Motors 32,South,Neelapur,2025-02-01,171.0,152.0,18.88,6.11,6.85,2.88,73.66,17.61,81.52,69.6,6.92
D032,Veda Motors 32,South,Neelapur,2025-03-01,170.0,176.0,23.33,6.9,1.31,13.96,50.97,7.27,87.26,72.56,6.48
D032,Veda Motors 32,South,Neelapur,2025-04-01,138.0,139.0,21.03,6.19,0.67,7.69,53.67,18.74,86.23,68.25,6.16
D032,Veda Motors 32,South,Neelapur,2025-05-01,103.0,109.0,25.33,9.17,7.1,8.03,68.66,11.42,86.33,70.17,9.49
D032,Veda Motors 32,South,Neelapur,2025-06-01,109.0,121.0,26.55,8.02,0.03,6.9,52.67,4.71,89.59,71.25,6.05
D032,Veda Motors 32,South,Neelapur,2025-07-01,154.0,164.0,23.1,11.51,5.63,3.67,52.45,6.97,89.34,78.2,4.42
D032,Veda Motors 32,South,Neelapur,2025-08-01,116.0,125.0,24.5,9.01,0.0,0.0,57.12,3.2,90.03,74.8,8.44
D032,Veda Motors 32,South,Neelapur,2025-09-01,112.0,114.0,21.35,11.18,1.97,0.0,61.2,7.72,88.77,77.35,6.77
D032,Veda Motors 32,South,Neelapur,2025-10-01,137.0,140.0,17.08,9.58,2.3,8.8,57.95,8.7,85.67,73.63,6.58
D032,Veda Motors 32,South,Neelapur,2025-11-01,73.0,72.0,22.18,9.21,0.0,10.37,57.79,3.67,85.14,68.06,5.29
D032,Veda Motors 32,South,Neelapur,2025-12-01,79.0,72.0,23.0,8.82,2.56,9.66,46.73,5.88,93.62,83.27,2.09
D032,Veda Motors 32,South,Neelapur,2026-01-01,161.0,151.0,26.59,7.64,1.39,9.53,67.5,10.09,84.13,69.93,3.11
D032,Veda Motors 32,South,Neelapur,2026-02-01,122.0,135.0,21.97,6.39,0.0,12.86,63.98,10.23,89.69,66.66,5.72
D032,Veda Motors 32,South,Neelapur,2026-03-01,115.0,111.0,24.74,6.9,9.6,13.14,55.46,9.38,87.67,66.64,7.55
D032,Veda Motors 32,South,Neelapur,2026-04-01,151.0,144.0,21.13,6.08,9.28,10.71,62.95,12.15,86.62,80.83,5.44
D032,Veda Motors 32,South,Neelapur,2026-05-01,144.0,139.0,23.33,7.66,7.66,7.96,68.95,17.73,88.38,78.95,6.43
D032,Veda Motors 32,South,Neelapur,2026-06-01,133.0,126.0,24.37,7.04,7.41,11.72,57.55,17.16,81.61,70.84,7.64
D032,Veda Motors 32,South,Neelapur,2026-07-01,141.0,176.0,23.34,8.64,12.2,14.17,66.27,19.14,88.31,75.62,6.52
D032,Veda Motors 32,South,Neelapur,2026-08-01,153.0,147.0,22.33,7.26,3.61,7.69,65.49,15.77,83.21,68.98,7.64
D032,Veda Motors 32,South,Neelapur,2026-09-01,82.0,76.0,21.89,7.01,13.72,15.89,50.38,14.29,85.69,68.5,9.47
D033,Uday Motors 33,East,Suryabad,2024-10-01,170.0,175.0,19.45,8.0,0.0,15.34,59.15,17.06,87.69,69.77,8.46
D033,Uday Motors 33,East,Suryabad,2024-11-01,163.0,157.0,19.11,6.45,5.27,4.38,79.83,13.55,76.26,68.95,5.26
D033,Uday Motors 33,East,Suryabad,2024-12-01,124.0,130.0,23.27,4.47,9.53,9.86,73.16,23.43,79.37,72.27,8.27
D033,Uday Motors 33,East,Suryabad,2025-01-01,136.0,135.0,21.33,5.91,8.94,10.14,64.43,15.62,78.81,74.1,5.47
D033,Uday Motors 33,East,Suryabad,2025-02-01,126.0,141.0,19.48,4.22,15.06,15.72,72.06,12.65,82.19,63.51,6.34
D033,Uday Motors 33,East,Suryabad,2025-03-01,105.0,96.0,16.97,3.48,9.69,9.47,80.71,21.4,75.44,77.15,8.17
D033,Uday Motors 33,East,Suryabad,2025-04-01,132.0,166.0,18.61,0.79,17.6,22.29,70.16,20.18,79.06,66.58,8.87
D033,Uday Motors 33,East,Suryabad,2025-05-01,154.0,178.0,24.36,2.8,20.56,23.37,90.75,21.81,87.24,58.75,6.91
D033,Uday Motors 33,East,Suryabad,2025-06-01,112.0,150.0,21.21,1.2,19.58,15.15,86.64,19.11,84.65,68.91,7.99
D033,Uday Motors 33,East,Suryabad,2025-07-01,64.0,88.0,17.03,1.44,17.63,9.26,82.65,33.19,77.9,63.69,10.22
D033,Uday Motors 33,East,Suryabad,2025-08-01,128.0,160.0,16.67,2.74,16.22,16.04,82.81,21.6,84.58,64.49,7.72
D033,Uday Motors 33,East,Suryabad,2025-09-01,93.0,104.0,14.07,1.11,19.64,8.67,90.66,19.51,74.92,56.15,7.58
D033,Uday Motors 33,East,Suryabad,2025-10-01,67.0,73.0,18.48,1.17,15.77,16.01,71.82,19.98,80.88,66.23,13.23
D033,Uday Motors 33,East,Suryabad,2025-11-01,122.0,147.0,16.31,2.59,14.9,10.56,86.71,24.01,72.72,59.53,9.55
D033,Uday Motors 33,East,Suryabad,2025-12-01,99.0,128.0,20.04,1.73,18.73,13.37,92.6,22.38,77.43,66.5,9.2
D033,Uday Motors 33,East,Suryabad,2026-01-01,83.0,88.0,17.73,1.18,16.09,18.06,76.14,23.81,79.97,57.8,9.2
D033,Uday Motors 33,East,Suryabad,2026-02-01,117.0,113.0,20.39,1.89,12.88,18.53,80.85,24.36,80.14,71.25,5.54
D033,Uday Motors 33,East,Suryabad,2026-03-01,94.0,95.0,21.54,3.95,9.13,11.8,80.59,24.33,73.0,60.8,11.97
D033,Uday Motors 33,East,Suryabad,2026-04-01,91.0,111.0,17.57,4.72,15.78,12.06,80.37,21.68,82.26,60.88,7.83
D033,Uday Motors 33,East,Suryabad,2026-05-01,79.0,87.0,16.31,4.02,15.71,14.81,67.51,19.48,79.78,64.33,8.87
D033,Uday Motors 33,East,Suryabad,2026-06-01,67.0,71.0,18.46,5.82,18.24,9.9,92.94,16.63,83.14,71.21,9.44
D033,Uday Motors 33,East,Suryabad,2026-07-01,111.0,122.0,15.3,3.43,14.02,13.38,86.24,24.01,79.96,65.05,10.3
D033,Uday Motors 33,East,Suryabad,2026-08-01,120.0,150.0,16.54,4.26,11.32,16.45,61.99,19.58,83.32,63.91,8.71
D033,Uday Motors 33,East,Suryabad,2026-09-01,105.0,145.0,23.77,4.87,20.17,20.79,68.23,12.29,82.96,68.49,8.67
D034,Nila Motors 34,West,Kiranpur,2024-10-01,138.0,125.0,24.63,4.26,8.23,16.75,67.89,14.28,86.49,71.79,6.06
D034,Nila Motors 34,West,Kiranpur,2024-11-01,107.0,123.0,20.3,5.62,14.3,21.31,79.76,19.9,85.12,75.09,8.33
D034,Nila Motors 34,West,Kiranpur,2024-12-01,124.0,118.0,19.08,4.7,13.84,20.77,74.59,20.36,83.63,61.22,8.07
D034,Nila Motors 34,West,Kiranpur,2025-01-01,68.0,76.0,19.5,6.95,12.68,23.65,62.17,15.94,89.89,72.17,4.72
D034,Nila Motors 34,West,Kiranpur,2025-02-01,87.0,89.0,22.84,5.36,9.8,12.88,77.76,14.11,85.17,67.07,5.36
D034,Nila Motors 34,West,Kiranpur,2025-03-01,108.0,103.0,26.63,4.8,6.59,15.73,57.91,12.83,83.94,74.83,7.98
D034,Nila Motors 34,West,Kiranpur,2025-04-01,128.0,140.0,25.97,4.21,9.31,24.9,65.98,13.34,88.87,72.92,5.04
D034,Nila Motors 34,West,Kiranpur,2025-05-01,132.0,143.0,21.5,6.39,11.94,14.82,57.25,5.59,89.35,72.38,6.64
D034,Nila Motors 34,West,Kiranpur,2025-06-01,118.0,116.0,20.97,6.12,3.6,13.45,60.8,6.69,88.85,76.59,7.99
D034,Nila Motors 34,West,Kiranpur,2025-07-01,94.0,83.0,22.19,6.71,0.6,9.11,74.23,13.2,80.63,69.57,4.57
D034,Nila Motors 34,West,Kiranpur,2025-08-01,144.0,146.0,23.68,6.51,15.78,5.76,60.54,10.78,82.15,71.59,4.18
D034,Nila Motors 34,West,Kiranpur,2025-09-01,116.0,131.0,21.38,8.85,10.23,5.43,51.62,11.23,84.14,70.28,5.26
D034,Nila Motors 34,West,Kiranpur,2025-10-01,97.0,104.0,22.14,7.85,5.39,15.42,44.47,5.28,85.87,78.14,7.64
D034,Nila Motors 34,West,Kiranpur,2025-11-01,156.0,142.0,21.35,6.59,5.78,9.92,48.31,10.09,89.4,78.14,6.63
D034,Nila Motors 34,West,Kiranpur,2025-12-01,112.0,116.0,22.49,10.49,5.77,5.6,63.08,8.98,90.72,78.48,6.93
D034,Nila Motors 34,West,Kiranpur,2026-01-01,156.0,153.0,21.81,7.63,4.83,13.11,58.53,13.98,80.88,76.82,4.97
D034,Nila Motors 34,West,Kiranpur,2026-02-01,148.0,153.0,20.97,5.99,5.04,11.1,75.85,6.99,83.76,69.5,7.74
D034,Nila Motors 34,West,Kiranpur,2026-03-01,73.0,72.0,20.4,4.89,5.41,9.21,78.29,12.24,81.66,68.27,7.53
D034,Nila Motors 34,West,Kiranpur,2026-04-01,107.0,95.0,27.2,8.11,5.6,9.61,44.4,3.92,95.47,79.04,1.0
D034,Nila Motors 34,West,Kiranpur,2026-05-01,201.0,170.0,23.89,8.54,0.61,5.75,41.39,8.86,91.1,79.57,4.11
D034,Nila Motors 34,West,Kiranpur,2026-06-01,97.0,85.0,21.78,7.62,1.85,6.28,57.71,13.41,85.7,67.87,4.15
D034,Nila Motors 34,West,Kiranpur,2026-07-01,75.0,71.0,24.13,7.77,2.99,6.41,63.78,17.83,87.82,76.66,5.67
D034,Nila Motors 34,West,Kiranpur,2026-08-01,78.0,99.0,21.52,7.08,1.56,6.04,69.9,11.12,83.98,79.61,8.35
D034,Nila Motors 34,West,Kiranpur,2026-09-01,90.0,77.0,24.13,6.49,2.45,5.64,66.41,12.81,82.73,76.35,5.64
D035,Aruna Motors 35,Central,Taravan,2024-10-01,138.0,121.0,23.65,7.28,17.74,14.51,55.47,2.0,93.22,77.08,3.5
D035,Aruna Motors 35,Central,Taravan,2024-11-01,90.0,88.0,25.1,6.26,9.96,19.82,62.44,17.5,89.47,78.62,5.65
D035,Aruna Motors 35,Central,Taravan,2024-12-01,94.0,97.0,23.1,6.7,15.07,14.41,51.63,11.6,87.86,80.2,4.47
D035,Aruna Motors 35,Central,Taravan,2025-01-01,122.0,122.0,21.44,6.57,11.47,14.2,54.38,10.12,91.17,75.43,6.89
D035,Aruna Motors 35,Central,Taravan,2025-02-01,184.0,162.0,26.07,6.22,11.64,9.59,55.5,8.68,89.0,81.05,5.84
D035,Aruna Motors 35,Central,Taravan,2025-03-01,87.0,89.0,21.57,6.96,8.91,10.36,51.56,17.09,86.41,82.04,3.6
D035,Aruna Motors 35,Central,Taravan,2025-04-01,105.0,90.0,23.38,6.36,2.05,4.35,47.04,10.57,86.14,75.01,2.22
D035,Aruna Motors 35,Central,Taravan,2025-05-01,138.0,158.0,21.61,5.73,9.75,14.95,52.2,20.2,88.39,75.69,7.93
D035,Aruna Motors 35,Central,Taravan,2025-06-01,119.0,122.0,27.69,7.14,10.48,9.07,54.1,17.15,84.38,70.15,4.62
D035,Aruna Motors 35,Central,Taravan,2025-07-01,183.0,175.0,22.76,6.73,12.78,8.36,61.66,14.74,92.83,84.79,2.4
D035,Aruna Motors 35,Central,Taravan,2025-08-01,141.0,134.0,25.67,4.97,7.21,11.79,57.92,7.06,88.63,76.65,6.86
D035,Aruna Motors 35,Central,Taravan,2025-09-01,175.0,177.0,23.81,6.61,15.29,13.64,61.93,7.68,83.7,75.61,1.79
D035,Aruna Motors 35,Central,Taravan,2025-10-01,96.0,82.0,23.59,5.76,9.38,9.65,56.44,13.56,96.6,86.25,3.61
D035,Aruna Motors 35,Central,Taravan,2025-11-01,90.0,89.0,23.14,6.5,6.6,0.53,53.41,13.9,96.21,72.75,2.47
D035,Aruna Motors 35,Central,Taravan,2025-12-01,146.0,138.0,24.16,5.73,8.18,4.52,68.41,14.57,85.78,71.95,7.64
D035,Aruna Motors 35,Central,Taravan,2026-01-01,88.0,82.0,22.67,6.91,13.28,14.89,83.49,15.4,91.22,78.41,5.04
D035,Aruna Motors 35,Central,Taravan,2026-02-01,73.0,70.0,22.06,5.34,7.73,16.51,78.07,12.87,90.75,76.77,6.16
D035,Aruna Motors 35,Central,Taravan,2026-03-01,103.0,89.0,23.41,7.63,13.67,8.79,58.96,15.32,88.33,71.47,5.28
D035,Aruna Motors 35,Central,Taravan,2026-04-01,217.0,178.0,20.49,7.89,7.29,6.86,52.68,10.4,91.98,81.2,5.12
D035,Aruna Motors 35,Central,Taravan,2026-05-01,129.0,126.0,25.84,7.5,7.5,12.41,44.62,3.44,91.46,81.07,2.56
D035,Aruna Motors 35,Central,Taravan,2026-06-01,92.0,94.0,25.7,7.8,7.87,17.92,45.48,11.79,88.13,84.22,3.76
D035,Aruna Motors 35,Central,Taravan,2026-07-01,88.0,73.0,23.94,8.97,3.61,12.3,44.41,8.62,88.95,81.41,4.46
D035,Aruna Motors 35,Central,Taravan,2026-08-01,85.0,91.0,20.46,7.66,4.94,13.24,59.49,13.73,86.97,72.1,7.04
D035,Aruna Motors 35,Central,Taravan,2026-09-01,99.0,103.0,24.6,7.38,6.71,1.42,41.0,9.49,86.59,81.71,4.25
D036,Tara Motors 36,North,Aarav Nagar,2024-10-01,87.0,104.0,12.96,2.37,8.59,3.87,102.54,31.73,65.96,56.77,15.86
D036,Tara Motors 36,North,Aarav Nagar,2024-11-01,94.0,127.0,13.49,1.43,9.44,2.04,103.21,28.78,68.25,50.73,13.27
D036,Tara Motors 36,North,Aarav Nagar,2024-12-01,54.0,84.0,12.66,1.59,9.95,10.5,105.55,33.15,72.38,53.02,13.5
D036,Tara Motors 36,North,Aarav Nagar,2025-01-01,96.0,136.0,13.09,3.29,4.47,17.79,89.92,34.58,68.8,48.69,13.58
D036,Tara Motors 36,North,Aarav Nagar,2025-02-01,132.0,154.0,13.62,1.13,14.27,9.04,97.61,21.5,70.61,67.69,12.43
D036,Tara Motors 36,North,Aarav Nagar,2025-03-01,97.0,124.0,14.22,1.84,14.14,20.36,94.61,31.11,67.56,55.01,14.74
D036,Tara Motors 36,North,Aarav Nagar,2025-04-01,139.0,176.0,10.82,0.93,14.19,10.02,113.2,33.06,72.78,51.86,14.6
D036,Tara Motors 36,North,Aarav Nagar,2025-05-01,53.0,96.0,11.59,2.22,7.8,16.54,93.18,35.82,72.49,49.8,12.56
D036,Tara Motors 36,North,Aarav Nagar,2025-06-01,112.0,159.0,11.55,1.41,12.62,15.76,102.96,40.71,65.37,50.69,14.0
D036,Tara Motors 36,North,Aarav Nagar,2025-07-01,73.0,109.0,12.17,3.49,8.89,12.82,101.0,33.96,70.22,57.93,13.6
D036,Tara Motors 36,North,Aarav Nagar,2025-08-01,54.0,80.0,10.55,2.1,16.5,24.06,95.61,21.69,66.84,54.35,13.29
D036,Tara Motors 36,North,Aarav Nagar,2025-09-01,135.0,174.0,13.85,1.41,14.35,25.92,103.0,26.23,70.14,55.53,15.06
D036,Tara Motors 36,North,Aarav Nagar,2025-10-01,129.0,167.0,12.76,0.66,8.25,17.18,80.49,16.41,69.22,62.38,15.78
D036,Tara Motors 36,North,Aarav Nagar,2025-11-01,60.0,99.0,8.68,0.33,12.46,10.08,106.76,34.94,65.09,48.89,12.87
D036,Tara Motors 36,North,Aarav Nagar,2025-12-01,73.0,134.0,10.45,-0.27,16.19,15.87,100.2,34.78,68.45,43.78,14.99
D036,Tara Motors 36,North,Aarav Nagar,2026-01-01,93.0,141.0,14.3,1.15,13.31,17.82,104.56,31.63,71.01,56.09,13.98
D036,Tara Motors 36,North,Aarav Nagar,2026-02-01,105.0,139.0,11.82,2.49,12.07,17.96,83.67,29.37,76.63,49.94,13.52
D036,Tara Motors 36,North,Aarav Nagar,2026-03-01,112.0,179.0,9.11,0.4,8.06,27.41,112.51,35.64,67.76,38.94,15.52
D036,Tara Motors 36,North,Aarav Nagar,2026-04-01,52.0,78.0,10.11,0.31,10.73,28.21,93.66,30.71,65.15,45.87,14.69
D036,Tara Motors 36,North,Aarav Nagar,2026-05-01,91.0,98.0,17.0,0.54,9.15,21.94,89.82,33.59,67.98,53.5,16.26
D036,Tara Motors 36,North,Aarav Nagar,2026-06-01,122.0,147.0,10.72,2.05,12.28,22.99,97.47,26.61,65.77,50.06,9.87
D036,Tara Motors 36,North,Aarav Nagar,2026-07-01,70.0,91.0,10.69,0.26,12.98,24.76,113.87,27.92,65.82,46.56,11.52
D036,Tara Motors 36,North,Aarav Nagar,2026-08-01,148.0,156.0,12.71,0.44,10.68,28.57,105.9,31.11,71.29,48.2,13.72
D036,Tara Motors 36,North,Aarav Nagar,2026-09-01,99.0,117.0,16.81,-0.7,17.4,21.2,78.34,33.85,63.47,50.34,11.33
D037,Veda Motors 37,South,Neelapur,2024-10-01,90.0,126.0,13.86,5.8,8.73,25.43,79.67,22.68,72.2,55.02,9.19
D037,Veda Motors 37,South,Neelapur,2024-11-01,133.0,169.0,14.65,4.93,10.53,18.29,100.6,24.01,71.33,56.23,10.92
D037,Veda Motors 37,South,Neelapur,2024-12-01,89.0,103.0,13.37,3.26,13.03,13.39,90.4,18.66,72.18,59.14,14.21
D037,Veda Motors 37,South,Neelapur,2025-01-01,80.0,97.0,18.53,0.91,17.94,9.68,96.06,27.48,74.26,56.12,13.47
D037,Veda Motors 37,South,Neelapur,2025-02-01,93.0,109.0,16.97,2.41,13.14,11.84,78.56,26.83,70.16,58.97,9.98
D037,Veda Motors 37,South,Neelapur,2025-03-01,127.0,125.0,15.51,0.76,14.67,7.18,101.88,28.72,74.87,52.07,11.0
D037,Veda Motors 37,South,Neelapur,2025-04-01,88.0,110.0,19.66,1.08,17.82,19.5,92.02,27.5,68.05,60.19,8.48
D037,Veda Motors 37,South,Neelapur,2025-05-01,67.0,78.0,15.53,0.06,25.64,25.64,84.04,17.41,81.0,69.37,12.22
D037,Veda Motors 37,South,Neelapur,2025-06-01,129.0,150.0,17.98,-0.17,20.5,25.77,85.58,24.6,81.94,69.03,10.32
D037,Veda Motors 37,South,Neelapur,2025-07-01,146.0,151.0,12.63,1.0,19.84,27.46,98.47,35.16,80.63,58.23,12.11
D037,Veda Motors 37,South,Neelapur,2025-08-01,125.0,149.0,13.66,0.56,15.15,25.67,86.91,29.33,75.28,62.47,10.01
D037,Veda Motors 37,South,Neelapur,2025-09-01,61.0,76.0,14.15,0.86,22.74,24.04,107.89,30.87,69.74,64.19,13.26
D037,Veda Motors 37,South,Neelapur,2025-10-01,77.0,84.0,12.83,-0.33,23.61,22.33,121.13,28.62,76.96,56.93,9.99
D037,Veda Motors 37,South,Neelapur,2025-11-01,80.0,95.0,17.05,-0.16,18.68,18.22,96.68,30.43,74.16,62.35,11.92
D037,Veda Motors 37,South,Neelapur,2025-12-01,145.0,166.0,16.91,-0.41,21.01,21.48,90.62,33.8,67.05,53.66,17.36
D037,Veda Motors 37,South,Neelapur,2026-01-01,64.0,81.0,13.8,3.27,19.66,23.0,95.38,26.06,73.64,65.41,11.54
D037,Veda Motors 37,South,Neelapur,2026-02-01,142.0,179.0,11.98,-1.6,20.02,25.84,102.22,37.77,70.34,46.08,13.44
D037,Veda Motors 37,South,Neelapur,2026-03-01,77.0,93.0,16.86,-0.87,17.59,22.58,92.72,28.19,80.36,69.46,12.41
D037,Veda Motors 37,South,Neelapur,2026-04-01,109.0,121.0,18.21,1.56,17.71,19.18,97.56,32.34,78.76,61.02,9.2
D037,Veda Motors 37,South,Neelapur,2026-05-01,115.0,139.0,11.29,0.02,17.22,21.2,90.67,31.61,70.73,52.72,12.34
D037,Veda Motors 37,South,Neelapur,2026-06-01,92.0,119.0,12.53,0.33,13.32,18.6,80.03,25.09,79.79,54.0,10.56
D037,Veda Motors 37,South,Neelapur,2026-07-01,90.0,102.0,19.1,4.39,13.31,16.39,76.97,17.79,79.49,59.32,8.52
D037,Veda Motors 37,South,Neelapur,2026-08-01,53.0,80.0,14.31,-0.89,15.76,16.14,116.26,33.99,71.14,68.25,10.94
D037,Veda Motors 37,South,Neelapur,2026-09-01,131.0,174.0,17.42,2.67,12.7,15.17,95.01,22.23,77.73,65.21,7.97
D038,Uday Motors 38,East,Suryabad,2024-10-01,132.0,150.0,15.96,0.65,17.8,19.98,95.74,25.07,73.78,62.84,5.92
D038,Uday Motors 38,East,Suryabad,2024-11-01,56.0,75.0,12.63,0.62,13.9,26.01,95.13,30.35,69.72,53.08,11.01
D038,Uday Motors 38,East,Suryabad,2024-12-01,119.0,145.0,14.53,1.23,16.9,25.1,106.19,39.92,68.7,48.9,10.79
D038,Uday Motors 38,East,Suryabad,2025-01-01,86.0,107.0,16.36,2.08,14.94,19.38,74.71,35.72,77.87,63.98,9.81
D038,Uday Motors 38,East,Suryabad,2025-02-01,112.0,177.0,14.63,0.98,14.5,15.12,88.89,23.78,68.22,58.71,10.99
D038,Uday Motors 38,East,Suryabad,2025-03-01,51.0,71.0,8.38,0.89,12.11,16.04,102.43,28.27,67.88,57.0,14.11
D038,Uday Motors 38,East,Suryabad,2025-04-01,144.0,177.0,15.7,2.67,14.61,19.72,93.05,27.76,78.83,59.67,12.0
D038,Uday Motors 38,East,Suryabad,2025-05-01,131.0,164.0,13.58,1.76,11.37,7.43,96.81,30.4,72.55,58.14,14.84
D038,Uday Motors 38,East,Suryabad,2025-06-01,79.0,98.0,13.09,0.85,12.74,11.85,102.69,30.55,77.63,51.2,14.43
D038,Uday Motors 38,East,Suryabad,2025-07-01,120.0,141.0,12.87,0.45,11.73,11.76,90.33,35.53,70.94,57.18,14.11
D038,Uday Motors 38,East,Suryabad,2025-08-01,84.0,127.0,8.74,1.6,13.93,16.53,108.81,29.71,66.38,43.09,14.41
D038,Uday Motors 38,East,Suryabad,2025-09-01,142.0,158.0,7.5,0.14,11.28,14.18,116.76,31.82,68.25,47.44,13.72
D038,Uday Motors 38,East,Suryabad,2025-10-01,135.0,154.0,14.78,2.76,5.19,17.39,82.58,30.53,72.09,58.05,10.51
D038,Uday Motors 38,East,Suryabad,2025-11-01,65.0,79.0,15.19,2.61,7.37,15.15,93.72,24.2,71.58,64.2,10.52
D038,Uday Motors 38,East,Suryabad,2025-12-01,57.0,72.0,13.65,2.59,5.25,15.82,87.51,17.93,75.52,54.15,10.46
D038,Uday Motors 38,East,Suryabad,2026-01-01,106.0,160.0,11.69,1.96,4.5,11.51,103.15,25.78,63.01,50.61,14.45
D038,Uday Motors 38,East,Suryabad,2026-02-01,98.0,114.0,14.44,0.35,9.57,9.36,105.56,25.33,73.52,52.58,12.9
D038,Uday Motors 38,East,Suryabad,2026-03-01,124.0,161.0,12.86,1.98,10.54,8.0,91.24,30.28,65.93,56.67,13.15
D038,Uday Motors 38,East,Suryabad,2026-04-01,88.0,125.0,16.25,1.68,8.4,11.79,97.97,26.02,69.07,51.08,13.74
D038,Uday Motors 38,East,Suryabad,2026-05-01,80.0,93.0,12.98,0.16,17.19,14.72,90.96,32.03,69.02,47.02,14.96
D038,Uday Motors 38,East,Suryabad,2026-06-01,134.0,179.0,16.18,1.11,18.16,7.22,100.9,28.61,73.58,58.25,13.14
D038,Uday Motors 38,East,Suryabad,2026-07-01,69.0,112.0,13.19,1.32,11.05,18.91,87.85,29.64,72.97,46.07,13.06
D038,Uday Motors 38,East,Suryabad,2026-08-01,133.0,152.0,14.37,-0.57,12.33,18.42,109.66,30.94,65.35,46.44,11.26
D038,Uday Motors 38,East,Suryabad,2026-09-01,51.0,75.0,11.95,3.16,11.6,12.03,97.01,31.5,68.68,54.41,13.6
D039,Nila Motors 39,West,Kiranpur,2024-10-01,133.0,153.0,19.27,2.37,23.46,8.1,81.34,25.12,86.22,72.95,6.06
D039,Nila Motors 39,West,Kiranpur,2024-11-01,149.0,143.0,27.28,3.13,20.4,14.13,72.4,17.52,87.41,79.69,4.83
D039,Nila Motors 39,West,Kiranpur,2024-12-01,171.0,154.0,28.14,3.5,19.83,14.13,62.32,15.7,89.81,83.69,4.46
D039,Nila Motors 39,West,Kiranpur,2025-01-01,83.0,74.0,23.16,5.54,20.4,14.04,73.83,16.93,89.6,80.09,4.97
D039,Nila Motors 39,West,Kiranpur,2025-02-01,120.0,104.0,22.4,2.0,15.71,19.83,84.89,26.82,89.44,79.17,8.11
D039,Nila Motors 39,West,Kiranpur,2025-03-01,158.0,144.0,22.26,4.84,21.39,21.99,65.28,15.5,90.66,74.78,3.17
D039,Nila Motors 39,West,Kiranpur,2025-04-01,201.0,173.0,26.27,5.08,10.91,19.13,59.27,16.56,91.28,79.66,4.86
D039,Nila Motors 39,West,Kiranpur,2025-05-01,90.0,93.0,29.13,5.3,13.71,19.08,67.15,12.68,89.76,77.99,3.57
D039,Nila Motors 39,West,Kiranpur,2025-06-01,170.0,157.0,20.11,6.02,13.23,23.52,93.76,17.61,92.04,79.11,4.0
D039,Nila Motors 39,West,Kiranpur,2025-07-01,90.0,94.0,26.3,7.94,6.83,9.72,55.72,5.94,88.32,76.26,2.59
D039,Nila Motors 39,West,Kiranpur,2025-08-01,119.0,133.0,21.69,9.67,1.77,10.4,64.43,12.8,89.83,75.25,5.58
D039,Nila Motors 39,West,Kiranpur,2025-09-01,159.0,174.0,25.55,9.02,2.06,7.57,56.46,10.63,84.52,68.38,4.64
D039,Nila Motors 39,West,Kiranpur,2025-10-01,96.0,89.0,22.23,6.69,5.04,6.23,59.94,12.84,92.73,71.23,1.77
D039,Nila Motors 39,West,Kiranpur,2025-11-01,144.0,163.0,18.68,7.2,0.89,5.78,67.57,11.74,83.29,69.32,7.18
D039,Nila Motors 39,West,Kiranpur,2025-12-01,83.0,89.0,21.57,7.5,11.54,6.47,48.32,9.98,88.23,74.56,7.28
D039,Nila Motors 39,West,Kiranpur,2026-01-01,194.0,168.0,25.36,7.61,5.08,10.03,60.96,12.86,84.5,78.42,6.34
D039,Nila Motors 39,West,Kiranpur,2026-02-01,111.0,114.0,21.79,8.89,8.81,7.1,62.18,16.48,89.65,80.0,8.55
D039,Nila Motors 39,West,Kiranpur,2026-03-01,81.0,82.0,22.41,8.24,0.65,8.26,73.02,7.22,88.04,75.45,4.09
D039,Nila Motors 39,West,Kiranpur,2026-04-01,155.0,158.0,18.91,10.88,2.29,8.21,64.18,9.46,83.77,80.7,3.69
D039,Nila Motors 39,West,Kiranpur,2026-05-01,167.0,171.0,21.39,9.22,0.0,3.1,52.61,9.1,84.45,82.56,4.54
D039,Nila Motors 39,West,Kiranpur,2026-06-01,144.0,119.0,24.14,9.99,7.15,1.99,59.45,16.73,89.6,75.47,6.48
D039,Nila Motors 39,West,Kiranpur,2026-07-01,62.0,75.0,20.85,6.36,3.65,0.0,67.14,15.09,80.52,73.55,7.44
D039,Nila Motors 39,West,Kiranpur,2026-08-01,119.0,107.0,21.99,8.73,0.0,0.0,49.15,3.55,88.52,79.55,4.09
D039,Nila Motors 39,West,Kiranpur,2026-09-01,74.0,77.0,21.7,8.01,0.0,6.14,61.35,9.82,87.76,80.45,7.8
D040,Aruna Motors 40,Central,Taravan,2024-10-01,75.0,74.0,19.66,1.87,14.01,5.64,73.94,19.2,80.95,75.16,8.8
D040,Aruna Motors 40,Central,Taravan,2024-11-01,78.0,79.0,19.82,2.81,16.0,13.83,74.54,19.17,86.65,67.31,7.44
D040,Aruna Motors 40,Central,Taravan,2024-12-01,120.0,98.0,22.42,2.25,17.29,15.97,87.57,16.19,87.38,71.61,6.13
D040,Aruna Motors 40,Central,Taravan,2025-01-01,96.0,113.0,22.57,0.72,22.18,18.43,89.3,25.95,75.91,71.83,7.72
D040,Aruna Motors 40,Central,Taravan,2025-02-01,129.0,148.0,21.0,2.71,22.29,11.83,69.25,26.65,88.1,70.75,5.09
D040,Aruna Motors 40,Central,Taravan,2025-03-01,80.0,77.0,18.67,1.35,18.9,12.31,74.58,22.57,85.41,69.46,8.07
D040,Aruna Motors 40,Central,Taravan,2025-04-01,187.0,174.0,23.52,4.57,16.61,15.48,66.23,17.91,85.67,75.98,5.64
D040,Aruna Motors 40,Central,Taravan,2025-05-01,132.0,112.0,21.22,3.24,15.08,20.69,64.62,14.69,85.31,83.24,7.97
D040,Aruna Motors 40,Central,Taravan,2025-06-01,111.0,106.0,28.0,3.93,15.21,20.66,75.25,21.15,86.77,76.44,4.36
D040,Aruna Motors 40,Central,Taravan,2025-07-01,148.0,137.0,22.32,5.7,18.25,16.09,71.7,21.46,85.25,66.53,5.98
D040,Aruna Motors 40,Central,Taravan,2025-08-01,110.0,115.0,22.16,4.79,11.79,15.06,69.54,14.42,85.48,72.92,5.33
D040,Aruna Motors 40,Central,Taravan,2025-09-01,116.0,97.0,22.11,4.81,11.42,13.76,59.81,19.12,84.7,72.05,5.34
D040,Aruna Motors 40,Central,Taravan,2025-10-01,109.0,112.0,23.79,6.46,10.54,9.85,85.03,16.45,83.8,70.37,9.74
D040,Aruna Motors 40,Central,Taravan,2025-11-01,138.0,149.0,23.1,7.12,7.06,12.07,68.89,8.29,86.58,71.65,10.71
D040,Aruna Motors 40,Central,Taravan,2025-12-01,106.0,109.0,20.66,7.5,8.5,2.87,67.81,13.47,86.96,74.91,6.76
D040,Aruna Motors 40,Central,Taravan,2026-01-01,124.0,131.0,22.32,7.32,3.33,6.05,49.14,17.66,91.72,69.76,6.13
D040,Aruna Motors 40,Central,Taravan,2026-02-01,134.0,150.0,20.87,6.15,4.8,8.93,72.98,13.64,83.82,73.38,6.63
D040,Aruna Motors 40,Central,Taravan,2026-03-01,165.0,165.0,23.3,6.39,2.1,0.78,60.88,8.9,83.84,79.97,4.61
D040,Aruna Motors 40,Central,Taravan,2026-04-01,95.0,115.0,21.34,7.65,7.43,4.73,43.76,11.15,85.62,78.02,5.21
D040,Aruna Motors 40,Central,Taravan,2026-05-01,168.0,154.0,22.35,9.66,4.73,8.88,57.47,16.82,90.22,77.76,6.67
D040,Aruna Motors 40,Central,Taravan,2026-06-01,54.0,71.0,19.66,3.61,13.4,10.07,79.82,21.83,77.66,66.76,8.27
D040,Aruna Motors 40,Central,Taravan,2026-07-01,74.0,81.0,22.92,7.77,17.78,12.64,42.89,16.27,90.13,74.31,5.22
D040,Aruna Motors 40,Central,Taravan,2026-08-01,147.0,150.0,19.79,5.75,8.55,7.87,65.97,15.37,91.85,69.92,3.46
D040,Aruna Motors 40,Central,Taravan,2026-09-01,192.0,166.0,24.04,4.58,10.69,15.06,84.97,16.88,82.65,70.01,5.13
D041,Tara Motors 41,North,Aarav Nagar,2024-10-01,78.0,103.0,11.58,4.47,3.37,0.0,101.21,21.28,69.32,56.23,12.15
D041,Tara Motors 41,North,Aarav Nagar,2024-11-01,121.0,155.0,13.27,4.96,0.76,0.0,90.34,30.32,76.22,58.68,11.17
D041,Tara Motors 41,North,Aarav Nagar,2024-12-01,95.0,147.0,13.16,5.07,6.07,4.94,92.15,25.22,72.38,57.13,12.05
D041,Tara Motors 41,North,Aarav Nagar,2025-01-01,133.0,172.0,13.55,2.22,8.82,9.58,96.53,25.61,69.8,50.7,13.0
D041,Tara Motors 41,North,Aarav Nagar,2025-02-01,107.0,135.0,12.05,3.31,6.42,1.54,101.39,26.7,64.69,56.14,11.71
D041,Tara Motors 41,North,Aarav Nagar,2025-03-01,84.0,119.0,8.75,3.31,9.56,6.57,92.03,24.44,70.94,46.67,13.69
D041,Tara Motors 41,North,Aarav Nagar,2025-04-01,110.0,148.0,12.89,1.19,10.15,4.52,105.23,22.42,68.54,47.98,11.93
D041,Tara Motors 41,North,Aarav Nagar,2025-05-01,113.0,128.0,15.43,0.54,5.89,2.62,98.97,26.25,75.19,56.88,13.1
D041,Tara Motors 41,North,Aarav Nagar,2025-06-01,93.0,122.0,10.17,1.85,19.13,2.6,100.07,33.14,66.16,50.76,11.7
D041,Tara Motors 41,North,Aarav Nagar,2025-07-01,102.0,164.0,12.67,2.63,12.41,18.16,96.48,26.03,67.23,46.3,11.97
D041,Tara Motors 41,North,Aarav Nagar,2025-08-01,75.0,108.0,11.77,-0.05,10.92,14.47,103.83,36.04,67.92,48.08,13.74
D041,Tara Motors 41,North,Aarav Nagar,2025-09-01,46.0,75.0,8.89,-0.71,17.65,14.86,117.15,30.39,63.3,45.24,16.22
D041,Tara Motors 41,North,Aarav Nagar,2025-10-01,146.0,166.0,13.43,-0.12,14.44,19.61,108.78,28.42,73.24,51.56,11.62
D041,Tara Motors 41,North,Aarav Nagar,2025-11-01,73.0,89.0,12.39,1.46,11.98,22.77,98.1,35.9,70.58,57.8,12.28
D041,Tara Motors 41,North,Aarav Nagar,2025-12-01,128.0,172.0,11.45,2.15,14.09,16.31,96.49,35.02,64.58,58.77,11.57
D041,Tara Motors 41,North,Aarav Nagar,2026-01-01,101.0,115.0,17.23,1.25,14.12,12.04,97.33,35.87,64.22,55.77,11.61
D041,Tara Motors 41,North,Aarav Nagar,2026-02-01,132.0,178.0,12.37,-0.06,13.85,24.21,95.03,31.2,66.81,46.5,15.87
D041,Tara Motors 41,North,Aarav Nagar,2026-03-01,78.0,87.0,13.68,1.43,14.31,21.4,102.94,30.06,70.78,58.91,13.35
D041,Tara Motors 41,North,Aarav Nagar,2026-04-01,139.0,172.0,14.54,-0.06,19.91,16.83,92.22,34.38,73.14,60.01,12.51
D041,Tara Motors 41,North,Aarav Nagar,2026-05-01,116.0,153.0,13.89,0.17,18.15,28.92,106.61,35.27,70.24,45.62,14.13
D041,Tara Motors 41,North,Aarav Nagar,2026-06-01,95.0,147.0,14.57,-1.34,10.7,31.9,108.85,32.09,70.98,51.26,11.03
D041,Tara Motors 41,North,Aarav Nagar,2026-07-01,79.0,106.0,10.67,-0.2,16.73,20.77,109.0,35.27,66.01,50.64,14.48
D041,Tara Motors 41,North,Aarav Nagar,2026-08-01,40.0,70.0,9.25,-2.76,20.27,22.9,101.8,32.87,65.51,43.51,14.0
D041,Tara Motors 41,North,Aarav Nagar,2026-09-01,105.0,121.0,14.02,-0.55,17.46,27.05,100.56,28.78,71.01,58.83,13.77
D042,Veda Motors 42,South,Neelapur,2024-10-01,134.0,175.0,16.97,3.36,7.96,9.01,73.25,19.99,83.86,68.84,6.39
D042,Veda Motors 42,South,Neelapur,2024-11-01,85.0,85.0,22.55,5.49,8.71,9.01,74.87,12.11,83.22,73.52,4.63
D042,Veda Motors 42,South,Neelapur,2024-12-01,89.0,96.0,14.67,5.49,9.17,16.98,70.26,19.94,80.94,62.25,9.2
D042,Veda Motors 42,South,Neelapur,2025-01-01,97.0,97.0,24.67,5.65,9.93,8.89,56.4,14.22,86.1,73.33,8.01
D042,Veda Motors 42,South,Neelapur,2025-02-01,116.0,142.0,16.8,4.28,9.93,18.56,76.46,13.82,78.61,64.22,8.11
D042,Veda Motors 42,South,Neelapur,2025-03-01,99.0,104.0,25.32,7.6,4.52,8.56,54.53,8.06,90.66,88.8,5.75
D042,Veda Motors 42,South,Neelapur,2025-04-01,133.0,130.0,20.25,8.07,6.29,1.09,72.12,15.88,84.01,67.76,6.82
D042,Veda Motors 42,South,Neelapur,2025-05-01,121.0,132.0,24.03,7.93,1.88,5.34,59.28,16.24,83.12,70.21,5.98
D042,Veda Motors 42,South,Neelapur,2025-06-01,165.0,164.0,24.57,8.29,3.22,7.1,40.93,9.32,92.85,78.75,6.41
D042,Veda Motors 42,South,Neelapur,2025-07-01,148.0,155.0,19.17,7.48,5.16,2.95,75.31,14.73,83.64,67.92,6.05
D042,Veda Motors 42,South,Neelapur,2025-08-01,175.0,165.0,19.23,9.47,1.41,6.49,66.91,11.1,86.47,73.43,6.5
D042,Veda Motors 42,South,Neelapur,2025-09-01,101.0,99.0,25.36,6.92,10.42,14.11,67.71,11.95,86.47,75.31,6.43
D042,Veda Motors 42,South,Neelapur,2025-10-01,107.0,95.0,21.28,5.37,5.55,12.05,63.3,12.88,83.61,70.42,7.32
D042,Veda Motors 42,South,Neelapur,2025-11-01,182.0,179.0,24.32,7.13,8.0,16.91,56.22,16.0,93.16,78.47,3.08
D042,Veda Motors 42,South,Neelapur,2025-12-01,75.0,79.0,21.38,6.83,7.96,13.31,58.06,14.58,85.26,77.26,6.84
D042,Veda Motors 42,South,Neelapur,2026-01-01,108.0,99.0,24.47,7.65,10.3,10.72,84.25,12.41,92.54,76.66,8.4
D042,Veda Motors 42,South,Neelapur,2026-02-01,116.0,122.0,16.58,5.07,8.06,18.4,68.92,29.06,89.12,65.11,8.11
D042,Veda Motors 42,South,Neelapur,2026-03-01,164.0,160.0,19.72,5.19,9.96,15.63,65.51,11.83,84.41,74.0,7.46
D042,Veda Motors 42,South,Neelapur,2026-04-01,118.0,125.0,22.38,3.96,18.12,11.4,57.64,24.72,84.85,73.84,9.03
D042,Veda Motors 42,South,Neelapur,2026-05-01,161.0,139.0,20.71,8.09,11.43,14.3,61.69,11.41,86.27,66.72,5.45
D042,Veda Motors 42,South,Neelapur,2026-06-01,91.0,99.0,20.29,6.47,8.33,15.71,62.72,16.51,83.96,66.49,6.78
D042,Veda Motors 42,South,Neelapur,2026-07-01,132.0,126.0,20.15,5.26,8.38,11.98,77.4,15.57,85.41,79.85,5.93
D042,Veda Motors 42,South,Neelapur,2026-08-01,153.0,148.0,22.77,10.22,8.62,4.96,60.41,9.13,88.67,82.94,2.15
D042,Veda Motors 42,South,Neelapur,2026-09-01,69.0,76.0,20.56,5.84,11.49,13.48,59.16,20.37,81.3,72.0,6.88
D043,Uday Motors 43,East,Suryabad,2024-10-01,57.0,73.0,11.32,-0.76,23.28,16.71,103.57,30.11,74.16,54.51,13.98
D043,Uday Motors 43,East,Suryabad,2024-11-01,129.0,147.0,17.21,1.13,18.37,32.11,100.32,22.29,79.29,64.67,9.83
D043,Uday Motors 43,East,Suryabad,2024-12-01,87.0,84.0,19.61,2.01,22.65,17.4,100.59,24.29,79.12,62.6,8.79
D043,Uday Motors 43,East,Suryabad,2025-01-01,109.0,122.0,11.69,3.61,11.83,8.95,107.37,26.17,68.21,62.31,13.85
D043,Uday Motors 43,East,Suryabad,2025-02-01,76.0,91.0,14.91,0.34,11.73,7.99,96.0,25.39,73.39,55.26,10.24
D043,Uday Motors 43,East,Suryabad,2025-03-01,78.0,85.0,19.29,3.53,9.98,13.91,77.79,18.42,81.2,68.04,12.06
D043,Uday Motors 43,East,Suryabad,2025-04-01,154.0,149.0,20.19,4.28,9.94,17.88,75.34,20.99,79.39,67.13,11.29
D043,Uday Motors 43,East,Suryabad,2025-05-01,114.0,155.0,14.13,4.28,12.9,15.26,86.94,21.99,75.49,58.9,10.86
D043,Uday Motors 43,East,Suryabad,2025-06-01,125.0,169.0,13.63,5.46,18.39,17.79,97.88,22.22,76.44,58.25,8.36
D043,Uday Motors 43,East,Suryabad,2025-07-01,87.0,115.0,15.42,2.07,14.68,23.06,92.13,28.75,76.35,60.99,9.85
D043,Uday Motors 43,East,Suryabad,2025-08-01,148.0,164.0,13.34,2.47,16.29,12.65,74.49,24.7,80.21,62.3,7.99
D043,Uday Motors 43,East,Suryabad,2025-09-01,116.0,140.0,17.66,2.88,12.31,17.13,77.78,21.72,74.79,65.83,9.83
D043,Uday Motors 43,East,Suryabad,2025-10-01,102.0,118.0,15.29,2.55,13.71,16.85,102.82,28.66,74.11,58.39,13.74
D043,Uday Motors 43,East,Suryabad,2025-11-01,100.0,113.0,16.34,2.01,7.02,13.34,70.6,31.01,76.51,71.68,10.1
D043,Uday Motors 43,East,Suryabad,2025-12-01,170.0,173.0,17.34,2.47,7.74,13.32,77.22,28.2,81.43,62.44,9.83
D043,Uday Motors 43,East,Suryabad,2026-01-01,103.0,108.0,17.27,4.45,6.73,12.34,86.67,26.77,80.91,65.57,7.75
D043,Uday Motors 43,East,Suryabad,2026-02-01,131.0,159.0,16.48,4.2,7.55,11.15,78.44,24.94,71.35,68.12,10.44
D043,Uday Motors 43,East,Suryabad,2026-03-01,93.0,115.0,15.64,3.8,12.5,8.32,76.22,24.14,71.09,62.18,11.36
D043,Uday Motors 43,East,Suryabad,2026-04-01,62.0,80.0,18.74,3.42,7.93,6.6,64.81,16.13,79.8,63.75,8.46
D043,Uday Motors 43,East,Suryabad,2026-05-01,101.0,150.0,15.67,4.1,11.75,3.37,93.1,17.66,75.24,58.77,10.75
D043,Uday Motors 43,East,Suryabad,2026-06-01,151.0,172.0,13.6,4.47,7.94,0.0,80.25,19.63,77.74,57.95,8.8
D043,Uday Motors 43,East,Suryabad,2026-07-01,140.0,147.0,17.09,4.25,10.21,4.32,65.24,21.02,77.24,68.77,9.9
D043,Uday Motors 43,East,Suryabad,2026-08-01,89.0,102.0,12.8,3.64,10.39,5.75,81.61,18.81,74.98,58.77,10.11
D043,Uday Motors 43,East,Suryabad,2026-09-01,89.0,104.0,13.61,3.07,11.22,8.29,82.45,21.75,76.77,66.8,10.8
D044,Nila Motors 44,West,Kiranpur,2024-10-01,152.0,152.0,20.14,7.01,5.17,15.55,77.74,20.88,84.23,69.21,9.06
D044,Nila Motors 44,West,Kiranpur,2024-11-01,109.0,133.0,20.45,4.42,6.49,14.17,73.05,14.91,81.73,68.05,7.05
D044,Nila Motors 44,West,Kiranpur,2024-12-01,108.0,122.0,19.55,8.06,5.24,22.41,54.11,17.76,83.92,74.96,8.19
D044,Nila Motors 44,West,Kiranpur,2025-01-01,100.0,111.0,20.6,7.35,16.63,9.42,80.8,14.23,82.39,68.12,5.91
D044,Nila Motors 44,West,Kiranpur,2025-02-01,67.0,76.0,22.9,5.02,9.3,9.58,59.4,11.96,88.17,76.12,5.52
D044,Nila Motors 44,West,Kiranpur,2025-03-01,99.0,103.0,20.28,5.35,7.65,12.88,82.53,15.47,81.23,75.41,6.28
D044,Nila Motors 44,West,Kiranpur,2025-04-01,191.0,176.0,19.03,6.16,11.53,17.17,68.4,24.43,83.64,72.49,9.94
D044,Nila Motors 44,West,Kiranpur,2025-05-01,158.0,163.0,15.43,6.92,6.5,8.21,89.16,21.72,81.01,71.29,9.72
D044,Nila Motors 44,West,Kiranpur,2025-06-01,77.0,80.0,15.83,7.15,3.65,3.52,71.5,21.31,83.13,65.5,5.11
D044,Nila Motors 44,West,Kiranpur,2025-07-01,182.0,166.0,18.59,8.85,6.56,7.45,69.34,3.76,82.9,67.6,7.45
D044,Nila Motors 44,West,Kiranpur,2025-08-01,91.0,92.0,21.6,8.02,0.0,3.46,61.69,12.52,86.62,74.65,7.08
D044,Nila Motors 44,West,Kiranpur,2025-09-01,84.0,81.0,22.5,9.19,0.0,0.0,73.24,13.94,85.63,70.25,7.87
D044,Nila Motors 44,West,Kiranpur,2025-10-01,148.0,163.0,22.38,4.87,7.68,1.02,79.98,20.81,84.26,65.19,8.62
D044,Nila Motors 44,West,Kiranpur,2025-11-01,96.0,97.0,22.87,7.41,3.95,6.4,59.74,13.54,86.57,80.76,7.61
D044,Nila Motors 44,West,Kiranpur,2025-12-01,86.0,97.0,21.36,7.53,4.36,2.01,57.23,11.13,82.82,68.64,9.07
D044,Nila Motors 44,West,Kiranpur,2026-01-01,140.0,138.0,20.03,8.04,1.11,4.12,75.65,14.62,83.57,67.77,5.54
D044,Nila Motors 44,West,Kiranpur,2026-02-01,137.0,176.0,16.62,6.0,3.48,7.77,72.35,21.75,83.28,73.4,6.63
D044,Nila Motors 44,West,Kiranpur,2026-03-01,133.0,133.0,19.97,7.64,9.82,5.55,80.11,15.55,81.28,66.68,5.98
D044,Nila Motors 44,West,Kiranpur,2026-04-01,140.0,145.0,19.09,7.82,4.31,5.22,60.85,14.31,88.6,78.56,6.74
D044,Nila Motors 44,West,Kiranpur,2026-05-01,69.0,80.0,24.62,5.4,5.71,7.67,54.79,11.61,85.16,70.18,8.53
D044,Nila Motors 44,West,Kiranpur,2026-06-01,185.0,178.0,18.77,6.13,7.65,6.66,69.17,10.68,86.55,67.72,9.09
D044,Nila Motors 44,West,Kiranpur,2026-07-01,154.0,165.0,21.79,7.37,1.05,3.17,52.32,15.59,85.93,72.65,7.24
D044,Nila Motors 44,West,Kiranpur,2026-08-01,164.0,179.0,18.83,3.69,8.88,17.41,75.96,14.04,77.88,64.02,8.67
D044,Nila Motors 44,West,Kiranpur,2026-09-01,109.0,105.0,21.35,7.02,1.23,13.84,59.0,14.69,86.75,77.82,7.21
D045,Aruna Motors 45,Central,Taravan,2024-10-01,106.0,102.0,19.34,2.25,22.69,14.35,75.73,25.13,87.38,74.45,6.86
D045,Aruna Motors 45,Central,Taravan,2024-11-01,110.0,137.0,20.87,2.21,14.71,18.41,76.13,20.81,89.15,70.99,9.07
D045,Aruna Motors 45,Central,Taravan,2024-12-01,125.0,129.0,19.88,4.7,16.76,20.31,77.12,23.74,91.21,65.23,4.65
D045,Aruna Motors 45,Central,Taravan,2025-01-01,140.0,157.0,19.22,3.86,9.79,15.18,67.78,21.0,85.36,68.04,6.98
D045,Aruna Motors 45,Central,Taravan,2025-02-01,129.0,165.0,16.31,1.9,14.77,12.85,70.79,23.04,80.17,75.96,5.96
D045,Aruna Motors 45,Central,Taravan,2025-03-01,181.0,179.0,23.91,4.5,18.78,9.24,51.9,14.04,91.15,77.93,6.97
D045,Aruna Motors 45,Central,Taravan,2025-04-01,74.0,75.0,29.11,6.85,3.25,13.68,63.38,9.97,92.92,79.82,4.17
D045,Aruna Motors 45,Central,Taravan,2025-05-01,171.0,165.0,25.26,6.05,9.94,8.55,60.38,8.66,83.41,79.42,1.81
D045,Aruna Motors 45,Central,Taravan,2025-06-01,147.0,156.0,20.26,4.97,5.46,0.23,71.27,15.67,86.29,74.54,6.96
D045,Aruna Motors 45,Central,Taravan,2025-07-01,124.0,143.0,17.49,6.22,13.77,3.07,67.4,17.02,77.72,72.97,9.52
D045,Aruna Motors 45,Central,Taravan,2025-08-01,152.0,131.0,24.53,4.48,10.39,3.84,56.9,16.85,89.58,69.33,5.9
D045,Aruna Motors 45,Central,Taravan,2025-09-01,188.0,167.0,23.27,6.25,12.92,9.61,82.56,18.29,87.47,76.17,6.49
D045,Aruna Motors 45,Central,Taravan,2025-10-01,131.0,133.0,19.22,4.63,11.57,8.15,73.35,17.31,83.3,79.72,7.94
D045,Aruna Motors 45,Central,Taravan,2025-11-01,180.0,162.0,23.19,6.04,11.98,10.26,49.38,14.09,88.99,77.76,5.25
D045,Aruna Motors 45,Central,Taravan,2025-12-01,105.0,108.0,22.72,6.42,11.74,8.66,62.85,8.63,93.41,81.53,3.67
D045,Aruna Motors 45,Central,Taravan,2026-01-01,88.0,82.0,23.79,7.13,10.58,8.71,57.83,4.86,90.99,76.1,6.24
D045,Aruna Motors 45,Central,Taravan,2026-02-01,147.0,143.0,22.54,8.24,6.81,14.21,60.36,8.89,89.71,72.95,5.13
D045,Aruna Motors 45,Central,Taravan,2026-03-01,114.0,142.0,22.35,3.88,11.57,6.07,79.96,15.13,88.92,72.07,9.25
D045,Aruna Motors 45,Central,Taravan,2026-04-01,154.0,150.0,20.49,7.9,7.49,5.13,62.68,23.86,83.62,76.36,7.93
D045,Aruna Motors 45,Central,Taravan,2026-05-01,107.0,109.0,21.86,5.85,6.4,10.07,66.63,13.49,85.64,69.96,6.15
D045,Aruna Motors 45,Central,Taravan,2026-06-01,83.0,91.0,25.89,7.4,4.23,18.36,69.2,4.84,85.0,70.73,6.88
D045,Aruna Motors 45,Central,Taravan,2026-07-01,160.0,146.0,23.27,8.09,4.92,11.47,74.25,12.41,85.71,67.3,3.79
D045,Aruna Motors 45,Central,Taravan,2026-08-01,75.0,80.0,19.68,8.07,8.99,5.88,54.82,14.51,79.43,66.42,5.92
D045,Aruna Motors 45,Central,Taravan,2026-09-01,180.0,173.0,23.79,7.96,9.62,0.58,53.28,10.28,87.98,79.08,7.02
D046,Tara Motors 46,North,Aarav Nagar,2024-10-01,123.0,118.0,22.88,3.06,22.02,18.21,78.95,13.07,79.34,69.54,5.54
D046,Tara Motors 46,North,Aarav Nagar,2024-11-01,108.0,115.0,23.75,2.53,18.46,16.26,76.42,23.76,87.39,71.81,4.38
D046,Tara Motors 46,North,Aarav Nagar,2024-12-01,108.0,105.0,19.92,2.03,14.64,18.74,94.05,24.25,85.35,64.51,6.96
D046,Tara Motors 46,North,Aarav Nagar,2025-01-01,152.0,172.0,18.55,2.07,15.02,17.65,89.15,16.16,82.11,72.79,8.17
D046,Tara Motors 46,North,Aarav Nagar,2025-02-01,131.0,155.0,15.74,2.47,12.72,13.47,80.29,26.88,87.01,68.12,9.82
D046,Tara Motors 46,North,Aarav Nagar,2025-03-01,121.0,111.0,18.67,5.13,16.32,5.36,66.84,20.94,90.19,76.79,6.58
D046,Tara Motors 46,North,Aarav Nagar,2025-04-01,102.0,104.0,15.85,3.75,13.77,9.68,79.59,22.61,84.59,71.09,7.36
D046,Tara Motors 46,North,Aarav Nagar,2025-05-01,111.0,119.0,23.82,2.45,12.74,3.58,74.6,20.74,79.75,63.52,5.75
D046,Tara Motors 46,North,Aarav Nagar,2025-06-01,82.0,88.0,22.74,6.86,13.32,4.57,55.94,12.74,87.04,81.27,5.25
D046,Tara Motors 46,North,Aarav Nagar,2025-07-01,159.0,162.0,17.84,4.0,11.72,11.45,85.6,18.56,81.47,63.76,11.05
D046,Tara Motors 46,North,Aarav Nagar,2025-08-01,110.0,132.0,16.13,5.52,13.07,13.09,75.76,14.19,80.46,74.13,10.21
D046,Tara Motors 46,North,Aarav Nagar,2025-09-01,102.0,111.0,23.06,3.08,17.46,15.4,81.44,21.08,85.33,68.62,8.24
D046,Tara Motors 46,North,Aarav Nagar,2025-10-01,108.0,104.0,21.23,4.56,15.8,22.11,70.34,20.49,87.04,76.41,5.95
D046,Tara Motors 46,North,Aarav Nagar,2025-11-01,129.0,124.0,24.6,5.1,15.14,22.65,78.29,18.68,92.31,78.46,5.29
D046,Tara Motors 46,North,Aarav Nagar,2025-12-01,95.0,80.0,23.94,5.54,9.47,20.56,56.38,12.45,87.67,73.67,5.78
D046,Tara Motors 46,North,Aarav Nagar,2026-01-01,75.0,76.0,21.82,6.71,9.94,7.24,81.67,20.35,91.81,83.02,4.72
D046,Tara Motors 46,North,Aarav Nagar,2026-02-01,100.0,108.0,16.64,3.66,7.32,11.54,79.72,25.05,75.79,61.39,10.85
D046,Tara Motors 46,North,Aarav Nagar,2026-03-01,106.0,125.0,20.55,5.06,8.58,7.59,85.01,26.7,80.4,74.73,4.38
D046,Tara Motors 46,North,Aarav Nagar,2026-04-01,166.0,169.0,20.08,5.83,14.65,13.61,65.91,23.94,84.34,78.72,4.22
D046,Tara Motors 46,North,Aarav Nagar,2026-05-01,124.0,130.0,15.64,4.29,5.29,19.54,79.65,20.9,81.16,66.31,9.12
D046,Tara Motors 46,North,Aarav Nagar,2026-06-01,113.0,120.0,18.86,5.19,5.62,17.81,82.01,24.08,80.9,68.28,8.74
D046,Tara Motors 46,North,Aarav Nagar,2026-07-01,175.0,168.0,18.18,6.08,8.43,8.87,64.38,16.76,82.9,74.23,6.93
D046,Tara Motors 46,North,Aarav Nagar,2026-08-01,113.0,109.0,22.16,4.65,11.3,12.35,65.6,21.17,84.51,68.89,3.22
D046,Tara Motors 46,North,Aarav Nagar,2026-09-01,124.0,117.0,22.67,3.78,17.19,12.08,61.22,17.87,84.51,68.81,7.32
D047,Veda Motors 47,South,Neelapur,2024-10-01,95.0,101.0,25.42,7.51,6.76,7.82,71.48,13.75,93.1,68.78,5.82
D047,Veda Motors 47,South,Neelapur,2024-11-01,68.0,70.0,20.92,8.08,9.43,12.32,74.26,13.52,88.76,76.09,5.02
D047,Veda Motors 47,South,Neelapur,2024-12-01,189.0,169.0,25.08,7.87,10.5,11.81,64.35,16.48,93.59,76.88,5.73
D047,Veda Motors 47,South,Neelapur,2025-01-01,143.0,148.0,24.8,8.94,0.0,2.09,52.32,7.61,95.1,88.3,4.89
D047,Veda Motors 47,South,Neelapur,2025-02-01,127.0,134.0,22.06,7.71,7.72,3.57,63.32,19.0,89.86,77.36,5.25
D047,Veda Motors 47,South,Neelapur,2025-03-01,80.0,100.0,20.5,9.56,5.69,0.53,57.12,13.57,81.12,75.73,7.97
D047,Veda Motors 47,South,Neelapur,2025-04-01,164.0,155.0,20.94,11.72,0.0,0.0,51.82,4.72,86.18,75.65,6.07
D047,Veda Motors 47,South,Neelapur,2025-05-01,199.0,176.0,26.74,10.35,2.83,0.0,46.51,6.55,92.3,86.14,7.02
D047,Veda Motors 47,South,Neelapur,2025-06-01,186.0,167.0,25.08,8.9,5.26,2.07,53.05,4.71,91.11,79.34,6.25
D047,Veda Motors 47,South,Neelapur,2025-07-01,86.0,80.0,25.82,10.1,3.61,0.0,49.37,11.4,89.67,90.35,5.29
D047,Veda Motors 47,South,Neelapur,2025-08-01,75.0,85.0,20.31,8.73,0.0,5.53,48.25,13.88,86.09,71.53,5.4
D047,Veda Motors 47,South,Neelapur,2025-09-01,160.0,169.0,22.61,7.21,3.21,1.53,46.81,14.67,86.13,71.18,4.94
D047,Veda Motors 47,South,Neelapur,2025-10-01,119.0,108.0,23.75,8.66,6.46,4.11,57.27,16.05,86.94,77.97,6.77
D047,Veda Motors 47,South,Neelapur,2025-11-01,132.0,151.0,28.53,8.66,3.78,0.0,57.69,6.1,89.38,75.04,2.56
D047,Veda Motors 47,South,Neelapur,2025-12-01,177.0,175.0,22.95,7.91,2.21,6.59,64.72,11.59,87.9,78.77,9.32
D047,Veda Motors 47,South,Neelapur,2026-01-01,107.0,107.0,17.52,6.09,7.11,5.18,59.46,7.44,80.86,72.68,5.96
D047,Veda Motors 47,South,Neelapur,2026-02-01,140.0,129.0,23.61,9.02,6.39,0.0,56.86,12.76,88.46,78.79,5.35
D047,Veda Motors 47,South,Neelapur,2026-03-01,98.0,93.0,20.54,9.5,3.48,0.0,54.54,11.78,87.12,73.44,6.37
D047,Veda Motors 47,South,Neelapur,2026-04-01,159.0,156.0,27.81,10.04,2.06,0.0,43.13,10.48,89.24,77.06,5.56
D047,Veda Motors 47,South,Neelapur,2026-05-01,167.0,156.0,23.8,9.78,0.0,0.0,28.83,3.99,91.42,66.14,3.34
D047,Veda Motors 47,South,Neelapur,2026-06-01,156.0,161.0,22.97,8.2,1.91,10.96,69.77,14.51,85.62,71.28,6.44
D047,Veda Motors 47,South,Neelapur,2026-07-01,142.0,143.0,28.08,10.29,0.0,12.69,53.4,4.42,92.01,78.75,3.86
D047,Veda Motors 47,South,Neelapur,2026-08-01,109.0,99.0,25.93,8.69,8.37,2.55,56.88,5.17,89.8,79.86,3.54
D047,Veda Motors 47,South,Neelapur,2026-09-01,91.0,80.0,27.33,8.93,6.73,3.72,55.38,10.02,90.43,79.04,3.28
D048,Uday Motors 48,East,Suryabad,2024-10-01,153.0,143.0,22.15,4.69,13.65,13.8,48.52,12.46,89.29,78.17,5.1
D048,Uday Motors 48,East,Suryabad,2024-11-01,92.0,103.0,28.83,6.13,15.24,15.32,48.42,13.98,96.68,80.83,2.91
D048,Uday Motors 48,East,Suryabad,2024-12-01,128.0,121.0,20.89,6.06,9.61,10.8,58.54,12.24,91.89,74.16,5.39
D048,Uday Motors 48,East,Suryabad,2025-01-01,167.0,156.0,24.11,4.81,15.07,5.36,72.74,9.94,85.59,77.95,3.12
D048,Uday Motors 48,East,Suryabad,2025-02-01,162.0,150.0,28.25,7.69,8.83,14.49,61.41,7.09,89.05,76.01,4.56
D048,Uday Motors 48,East,Suryabad,2025-03-01,167.0,177.0,19.67,9.8,11.19,11.05,59.54,13.13,86.08,75.62,7.3
D048,Uday Motors 48,East,Suryabad,2025-04-01,177.0,170.0,28.84,7.61,3.98,3.26,54.98,11.48,87.21,81.25,6.22
D048,Uday Motors 48,East,Suryabad,2025-05-01,79.0,87.0,23.76,8.42,3.16,1.68,71.82,13.71,84.37,70.93,3.46
D048,Uday Motors 48,East,Suryabad,2025-06-01,172.0,159.0,23.51,8.76,6.62,12.02,49.15,14.96,92.98,87.82,1.09
D048,Uday Motors 48,East,Suryabad,2025-07-01,117.0,97.0,26.55,10.32,8.42,12.19,39.09,2.82,96.3,85.51,4.43
D048,Uday Motors 48,East,Suryabad,2025-08-01,165.0,162.0,25.38,9.62,6.19,12.03,65.21,12.79,89.7,79.22,4.97
D048,Uday Motors 48,East,Suryabad,2025-09-01,99.0,94.0,24.69,6.52,6.97,5.13,60.72,16.34,86.76,71.91,7.26
D048,Uday Motors 48,East,Suryabad,2025-10-01,189.0,165.0,22.94,7.28,8.32,11.26,55.1,6.55,89.54,81.01,4.57
D048,Uday Motors 48,East,Suryabad,2025-11-01,140.0,136.0,20.67,7.55,13.41,20.02,67.7,2.28,94.58,66.76,5.89
D048,Uday Motors 48,East,Suryabad,2025-12-01,78.0,79.0,24.57,6.66,1.44,15.07,60.71,11.5,84.75,69.29,7.01
D048,Uday Motors 48,East,Suryabad,2026-01-01,163.0,152.0,22.73,9.31,8.02,4.93,51.83,3.64,92.07,78.73,4.25
D048,Uday Motors 48,East,Suryabad,2026-02-01,181.0,167.0,28.62,9.72,7.67,5.0,55.25,5.51,93.97,79.64,3.73
D048,Uday Motors 48,East,Suryabad,2026-03-01,139.0,128.0,23.86,8.64,1.55,9.45,39.02,4.44,86.55,73.25,5.76
D048,Uday Motors 48,East,Suryabad,2026-04-01,123.0,116.0,24.85,10.35,3.89,13.46,52.37,1.44,88.74,84.5,1.14
D048,Uday Motors 48,East,Suryabad,2026-05-01,134.0,131.0,29.48,10.6,4.25,5.33,50.88,4.99,93.18,79.08,3.59
D048,Uday Motors 48,East,Suryabad,2026-06-01,128.0,115.0,24.81,9.8,0.0,0.0,52.94,2.27,94.1,81.88,5.81
D048,Uday Motors 48,East,Suryabad,2026-07-01,138.0,119.0,23.65,7.68,11.77,6.51,65.36,13.78,88.84,77.48,6.61
D048,Uday Motors 48,East,Suryabad,2026-08-01,129.0,112.0,23.83,9.37,8.09,2.48,47.03,14.79,88.4,88.42,4.18
D048,Uday Motors 48,East,Suryabad,2026-09-01,72.0,77.0,19.04,3.98,17.01,11.19,62.28,11.77,84.97,64.56,5.72
D049,Nila Motors 49,West,Kiranpur,2024-10-01,99.0,126.0,14.52,4.09,9.13,5.46,89.6,18.41,71.03,58.66,14.29
D049,Nila Motors 49,West,Kiranpur,2024-11-01,101.0,129.0,13.38,5.0,8.52,7.92,95.92,27.11,74.66,62.36,14.12
D049,Nila Motors 49,West,Kiranpur,2024-12-01,109.0,112.0,22.77,3.71,11.66,6.36,71.08,21.84,79.79,68.4,6.59
D049,Nila Motors 49,West,Kiranpur,2025-01-01,165.0,163.0,16.05,3.89,11.14,10.33,85.75,32.07,76.76,59.44,13.08
D049,Nila Motors 49,West,Kiranpur,2025-02-01,94.0,139.0,14.57,3.71,12.01,7.01,92.09,26.39,71.12,61.81,13.48
D049,Nila Motors 49,West,Kiranpur,2025-03-01,112.0,121.0,19.82,3.93,8.25,3.26,83.97,21.84,74.48,63.05,11.09
D049,Nila Motors 49,West,Kiranpur,2025-04-01,80.0,97.0,16.73,5.35,17.01,3.66,90.18,23.41,73.02,63.24,8.87
D049,Nila Motors 49,West,Kiranpur,2025-05-01,128.0,157.0,17.95,5.54,11.39,8.55,77.73,23.3,76.69,65.3,10.92
D049,Nila Motors 49,West,Kiranpur,2025-06-01,86.0,114.0,14.29,4.83,6.86,8.07,72.3,28.08,72.11,59.47,9.81
D049,Nila Motors 49,West,Kiranpur,2025-07-01,145.0,175.0,17.27,3.5,13.92,12.55,70.96,17.2,79.08,60.2,11.89
D049,Nila Motors 49,West,Kiranpur,2025-08-01,66.0,74.0,14.38,4.64,11.48,13.84,96.06,30.23,76.65,55.67,13.3
D049,Nila Motors 49,West,Kiranpur,2025-09-01,126.0,166.0,15.84,2.74,12.59,12.83,85.98,26.07,69.7,55.26,11.94
D049,Nila Motors 49,West,Kiranpur,2025-10-01,160.0,172.0,18.0,3.73,7.84,2.23,94.8,21.28,74.01,66.3,11.01
D049,Nila Motors 49,West,Kiranpur,2025-11-01,125.0,164.0,18.98,3.59,4.49,1.77,88.96,24.28,73.62,55.64,9.32
D049,Nila Motors 49,West,Kiranpur,2025-12-01,79.0,88.0,16.28,3.63,13.96,9.19,93.84,17.53,76.69,65.98,12.79
D049,Nila Motors 49,West,Kiranpur,2026-01-01,150.0,167.0,20.27,5.44,5.42,16.47,82.7,24.45,79.0,63.81,6.9
D049,Nila Motors 49,West,Kiranpur,2026-02-01,120.0,139.0,15.54,3.71,4.96,10.21,94.91,23.12,73.0,51.53,11.92
D049,Nila Motors 49,West,Kiranpur,2026-03-01,66.0,72.0,16.88,3.08,9.84,16.18,88.82,29.35,75.67,66.88,11.07
D049,Nila Motors 49,West,Kiranpur,2026-04-01,132.0,169.0,20.63,1.48,15.24,25.96,73.17,27.93,72.28,62.05,8.95
D049,Nila Motors 49,West,Kiranpur,2026-05-01,110.0,136.0,21.3,0.38,16.94,34.43,79.36,22.31,77.55,61.18,7.36
D049,Nila Motors 49,West,Kiranpur,2026-06-01,85.0,94.0,12.15,0.54,18.45,33.9,97.24,24.96,76.26,55.73,10.36
D049,Nila Motors 49,West,Kiranpur,2026-07-01,68.0,85.0,14.25,1.22,19.22,24.81,91.92,30.25,77.35,58.3,8.11
D049,Nila Motors 49,West,Kiranpur,2026-08-01,107.0,123.0,18.86,0.54,19.43,18.26,107.94,27.53,73.66,61.3,11.94
D049,Nila Motors 49,West,Kiranpur,2026-09-01,144.0,174.0,14.11,1.06,14.72,5.85,79.01,29.55,75.68,57.21,11.12
D050,Aruna Motors 50,Central,Taravan,2024-10-01,105.0,92.0,26.11,8.32,5.73,10.8,62.89,13.4,89.34,73.66,2.44
D050,Aruna Motors 50,Central,Taravan,2024-11-01,94.0,94.0,22.71,6.99,7.39,5.66,47.71,15.81,89.15,87.74,3.24
D050,Aruna Motors 50,Central,Taravan,2024-12-01,106.0,102.0,24.75,7.87,9.45,5.09,38.28,18.02,93.6,84.02,2.12
D050,Aruna Motors 50,Central,Taravan,2025-01-01,147.0,141.0,25.61,7.5,10.33,6.55,58.36,12.73,88.98,81.98,5.44
D050,Aruna Motors 50,Central,Taravan,2025-02-01,98.0,94.0,23.04,8.34,10.0,6.44,71.61,8.82,91.97,70.67,6.09
D050,Aruna Motors 50,Central,Taravan,2025-03-01,93.0,98.0,20.84,7.01,7.91,7.88,54.16,12.57,85.57,77.53,7.44
D050,Aruna Motors 50,Central,Taravan,2025-04-01,147.0,161.0,22.58,9.05,8.39,5.22,61.64,13.78,81.34,78.87,7.02
D050,Aruna Motors 50,Central,Taravan,2025-05-01,96.0,88.0,20.62,8.73,5.73,5.7,52.59,10.28,92.98,69.97,4.65
D050,Aruna Motors 50,Central,Taravan,2025-06-01,126.0,108.0,26.35,8.04,4.77,1.64,53.43,3.14,96.76,88.57,3.36
D050,Aruna Motors 50,Central,Taravan,2025-07-01,111.0,93.0,21.39,7.31,9.68,14.31,51.65,17.72,96.16,76.64,4.08
D050,Aruna Motors 50,Central,Taravan,2025-08-01,99.0,103.0,18.1,5.63,4.51,10.27,54.82,13.15,85.25,71.61,4.05
D050,Aruna Motors 50,Central,Taravan,2025-09-01,144.0,135.0,20.85,7.05,4.87,5.69,67.24,11.93,90.71,70.71,5.75
D050,Aruna Motors 50,Central,Taravan,2025-10-01,94.0,97.0,23.32,7.18,0.0,4.54,50.07,8.52,87.71,76.1,2.8
D050,Aruna Motors 50,Central,Taravan,2025-11-01,139.0,138.0,24.09,7.24,6.52,0.0,45.52,14.63,89.89,77.07,7.01
D050,Aruna Motors 50,Central,Taravan,2025-12-01,154.0,156.0,23.69,9.59,4.22,8.67,60.2,13.08,87.86,79.45,5.01
D050,Aruna Motors 50,Central,Taravan,2026-01-01,132.0,122.0,24.61,9.3,4.38,2.75,61.53,12.05,88.53,76.9,3.82
D050,Aruna Motors 50,Central,Taravan,2026-02-01,113.0,133.0,26.41,9.24,5.04,7.67,59.44,15.33,89.01,70.88,5.33
D050,Aruna Motors 50,Central,Taravan,2026-03-01,146.0,137.0,23.89,8.76,0.86,7.91,51.18,0.0,89.33,72.42,3.23
D050,Aruna Motors 50,Central,Taravan,2026-04-01,134.0,110.0,26.29,11.09,0.0,8.12,33.86,5.86,94.59,86.91,2.61
D050,Aruna Motors 50,Central,Taravan,2026-05-01,161.0,152.0,22.93,9.69,3.38,4.66,48.13,10.76,93.94,82.11,2.92
D050,Aruna Motors 50,Central,Taravan,2026-06-01,144.0,124.0,26.08,10.79,5.16,3.5,49.22,6.15,95.85,78.45,2.55
D050,Aruna Motors 50,Central,Taravan,2026-07-01,193.0,174.0,25.72,11.44,0.0,10.06,43.14,2.88,86.33,85.43,2.82
D050,Aruna Motors 50,Central,Taravan,2026-08-01,93.0,91.0,25.8,10.44,3.43,9.71,43.52,2.34,93.27,79.4,3.65
D050,Aruna Motors 50,Central,Taravan,2026-09-01,175.0,160.0,27.97,9.82,7.9,7.91,47.33,2.69,89.73,81.48,5.98
D051,Tara Motors 51,North,Aarav Nagar,2024-10-01,77.0,97.0,15.12,1.68,8.86,16.28,97.19,23.12,71.77,58.94,11.14
D051,Tara Motors 51,North,Aarav Nagar,2024-11-01,127.0,168.0,10.84,1.67,15.6,14.24,110.92,26.59,71.44,56.08,16.36
D051,Tara Motors 51,North,Aarav Nagar,2024-12-01,85.0,114.0,14.13,2.81,10.34,10.05,98.96,29.35,66.67,54.76,14.05
D051,Tara Motors 51,North,Aarav Nagar,2025-01-01,76.0,95.0,11.17,2.05,14.02,16.45,95.71,30.89,70.37,57.08,11.63
D051,Tara Motors 51,North,Aarav Nagar,2025-02-01,80.0,112.0,11.0,2.34,19.58,14.35,81.26,24.08,74.57,56.26,13.24
D051,Tara Motors 51,North,Aarav Nagar,2025-03-01,72.0,129.0,10.23,2.01,16.72,14.6,111.44,32.12,61.95,49.45,15.43
D051,Tara Motors 51,North,Aarav Nagar,2025-04-01,119.0,148.0,14.92,2.59,16.63,15.84,95.0,28.81,74.27,59.88,10.6
D051,Tara Motors 51,North,Aarav Nagar,2025-05-01,92.0,109.0,7.37,-2.04,21.81,11.51,109.5,29.93,67.59,49.27,14.1
D051,Tara Motors 51,North,Aarav Nagar,2025-06-01,73.0,103.0,11.05,-1.7,24.06,14.27,94.28,35.72,66.69,44.67,12.75
D051,Tara Motors 51,North,Aarav Nagar,2025-07-01,111.0,123.0,13.43,-1.46,14.33,18.85,99.26,30.09,70.23,54.54,15.61
D051,Tara Motors 51,North,Aarav Nagar,2025-08-01,68.0,88.0,12.16,1.16,14.19,24.82,84.76,33.3,71.65,58.06,12.25
D051,Tara Motors 51,North,Aarav Nagar,2025-09-01,71.0,92.0,13.04,0.6,17.83,23.14,110.62,27.99,69.03,51.32,12.26
D051,Tara Motors 51,North,Aarav Nagar,2025-10-01,59.0,85.0,11.26,0.58,14.99,24.85,100.33,34.52,70.56,42.62,15.97
D051,Tara Motors 51,North,Aarav Nagar,2025-11-01,71.0,85.0,13.72,1.56,10.05,22.64,90.74,26.04,70.42,54.54,13.95
D051,Tara Motors 51,North,Aarav Nagar,2025-12-01,63.0,93.0,10.76,1.88,8.11,24.71,106.23,26.84,65.01,39.66,16.34
D051,Tara Motors 51,North,Aarav Nagar,2026-01-01,126.0,160.0,12.4,1.78,9.22,23.28,90.25,29.55,66.49,57.46,14.08
D051,Tara Motors 51,North,Aarav Nagar,2026-02-01,102.0,137.0,11.8,-0.45,6.08,21.1,99.44,33.46,66.09,55.02,14.0
D051,Tara Motors 51,North,Aarav Nagar,2026-03-01,107.0,153.0,14.56,2.4,15.91,25.45,99.75,23.03,78.15,53.38,8.97
D051,Tara Motors 51,North,Aarav Nagar,2026-04-01,54.0,77.0,9.31,1.7,8.31,15.33,106.36,26.16,68.91,46.62,17.6
D051,Tara Motors 51,North,Aarav Nagar,2026-05-01,119.0,164.0,11.83,1.15,16.62,13.88,91.68,19.86,66.75,57.59,12.45
D051,Tara Motors 51,North,Aarav Nagar,2026-06-01,97.0,140.0,13.62,0.14,13.9,12.36,108.18,34.19,68.14,50.0,15.88
D051,Tara Motors 51,North,Aarav Nagar,2026-07-01,76.0,89.0,13.7,0.91,14.54,11.79,100.69,29.35,74.07,59.18,13.54
D051,Tara Motors 51,North,Aarav Nagar,2026-08-01,139.0,158.0,16.38,2.06,20.27,18.16,90.32,27.56,71.8,55.12,8.96
D051,Tara Motors 51,North,Aarav Nagar,2026-09-01,57.0,83.0,15.79,1.24,9.26,18.16,94.68,24.47,70.72,57.28,13.14
D052,Veda Motors 52,South,Neelapur,2024-10-01,82.0,98.0,16.17,-2.8,18.86,6.72,111.1,32.6,65.9,52.3,15.99
D052,Veda Motors 52,South,Neelapur,2024-11-01,82.0,117.0,12.85,-3.4,22.83,14.55,124.41,39.15,65.09,44.73,16.84
D052,Veda Motors 52,South,Neelapur,2024-12-01,96.0,175.0,8.17,-4.06,25.8,13.47,109.07,33.63,64.06,52.04,15.46
D052,Veda Motors 52,South,Neelapur,2025-01-01,125.0,166.0,10.26,-2.45,19.24,25.08,107.61,42.92,70.63,51.27,11.36
D052,Veda Motors 52,South,Neelapur,2025-02-01,58.0,89.0,13.34,-2.54,22.26,25.54,108.23,31.98,60.09,39.15,15.56
D052,Veda Motors 52,South,Neelapur,2025-03-01,134.0,158.0,15.92,-0.5,18.76,25.89,113.09,39.68,61.77,56.76,13.01
D052,Veda Motors 52,South,Neelapur,2025-04-01,117.0,173.0,11.79,-1.32,19.77,26.77,108.16,38.47,68.64,51.96,15.4
D052,Veda Motors 52,South,Neelapur,2025-05-01,152.0,179.0,12.59,-2.14,19.24,39.49,102.68,35.64,67.09,57.34,11.17
D052,Veda Motors 52,South,Neelapur,2025-06-01,93.0,153.0,7.7,-2.56,18.03,29.29,112.47,38.44,65.75,50.43,16.1
D052,Veda Motors 52,South,Neelapur,2025-07-01,123.0,162.0,14.44,-3.25,18.6,29.66,110.63,34.48,64.57,45.15,15.19
D052,Veda Motors 52,South,Neelapur,2025-08-01,118.0,173.0,8.6,-0.9,19.76,30.25,96.64,28.55,63.03,47.17,14.24
D052,Veda Motors 52,South,Neelapur,2025-09-01,114.0,145.0,12.91,-0.79,14.46,28.6,96.98,27.88,68.0,52.57,11.38
D052,Veda Motors 52,South,Neelapur,2025-10-01,92.0,145.0,12.79,-0.72,19.19,20.22,102.83,31.92,72.63,43.37,16.07
D052,Veda Motors 52,South,Neelapur,2025-11-01,118.0,132.0,13.11,-0.87,16.91,19.71,95.86,27.42,74.32,51.71,12.48
D052,Veda Motors 52,South,Neelapur,2025-12-01,103.0,156.0,11.6,-1.55,20.03,16.09,113.69,36.03,65.56,42.88,16.94
D052,Veda Motors 52,South,Neelapur,2026-01-01,127.0,177.0,10.25,-0.38,20.6,14.98,92.74,36.59,68.64,61.95,11.93
D052,Veda Motors 52,South,Neelapur,2026-02-01,92.0,122.0,13.33,-1.5,17.29,13.94,98.35,27.87,67.18,50.1,14.44
D052,Veda Motors 52,South,Neelapur,2026-03-01,62.0,96.0,15.47,1.49,16.17,25.01,90.59,27.05,67.25,59.93,13.51
D052,Veda Motors 52,South,Neelapur,2026-04-01,105.0,153.0,14.82,-0.15,18.81,16.88,107.18,30.29,62.65,42.24,16.21
D052,Veda Motors 52,South,Neelapur,2026-05-01,70.0,103.0,8.6,-1.11,17.83,20.79,117.17,32.47,67.7,55.0,15.02
D052,Veda Motors 52,South,Neelapur,2026-06-01,101.0,126.0,12.49,-1.86,15.76,32.01,115.6,29.52,71.04,53.75,14.79
D052,Veda Motors 52,South,Neelapur,2026-07-01,104.0,154.0,8.3,0.66,15.53,30.04,102.08,34.31,69.29,39.37,16.49
D052,Veda Motors 52,South,Neelapur,2026-08-01,52.0,74.0,8.8,-2.06,18.94,24.16,113.91,38.2,64.52,41.29,14.63
D052,Veda Motors 52,South,Neelapur,2026-09-01,122.0,164.0,11.88,0.74,12.08,26.68,99.05,37.74,73.84,60.68,13.67
D053,Uday Motors 53,East,Suryabad,2024-10-01,121.0,173.0,12.97,-1.22,15.9,25.24,88.84,30.42,69.96,54.93,13.46
D053,Uday Motors 53,East,Suryabad,2024-11-01,131.0,156.0,13.25,-0.88,18.0,19.85,95.96,29.75,68.75,52.97,13.73
D053,Uday Motors 53,East,Suryabad,2024-12-01,123.0,149.0,14.84,-1.69,23.54,28.77,97.76,26.88,75.57,49.8,13.18
D053,Uday Motors 53,East,Suryabad,2025-01-01,72.0,93.0,14.47,-2.45,29.38,35.02,116.18,32.47,67.96,50.17,13.46
D053,Uday Motors 53,East,Suryabad,2025-02-01,80.0,118.0,9.4,-3.8,13.54,25.44,107.05,36.96,63.89,49.91,16.72
D053,Uday Motors 53,East,Suryabad,2025-03-01,97.0,138.0,14.79,-1.07,22.42,32.71,98.51,36.06,66.82,50.79,11.41
D053,Uday Motors 53,East,Suryabad,2025-04-01,98.0,140.0,14.87,-2.65,21.18,35.96,89.65,34.85,75.73,50.82,14.01
D053,Uday Motors 53,East,Suryabad,2025-05-01,108.0,157.0,12.48,-0.26,24.38,26.02,91.73,30.55,67.13,48.27,13.15
D053,Uday Motors 53,East,Suryabad,2025-06-01,96.0,126.0,15.74,1.08,15.72,23.22,95.5,30.74,71.66,55.39,12.79
D053,Uday Motors 53,East,Suryabad,2025-07-01,76.0,92.0,15.18,1.6,17.4,16.71,100.89,27.97,66.86,59.96,13.88
D053,Uday Motors 53,East,Suryabad,2025-08-01,71.0,118.0,17.51,1.56,17.45,12.27,83.55,27.69,75.05,62.27,11.52
D053,Uday Motors 53,East,Suryabad,2025-09-01,104.0,124.0,11.74,1.83,20.41,22.16,101.82,31.13,76.62,49.07,14.13
D053,Uday Motors 53,East,Suryabad,2025-10-01,118.0,167.0,14.58,-1.12,17.0,23.6,100.05,35.88,74.02,43.48,17.63
D053,Uday Motors 53,East,Suryabad,2025-11-01,135.0,175.0,13.86,-1.85,17.16,21.86,112.12,26.17,71.8,52.68,11.29
D053,Uday Motors 53,East,Suryabad,2025-12-01,80.0,103.0,15.93,1.21,17.7,15.77,91.45,24.83,76.87,59.24,10.19
D053,Uday Motors 53,East,Suryabad,2026-01-01,115.0,126.0,17.81,1.68,16.44,23.33,93.66,27.31,67.2,61.02,11.8
D053,Uday Motors 53,East,Suryabad,2026-02-01,104.0,148.0,9.38,0.61,13.79,25.3,89.6,30.71,70.77,50.37,15.92
D053,Uday Motors 53,East,Suryabad,2026-03-01,132.0,176.0,12.79,2.24,13.99,18.88,113.91,28.32,71.15,57.5,14.77
D053,Uday Motors 53,East,Suryabad,2026-04-01,85.0,107.0,17.19,2.69,13.58,18.23,106.26,25.72,71.12,55.75,9.92
D053,Uday Motors 53,East,Suryabad,2026-05-01,61.0,81.0,13.94,-1.05,15.82,21.51,97.29,24.62,71.22,54.44,14.95
D053,Uday Motors 53,East,Suryabad,2026-06-01,127.0,170.0,11.31,-0.18,16.83,15.72,101.13,36.39,66.38,49.83,14.57
D053,Uday Motors 53,East,Suryabad,2026-07-01,84.0,104.0,12.86,-1.0,12.83,20.01,87.03,38.1,63.9,59.01,11.48
D053,Uday Motors 53,East,Suryabad,2026-08-01,118.0,137.0,14.16,0.16,8.8,17.17,103.41,25.55,72.74,58.37,9.78
D053,Uday Motors 53,East,Suryabad,2026-09-01,90.0,123.0,10.61,1.34,14.44,18.26,98.74,28.43,73.69,53.99,12.61
D054,Nila Motors 54,West,Kiranpur,2024-10-01,138.0,143.0,25.37,3.05,23.75,22.59,74.34,26.32,83.68,71.87,10.46
D054,Nila Motors 54,West,Kiranpur,2024-11-01,122.0,117.0,19.92,3.92,12.51,16.88,80.51,18.17,86.49,71.22,6.34
D054,Nila Motors 54,West,Kiranpur,2024-12-01,132.0,140.0,21.59,5.44,14.61,20.99,72.21,20.57,77.81,66.15,6.69
D054,Nila Motors 54,West,Kiranpur,2025-01-01,89.0,91.0,20.73,4.24,11.17,21.48,76.51,17.11,84.54,66.74,7.73
D054,Nila Motors 54,West,Kiranpur,2025-02-01,183.0,179.0,22.11,3.55,8.57,24.64,64.16,15.05,92.12,80.97,4.66
D054,Nila Motors 54,West,Kiranpur,2025-03-01,107.0,100.0,25.04,5.26,14.0,22.35,50.54,20.43,86.99,74.69,2.96
D054,Nila Motors 54,West,Kiranpur,2025-04-01,113.0,117.0,23.02,4.52,10.38,16.91,73.34,25.12,85.52,70.47,10.64
D054,Nila Motors 54,West,Kiranpur,2025-05-01,88.0,82.0,24.56,2.79,14.93,17.66,65.13,14.04,87.34,69.54,2.97
D054,Nila Motors 54,West,Kiranpur,2025-06-01,88.0,80.0,22.59,6.33,16.71,4.31,55.01,15.21,86.8,70.48,3.4
D054,Nila Motors 54,West,Kiranpur,2025-07-01,148.0,143.0,21.35,5.34,11.0,9.9,78.39,18.21,81.65,77.22,4.18
D054,Nila Motors 54,West,Kiranpur,2025-08-01,72.0,87.0,17.0,4.69,16.04,10.75,92.02,14.81,76.18,60.56,10.7
D054,Nila Motors 54,West,Kiranpur,2025-09-01,123.0,124.0,19.76,5.73,11.33,13.0,58.54,18.8,84.78,74.36,6.24
D054,Nila Motors 54,West,Kiranpur,2025-10-01,136.0,131.0,23.68,6.6,9.77,8.45,71.12,8.55,86.89,73.83,8.12
D054,Nila Motors 54,West,Kiranpur,2025-11-01,139.0,147.0,19.52,7.23,10.31,2.1,71.68,18.33,79.84,69.56,7.62
D054,Nila Motors 54,West,Kiranpur,2025-12-01,183.0,178.0,23.98,5.58,11.34,2.03,65.46,21.21,85.23,64.22,8.04
D054,Nila Motors 54,West,Kiranpur,2026-01-01,97.0,89.0,19.78,8.01,5.76,0.0,60.39,20.91,83.67,70.51,5.39
D054,Nila Motors 54,West,Kiranpur,2026-02-01,72.0,78.0,20.93,7.52,7.27,0.0,63.32,27.22,82.55,69.96,6.79
D054,Nila Motors 54,West,Kiranpur,2026-03-01,145.0,145.0,23.2,7.09,9.05,8.86,71.27,20.46,80.97,81.28,6.37
D054,Nila Motors 54,West,Kiranpur,2026-04-01,197.0,172.0,19.81,7.09,6.95,2.12,74.74,23.93,88.68,70.1,8.01
D054,Nila Motors 54,West,Kiranpur,2026-05-01,95.0,101.0,24.59,8.47,5.84,0.0,64.57,18.05,81.47,72.32,9.24
D054,Nila Motors 54,West,Kiranpur,2026-06-01,117.0,149.0,22.2,7.3,0.0,2.77,63.03,12.4,85.69,71.69,5.02
D054,Nila Motors 54,West,Kiranpur,2026-07-01,77.0,82.0,19.28,5.82,3.14,8.12,75.83,18.13,79.91,57.16,7.33
D054,Nila Motors 54,West,Kiranpur,2026-08-01,72.0,75.0,22.74,6.19,2.42,4.04,49.25,12.06,80.65,75.77,7.96
D054,Nila Motors 54,West,Kiranpur,2026-09-01,160.0,172.0,23.36,10.4,4.36,0.0,54.83,10.02,87.47,83.42,7.67
D055,Aruna Motors 55,Central,Taravan,2024-10-01,177.0,178.0,23.9,7.57,11.4,2.82,69.25,28.24,86.66,69.07,6.01
D055,Aruna Motors 55,Central,Taravan,2024-11-01,102.0,91.0,22.92,7.39,10.18,0.97,53.39,6.03,84.54,79.06,5.74
D055,Aruna Motors 55,Central,Taravan,2024-12-01,92.0,104.0,19.04,5.7,4.13,1.86,70.42,23.77,83.71,69.52,8.94
D055,Aruna Motors 55,Central,Taravan,2025-01-01,107.0,107.0,22.75,8.43,5.58,14.61,73.07,9.93,88.9,74.72,7.7
D055,Aruna Motors 55,Central,Taravan,2025-02-01,124.0,137.0,23.71,8.11,4.34,13.94,61.24,15.5,86.24,64.85,7.72
D055,Aruna Motors 55,Central,Taravan,2025-03-01,133.0,126.0,23.38,9.54,1.02,9.4,50.53,3.84,89.72,76.74,8.03
D055,Aruna Motors 55,Central,Taravan,2025-04-01,155.0,161.0,21.64,8.76,3.91,0.03,60.41,11.39,80.91,78.51,8.81
D055,Aruna Motors 55,Central,Taravan,2025-05-01,160.0,149.0,21.84,7.8,2.54,2.02,55.44,11.7,85.14,76.51,6.23
D055,Aruna Motors 55,Central,Taravan,2025-06-01,100.0,103.0,23.27,6.44,10.22,3.43,63.49,15.18,82.09,75.9,6.93
D055,Aruna Motors 55,Central,Taravan,2025-07-01,144.0,145.0,21.12,7.62,1.34,2.25,58.69,11.98,85.19,73.31,8.54
D055,Aruna Motors 55,Central,Taravan,2025-08-01,67.0,70.0,20.57,6.32,3.26,2.81,65.45,9.31,82.66,78.08,4.54
D055,Aruna Motors 55,Central,Taravan,2025-09-01,92.0,96.0,19.09,8.37,7.46,0.0,70.57,17.48,80.2,70.35,7.83
D055,Aruna Motors 55,Central,Taravan,2025-10-01,205.0,168.0,22.71,6.74,7.78,8.8,55.11,13.63,81.81,72.49,5.88
D055,Aruna Motors 55,Central,Taravan,2025-11-01,87.0,74.0,22.93,6.6,4.46,4.53,58.91,18.49,87.7,75.29,6.31
D055,Aruna Motors 55,Central,Taravan,2025-12-01,86.0,94.0,22.45,3.8,6.42,14.49,89.57,21.21,80.29,67.17,7.2
D055,Aruna Motors 55,Central,Taravan,2026-01-01,105.0,118.0,22.23,5.38,6.59,12.83,77.24,24.38,91.32,75.36,6.26
D055,Aruna Motors 55,Central,Taravan,2026-02-01,130.0,160.0,20.63,6.3,7.64,10.1,67.29,19.07,89.18,66.5,4.96
D055,Aruna Motors 55,Central,Taravan,2026-03-01,70.0,81.0,22.48,5.71,7.41,2.04,63.03,19.42,88.04,65.39,10.49
D055,Aruna Motors 55,Central,Taravan,2026-04-01,86.0,76.0,22.86,7.22,6.21,6.79,71.63,10.63,86.04,84.56,2.81
D055,Aruna Motors 55,Central,Taravan,2026-05-01,85.0,88.0,21.82,6.13,8.78,6.61,62.15,23.13,84.63,74.9,5.7
D055,Aruna Motors 55,Central,Taravan,2026-06-01,136.0,143.0,25.98,5.57,11.28,10.27,56.43,18.37,85.09,70.95,4.92
D055,Aruna Motors 55,Central,Taravan,2026-07-01,66.0,76.0,20.5,4.12,12.04,11.2,77.95,17.5,84.22,77.17,7.27
D055,Aruna Motors 55,Central,Taravan,2026-08-01,65.0,73.0,18.61,4.44,13.86,6.32,82.85,22.59,83.43,67.92,4.37
D055,Aruna Motors 55,Central,Taravan,2026-09-01,137.0,140.0,22.35,6.56,11.12,0.0,67.76,12.95,89.88,79.3,7.33
D056,Tara Motors 56,North,Aarav Nagar,2024-10-01,112.0,144.0,17.2,3.81,11.74,9.41,71.65,18.6,79.77,62.49,7.32
D056,Tara Motors 56,North,Aarav Nagar,2024-11-01,82.0,85.0,20.85,3.86,6.39,11.61,85.86,21.15,78.59,68.86,9.89
D056,Tara Motors 56,North,Aarav Nagar,2024-12-01,162.0,163.0,21.5,5.9,15.92,17.19,68.92,12.11,82.56,80.4,7.08
D056,Tara Motors 56,North,Aarav Nagar,2025-01-01,115.0,132.0,21.17,3.99,9.16,16.08,66.8,4.84,82.08,66.22,7.3
D056,Tara Motors 56,North,Aarav Nagar,2025-02-01,159.0,163.0,21.53,4.24,14.33,17.43,82.47,10.72,88.26,74.78,8.4
D056,Tara Motors 56,North,Aarav Nagar,2025-03-01,117.0,126.0,15.27,4.55,11.19,14.49,85.46,15.71,78.31,62.31,11.22
D056,Tara Motors 56,North,Aarav Nagar,2025-04-01,115.0,128.0,20.19,2.74,19.07,11.78,83.81,25.67,78.23,68.65,10.92
D056,Tara Motors 56,North,Aarav Nagar,2025-05-01,155.0,156.0,18.91,1.71,18.44,19.14,81.65,24.01,73.75,69.13,10.46
D056,Tara Motors 56,North,Aarav Nagar,2025-06-01,138.0,166.0,12.25,2.54,14.14,25.28,88.77,27.72,83.02,72.54,10.86
D056,Tara Motors 56,North,Aarav Nagar,2025-07-01,134.0,135.0,19.62,5.65,18.17,30.33,82.66,17.21,89.29,64.1,5.67
D056,Tara Motors 56,North,Aarav Nagar,2025-08-01,152.0,154.0,22.1,4.62,19.81,31.32,77.21,17.72,87.23,71.06,8.14
D056,Tara Motors 56,North,Aarav Nagar,2025-09-01,134.0,148.0,13.65,2.95,10.49,28.63,96.39,25.26,76.52,67.33,10.26
D056,Tara Motors 56,North,Aarav Nagar,2025-10-01,92.0,92.0,25.01,3.71,16.26,23.7,64.51,10.05,85.95,74.03,6.56
D056,Tara Motors 56,North,Aarav Nagar,2025-11-01,102.0,126.0,15.01,2.35,16.53,22.27,87.8,20.34,78.63,67.3,7.84
D056,Tara Motors 56,North,Aarav Nagar,2025-12-01,186.0,174.0,19.42,2.48,19.47,14.43,77.53,12.4,81.85,70.5,9.12
D056,Tara Motors 56,North,Aarav Nagar,2026-01-01,71.0,79.0,15.51,3.98,14.49,20.91,90.92,17.4,79.41,67.71,8.84
D056,Tara Motors 56,North,Aarav Nagar,2026-02-01,78.0,79.0,20.01,4.87,9.29,24.71,83.22,26.74,79.26,72.33,7.03
D056,Tara Motors 56,North,Aarav Nagar,2026-03-01,148.0,142.0,20.24,4.89,15.05,16.28,75.7,16.31,82.43,57.41,12.09
D056,Tara Motors 56,North,Aarav Nagar,2026-04-01,74.0,78.0,23.56,6.13,12.26,17.22,67.5,23.48,77.61,72.28,8.5
D056,Tara Motors 56,North,Aarav Nagar,2026-05-01,134.0,155.0,20.56,2.24,16.13,16.57,64.69,23.18,80.04,63.68,9.5
D056,Tara Motors 56,North,Aarav Nagar,2026-06-01,101.0,106.0,18.73,2.92,15.73,19.77,77.06,25.81,82.07,69.67,6.05
D056,Tara Motors 56,North,Aarav Nagar,2026-07-01,124.0,113.0,22.48,5.44,14.37,12.31,71.38,17.25,86.71,75.89,7.01
D056,Tara Motors 56,North,Aarav Nagar,2026-08-01,150.0,171.0,21.81,5.27,13.84,5.61,65.76,18.94,87.35,74.94,5.09
D056,Tara Motors 56,North,Aarav Nagar,2026-09-01,172.0,177.0,23.31,6.29,8.47,8.77,63.87,20.64,85.58,80.74,7.03
D057,Veda Motors 57,South,Neelapur,2024-10-01,87.0,123.0,10.76,1.12,15.09,15.79,109.5,42.9,64.2,50.04,14.25
D057,Veda Motors 57,South,Neelapur,2024-11-01,72.0,99.0,13.61,1.95,7.75,17.19,94.77,34.69,70.47,47.26,14.95
D057,Veda Motors 57,South,Neelapur,2024-12-01,66.0,81.0,7.88,0.55,16.82,20.39,104.65,31.46,62.43,46.56,13.53
D057,Veda Motors 57,South,Neelapur,2025-01-01,120.0,157.0,15.36,2.0,10.35,24.66,95.37,31.7,66.83,54.51,12.78
D057,Veda Motors 57,South,Neelapur,2025-02-01,52.0,73.0,13.97,-0.24,19.92,20.89,84.68,23.79,68.72,59.64,14.11
D057,Veda Motors 57,South,Neelapur,2025-03-01,92.0,124.0,14.24,-1.13,14.66,20.95,112.41,37.51,66.17,52.44,14.31
D057,Veda Motors 57,South,Neelapur,2025-04-01,79.0,108.0,10.34,-0.7,20.99,23.51,115.69,37.93,61.36,38.47,16.52
D057,Veda Motors 57,South,Neelapur,2025-05-01,116.0,133.0,14.2,-0.12,15.36,26.93,102.09,24.95,68.54,53.85,16.07
D057,Veda Motors 57,South,Neelapur,2025-06-01,103.0,145.0,9.75,0.89,13.87,22.35,105.29,26.17,68.13,50.14,13.51
D057,Veda Motors 57,South,Neelapur,2025-07-01,50.0,76.0,13.4,-1.71,19.8,20.44,110.75,34.08,63.12,55.15,15.26
D057,Veda Motors 57,South,Neelapur,2025-08-01,160.0,177.0,12.46,0.96,15.71,7.34,88.53,29.54,67.64,50.12,14.35
D057,Veda Motors 57,South,Neelapur,2025-09-01,92.0,131.0,10.43,-2.3,16.32,12.73,109.91,44.34,67.54,50.47,14.1
D057,Veda Motors 57,South,Neelapur,2025-10-01,99.0,160.0,5.86,-2.37,24.88,24.11,114.02,36.76,65.64,40.99,18.87
D057,Veda Motors 57,South,Neelapur,2025-11-01,94.0,141.0,12.87,-1.29,23.58,25.31,114.08,34.91,65.23,46.0,17.05
D057,Veda Motors 57,South,Neelapur,2025-12-01,96.0,129.0,11.89,0.16,18.25,20.63,104.58,33.4,64.11,52.43,12.57
D057,Veda Motors 57,South,Neelapur,2026-01-01,59.0,96.0,10.48,-1.95,18.66,19.38,131.95,36.06,65.91,49.14,15.22
D057,Veda Motors 57,South,Neelapur,2026-02-01,99.0,147.0,11.18,-3.34,23.09,22.53,126.68,35.79,68.22,53.22,12.47
D057,Veda Motors 57,South,Neelapur,2026-03-01,58.0,80.0,13.87,-0.89,24.31,34.13,101.58,38.05,69.75,52.56,14.13
D057,Veda Motors 57,South,Neelapur,2026-04-01,124.0,161.0,10.55,1.16,15.73,32.42,89.32,36.62,62.82,50.62,16.3
D057,Veda Motors 57,South,Neelapur,2026-05-01,53.0,77.0,8.0,-0.04,9.2,21.45,92.05,32.33,68.66,49.8,13.37
D057,Veda Motors 57,South,Neelapur,2026-06-01,60.0,110.0,10.86,-1.01,15.18,16.39,118.02,36.39,65.54,36.82,14.96
D057,Veda Motors 57,South,Neelapur,2026-07-01,85.0,97.0,12.89,-0.11,12.66,27.37,99.19,30.28,66.54,47.81,14.21
D057,Veda Motors 57,South,Neelapur,2026-08-01,87.0,110.0,13.03,-0.3,16.85,23.45,107.2,32.34,67.63,50.23,13.46
D057,Veda Motors 57,South,Neelapur,2026-09-01,143.0,175.0,13.44,-2.74,21.07,17.26,105.68,34.77,70.03,55.99,15.8
D058,Uday Motors 58,East,Suryabad,2024-10-01,73.0,98.0,12.98,0.05,21.64,10.56,99.84,42.8,67.41,57.88,10.66
D058,Uday Motors 58,East,Suryabad,2024-11-01,92.0,126.0,11.99,-1.76,17.46,21.78,111.14,35.14,70.4,52.18,13.0
D058,Uday Motors 58,East,Suryabad,2024-12-01,75.0,83.0,13.73,-1.34,25.38,31.13,107.78,30.86,69.32,55.8,10.91
D058,Uday Motors 58,East,Suryabad,2025-01-01,115.0,157.0,13.76,-1.52,21.62,25.45,107.77,27.28,80.71,54.55,9.26
D058,Uday Motors 58,East,Suryabad,2025-02-01,148.0,174.0,15.54,-2.74,16.0,25.93,93.41,39.17,79.32,57.17,9.97
D058,Uday Motors 58,East,Suryabad,2025-03-01,83.0,147.0,19.64,-1.0,22.65,30.26,100.58,38.45,71.68,54.18,13.54
D058,Uday Motors 58,East,Suryabad,2025-04-01,99.0,128.0,15.57,-3.88,20.68,33.26,108.16,32.25,68.02,57.75,13.02
D058,Uday Motors 58,East,Suryabad,2025-05-01,90.0,129.0,11.53,-2.28,21.36,31.19,105.0,36.02,63.02,46.1,16.04
D058,Uday Motors 58,East,Suryabad,2025-06-01,130.0,158.0,13.72,-1.2,20.47,27.82,88.25,31.45,72.76,54.53,12.52
D058,Uday Motors 58,East,Suryabad,2025-07-01,67.0,95.0,10.91,-1.68,22.02,33.03,114.12,30.2,70.85,49.72,13.08
D058,Uday Motors 58,East,Suryabad,2025-08-01,125.0,171.0,13.77,0.12,18.35,21.25,86.85,28.72,70.46,46.93,13.99
D058,Uday Motors 58,East,Suryabad,2025-09-01,57.0,74.0,7.32,-0.04,22.54,29.81,130.86,36.39,61.9,50.35,16.95
D058,Uday Motors 58,East,Suryabad,2025-10-01,62.0,112.0,10.78,-0.92,17.94,23.08,94.36,31.2,70.01,52.02,13.41
D058,Uday Motors 58,East,Suryabad,2025-11-01,118.0,168.0,17.8,1.07,16.88,29.65,97.38,31.7,73.14,59.61,10.38
D058,Uday Motors 58,East,Suryabad,2025-12-01,93.0,141.0,10.34,1.45,17.99,23.48,100.04,21.67,65.55,54.7,10.92
D058,Uday Motors 58,East,Suryabad,2026-01-01,86.0,95.0,14.31,1.99,17.41,19.0,98.3,29.51,68.95,56.1,12.02
D058,Uday Motors 58,East,Suryabad,2026-02-01,108.0,138.0,19.66,1.67,12.37,19.06,85.85,26.69,73.54,53.85,10.74
D058,Uday Motors 58,East,Suryabad,2026-03-01,134.0,171.0,13.06,0.2,12.85,19.56,85.75,27.08,73.74,53.15,11.99
D058,Uday Motors 58,East,Suryabad,2026-04-01,103.0,139.0,12.57,-0.48,18.37,16.6,111.19,32.99,73.81,51.98,10.95
D058,Uday Motors 58,East,Suryabad,2026-05-01,118.0,155.0,9.59,-2.27,23.56,19.81,96.01,35.26,66.3,50.75,13.5
D058,Uday Motors 58,East,Suryabad,2026-06-01,64.0,91.0,10.41,0.4,24.09,21.88,96.39,28.81,68.19,53.99,12.96
D058,Uday Motors 58,East,Suryabad,2026-07-01,111.0,115.0,12.58,1.16,23.19,22.13,105.55,24.08,70.85,52.45,12.65
D058,Uday Motors 58,East,Suryabad,2026-08-01,55.0,80.0,9.35,-1.44,25.46,28.74,110.27,37.3,66.11,47.62,15.2
D058,Uday Motors 58,East,Suryabad,2026-09-01,74.0,95.0,13.91,-2.23,17.75,29.98,105.33,33.73,67.66,53.58,14.6
D059,Nila Motors 59,West,Kiranpur,2024-10-01,119.0,114.0,23.55,4.01,18.91,8.49,53.71,25.09,90.96,83.65,3.6
D059,Nila Motors 59,West,Kiranpur,2024-11-01,171.0,153.0,30.37,4.55,18.29,16.06,55.03,6.96,100.0,92.73,1.0
D059,Nila Motors 59,West,Kiranpur,2024-12-01,118.0,97.0,27.25,8.28,17.72,17.95,52.6,9.31,98.39,80.93,2.33
D059,Nila Motors 59,West,Kiranpur,2025-01-01,81.0,81.0,28.47,5.73,19.97,15.36,58.85,16.87,95.5,88.06,4.23
D059,Nila Motors 59,West,Kiranpur,2025-02-01,207.0,175.0,26.79,6.75,14.44,27.46,37.37,10.3,97.8,81.22,4.27
D059,Nila Motors 59,West,Kiranpur,2025-03-01,199.0,170.0,27.57,7.93,12.92,25.18,39.96,8.64,89.26,86.75,4.29
D059,Nila Motors 59,West,Kiranpur,2025-04-01,103.0,91.0,24.94,7.18,16.54,23.77,57.92,11.02,96.04,82.51,2.45
D059,Nila Motors 59,West,Kiranpur,2025-05-01,175.0,151.0,24.17,8.68,8.92,9.84,38.04,10.96,98.68,87.93,5.29
D059,Nila Motors 59,West,Kiranpur,2025-06-01,191.0,155.0,27.91,8.84,4.23,11.51,48.31,7.1,92.74,84.64,3.13
D059,Nila Motors 59,West,Kiranpur,2025-07-01,93.0,87.0,26.85,9.37,3.97,6.84,44.18,7.07,97.09,84.65,5.27
D059,Nila Motors 59,West,Kiranpur,2025-08-01,134.0,127.0,29.29,10.31,11.67,13.46,38.6,8.49,97.23,94.39,1.0
D059,Nila Motors 59,West,Kiranpur,2025-09-01,188.0,149.0,25.32,9.49,5.36,9.36,49.0,8.96,93.45,77.77,3.77
D059,Nila Motors 59,West,Kiranpur,2025-10-01,165.0,142.0,29.0,9.08,3.33,13.4,43.46,0.29,97.3,90.06,1.31
D059,Nila Motors 59,West,Kiranpur,2025-11-01,115.0,89.0,25.07,8.75,4.38,3.31,46.68,7.86,100.0,81.8,1.82
D059,Nila Motors 59,West,Kiranpur,2025-12-01,187.0,151.0,29.61,10.08,3.45,7.49,43.64,11.27,93.72,83.8,1.06
D059,Nila Motors 59,West,Kiranpur,2026-01-01,177.0,156.0,26.03,9.41,6.88,10.76,35.99,11.77,90.7,80.49,4.06
D059,Nila Motors 59,West,Kiranpur,2026-02-01,148.0,120.0,27.79,9.38,7.77,8.77,42.89,15.9,90.76,83.76,2.78
D059,Nila Motors 59,West,Kiranpur,2026-03-01,101.0,85.0,23.62,10.31,6.55,2.58,45.66,9.24,92.92,78.13,1.82
D059,Nila Motors 59,West,Kiranpur,2026-04-01,83.0,74.0,26.73,7.82,5.6,4.49,49.18,5.92,100.0,81.57,1.47
D059,Nila Motors 59,West,Kiranpur,2026-05-01,101.0,87.0,27.15,7.12,5.2,0.0,41.0,4.91,90.53,85.63,5.64
D059,Nila Motors 59,West,Kiranpur,2026-06-01,144.0,140.0,27.55,11.43,0.0,1.58,30.64,0.0,92.88,83.75,2.08
D059,Nila Motors 59,West,Kiranpur,2026-07-01,154.0,140.0,27.16,8.88,0.13,4.24,45.11,4.81,86.34,79.23,5.48
D059,Nila Motors 59,West,Kiranpur,2026-08-01,158.0,150.0,25.65,11.18,4.32,4.21,37.95,6.96,94.91,82.7,1.01
D059,Nila Motors 59,West,Kiranpur,2026-09-01,149.0,136.0,26.3,11.17,7.4,11.31,46.81,0.0,92.59,80.33,2.86
D060,Aruna Motors 60,Central,Taravan,2024-10-01,93.0,110.0,21.14,6.25,18.09,15.06,66.42,16.58,82.92,75.2,8.98
D060,Aruna Motors 60,Central,Taravan,2024-11-01,132.0,123.0,27.76,6.2,5.81,9.31,54.96,10.89,86.06,81.14,4.98
D060,Aruna Motors 60,Central,Taravan,2024-12-01,134.0,118.0,23.82,7.09,8.04,12.05,52.79,6.78,96.92,80.49,1.0
D060,Aruna Motors 60,Central,Taravan,2025-01-01,153.0,146.0,25.94,5.64,7.25,12.4,74.48,5.55,87.63,80.51,7.55
D060,Aruna Motors 60,Central,Taravan,2025-02-01,73.0,76.0,21.9,7.32,7.9,5.96,60.54,13.89,95.35,80.09,3.9
D060,Aruna Motors 60,Central,Taravan,2025-03-01,116.0,110.0,25.0,5.88,0.56,11.11,45.0,18.04,86.61,81.33,3.85
D060,Aruna Motors 60,Central,Taravan,2025-04-01,115.0,110.0,25.53,6.58,10.4,17.7,68.25,16.32,87.28,73.8,4.44
D060,Aruna Motors 60,Central,Taravan,2025-05-01,124.0,127.0,23.01,7.95,2.42,14.21,53.49,12.1,83.99,70.26,8.87
D060,Aruna Motors 60,Central,Taravan,2025-06-01,103.0,99.0,22.38,7.26,6.57,14.23,67.88,13.2,79.4,68.87,9.87
D060,Aruna Motors 60,Central,Taravan,2025-07-01,215.0,171.0,26.84,7.57,14.01,24.66,67.64,16.86,87.92,76.35,6.8
D060,Aruna Motors 60,Central,Taravan,2025-08-01,96.0,100.0,22.34,5.86,12.98,20.08,62.86,19.12,87.8,74.49,6.21
D060,Aruna Motors 60,Central,Taravan,2025-09-01,77.0,73.0,18.78,4.11,8.49,20.37,79.38,17.18,82.77,66.45,5.79
D060,Aruna Motors 60,Central,Taravan,2025-10-01,96.0,91.0,23.53,4.27,11.23,21.96,69.79,16.63,81.33,74.48,7.22
D060,Aruna Motors 60,Central,Taravan,2025-11-01,131.0,123.0,26.03,7.59,11.02,13.45,45.6,11.9,90.11,80.65,6.45
D060,Aruna Motors 60,Central,Taravan,2025-12-01,120.0,113.0,21.67,5.98,12.6,5.34,70.13,19.0,86.98,60.43,6.81
D060,Aruna Motors 60,Central,Taravan,2026-01-01,147.0,154.0,25.56,5.41,3.78,13.75,70.76,12.92,86.56,72.48,6.39
D060,Aruna Motors 60,Central,Taravan,2026-02-01,74.0,74.0,22.06,6.59,11.79,14.25,67.01,5.38,81.76,72.03,6.16
D060,Aruna Motors 60,Central,Taravan,2026-03-01,91.0,80.0,24.76,7.04,11.67,10.83,47.82,12.56,88.68,78.6,2.96
D060,Aruna Motors 60,Central,Taravan,2026-04-01,155.0,144.0,22.78,7.32,8.2,12.56,63.7,16.81,87.56,76.93,7.21
D060,Aruna Motors 60,Central,Taravan,2026-05-01,88.0,79.0,23.33,7.05,12.02,23.53,64.63,18.69,85.1,84.57,7.55
D060,Aruna Motors 60,Central,Taravan,2026-06-01,173.0,157.0,25.32,7.04,12.88,16.95,67.9,16.34,86.71,81.4,7.71
D060,Aruna Motors 60,Central,Taravan,2026-07-01,85.0,83.0,21.95,6.64,18.05,11.16,64.44,20.13,93.24,76.08,5.72
D060,Aruna Motors 60,Central,Taravan,2026-08-01,103.0,102.0,25.99,7.12,9.98,11.59,61.27,19.61,91.86,81.42,7.15
D060,Aruna Motors 60,Central,Taravan,2026-09-01,141.0,137.0,24.65,6.13,9.21,19.04,53.22,13.55,85.68,71.88,5.34
