dealer_id,dealer_name,region,city,month,sales_units,target_units,lead_conversion_pct,operating_margin_pct,overdue_receivables_pct,avg_payment_delay_days,inventory_days,stock_over_90_days_pct,customer_satisfaction,service_retention_pct,complaint_resolution_days
D001,Aarav Motors,North,Aarav Nagar,2024-10-01,160.0,127.0,23.83,7.73,6.94,5.6,57.39,10.22,92.82,79.51,3.77
D001,Aarav Motors,North,Aarav Nagar,2024-11-01,230.0,177.0,23.49,7.46,9.23,7.06,50.36,8.91,88.38,79.77,5.61
D001,Aarav Motors,North,Aarav Nagar,2024-12-01,214.0,171.0,22.23,8.32,10.22,7.39,52.46,7.92,86.97,80.24,6.17
D001,Aarav Motors,North,Aarav Nagar,2025-01-01,189.0,151.0,24.3,8.13,8.77,10.47,61.73,12.21,90.31,80.17,2.87
D001,Aarav Motors,North,Aarav Nagar,2025-02-01,151.0,125.0,22.13,7.79,4.31,0.0,53.14,13.25,91.2,80.48,6.25
D001,Aarav Motors,North,Aarav Nagar,2025-03-01,155.0,132.0,21.31,5.25,7.87,1.03,65.24,13.83,91.51,75.93,5.3
D001,Aarav Motors,North,Aarav Nagar,2025-04-01,126.0,115.0,23.1,4.74,13.35,6.93,61.44,13.97,90.88,79.43,6.06
D001,Aarav Motors,North,Aarav Nagar,2025-05-01,168.0,159.0,20.97,4.18,10.16,1.28,70.72,10.96,88.31,82.84,4.53
D001,Aarav Motors,North,Aarav Nagar,2025-06-01,169.0,151.0,25.54,3.33,15.72,4.6,70.16,12.86,85.1,77.93,4.27
D001,Aarav Motors,North,Aarav Nagar,2025-07-01,111.0,99.0,21.81,4.8,16.34,5.28,78.56,19.24,90.51,83.49,3.28
D001,Aarav Motors,North,Aarav Nagar,2025-08-01,220.0,178.0,23.42,2.71,13.9,6.67,68.9,19.91,95.43,89.3,5.68
D001,Aarav Motors,North,Aarav Nagar,2025-09-01,161.0,133.0,23.03,3.13,17.79,4.66,73.57,17.85,88.96,73.5,2.55
D001,Aarav Motors,North,Aarav Nagar,2025-10-01,199.0,150.0,22.86,2.12,16.58,9.14,58.54,26.39,86.98,80.99,3.71
D001,Aarav Motors,North,Aarav Nagar,2025-11-01,195.0,149.0,22.55,3.31,19.38,15.0,54.98,13.43,89.96,83.96,5.3
D001,Aarav Motors,North,Aarav Nagar,2025-12-01,152.0,121.0,26.07,2.85,26.62,17.44,68.03,14.3,85.34,84.24,7.65
D001,Aarav Motors,North,Aarav Nagar,2026-01-01,127.0,104.0,22.07,2.62,22.09,25.07,69.45,19.21,90.45,83.27,5.2
D001,Aarav Motors,North,Aarav Nagar,2026-02-01,116.0,102.0,22.1,1.21,27.29,25.85,62.49,20.64,87.99,76.33,6.56
D001,Aarav Motors,North,Aarav Nagar,2026-03-01,141.0,125.0,23.41,1.34,26.33,26.22,68.02,21.54,90.12,87.71,7.88
D001,Aarav Motors,North,Aarav Nagar,2026-04-01,132.0,117.0,26.27,-0.07,25.11,29.12,62.45,21.19,86.25,75.52,3.74
D001,Aarav Motors,North,Aarav Nagar,2026-05-01,140.0,121.0,21.29,-0.88,33.85,26.38,104.64,17.81,88.34,79.01,7.65
D001,Aarav Motors,North,Aarav Nagar,2026-06-01,184.0,170.0,23.59,-1.59,28.89,18.38,79.7,24.09,87.77,79.53,6.58
D001,Aarav Motors,North,Aarav Nagar,2026-07-01,198.0,171.0,22.42,-0.34,30.57,22.36,97.85,30.11,90.6,74.59,3.39
D001,Aarav Motors,North,Aarav Nagar,2026-08-01,144.0,114.0,24.77,-2.21,30.72,20.8,81.81,24.69,88.56,77.23,4.68
D001,Aarav Motors,North,Aarav Nagar,2026-09-01,214.0,171.0,24.21,-1.24,32.28,32.45,64.25,26.45,94.62,71.5,6.36
D002,Neel Auto,South,Neelapur,2024-10-01,107.0,143.0,27.5,11.8,4.47,12.5,47.79,4.33,94.68,81.09,4.5
D002,Neel Auto,South,Neelapur,2024-11-01,123.0,170.0,28.12,11.88,5.34,11.48,27.92,5.25,90.96,81.81,5.29
D002,Neel Auto,South,Neelapur,2024-12-01,104.0,172.0,25.28,10.37,6.62,10.06,46.04,0.0,95.39,84.17,3.64
D002,Neel Auto,South,Neelapur,2025-01-01,117.0,174.0,23.46,11.54,4.26,4.65,49.77,3.24,96.92,88.15,3.37
D002,Neel Auto,South,Neelapur,2025-02-01,99.0,157.0,27.39,11.06,0.0,4.42,44.5,11.45,92.25,80.59,3.32
D002,Neel Auto,South,Neelapur,2025-03-01,71.0,110.0,28.3,10.61,10.13,4.79,46.36,0.0,99.29,82.05,3.18
D002,Neel Auto,South,Neelapur,2025-04-01,64.0,117.0,27.5,10.58,3.98,0.73,38.53,0.0,94.64,81.99,3.71
D002,Neel Auto,South,Neelapur,2025-05-01,60.0,102.0,27.68,9.36,2.61,0.0,52.07,8.8,93.3,85.96,2.62
D002,Neel Auto,South,Neelapur,2025-06-01,89.0,160.0,21.95,9.38,5.4,1.81,47.55,6.31,97.75,89.19,2.92
D002,Neel Auto,South,Neelapur,2025-07-01,78.0,136.0,23.66,9.17,2.08,0.0,54.43,12.4,90.33,85.45,1.46
D002,Neel Auto,South,Neelapur,2025-08-01,77.0,120.0,25.55,8.99,1.19,5.81,48.92,4.76,95.47,85.33,5.0
D002,Neel Auto,South,Neelapur,2025-09-01,99.0,148.0,28.85,10.44,2.76,16.24,49.57,13.32,100.0,84.16,3.26
D002,Neel Auto,South,Neelapur,2025-10-01,109.0,156.0,24.95,8.47,0.0,13.69,34.31,3.69,93.6,91.63,4.68
D002,Neel Auto,South,Neelapur,2025-11-01,98.0,137.0,26.99,10.68,2.13,10.31,50.15,0.95,94.5,94.27,3.35
D002,Neel Auto,South,Neelapur,2025-12-01,56.0,84.0,25.06,10.49,0.6,11.54,47.12,9.86,95.58,82.74,3.7
D002,Neel Auto,South,Neelapur,2026-01-01,109.0,171.0,22.64,8.56,7.24,15.18,50.51,2.64,89.97,72.02,2.2
D002,Neel Auto,South,Neelapur,2026-02-01,69.0,116.0,26.03,10.16,2.89,7.18,52.02,6.9,96.48,81.13,4.37
D002,Neel Auto,South,Neelapur,2026-03-01,68.0,104.0,26.24,11.46,1.82,1.69,59.74,6.05,95.25,90.14,2.48
D002,Neel Auto,South,Neelapur,2026-04-01,105.0,173.0,25.54,11.21,0.0,5.6,43.6,0.0,92.0,84.87,2.75
D002,Neel Auto,South,Neelapur,2026-05-01,43.0,74.0,28.03,10.72,4.31,0.0,54.98,6.71,100.0,83.53,2.56
D002,Neel Auto,South,Neelapur,2026-06-01,68.0,112.0,27.29,10.11,0.85,0.0,57.05,8.48,94.0,81.27,3.84
D002,Neel Auto,South,Neelapur,2026-07-01,70.0,107.0,24.82,10.25,0.0,8.44,58.7,10.51,93.72,85.33,1.0
D002,Neel Auto,South,Neelapur,2026-08-01,90.0,120.0,24.27,9.22,3.86,2.57,58.4,0.63,95.23,91.17,1.0
D002,Neel Auto,South,Neelapur,2026-09-01,123.0,165.0,27.1,8.29,4.7,6.96,38.38,10.62,92.6,81.33,3.83
D003,Surya Mobility,East,Suryabad,2024-10-01,114.0,172.0,12.79,-2.51,16.55,17.86,109.88,35.97,65.76,56.4,13.24
D003,Surya Mobility,East,Suryabad,2024-11-01,108.0,144.0,13.46,-1.77,18.54,15.12,111.84,29.65,61.5,58.45,17.26
D003,Surya Mobility,East,Suryabad,2024-12-01,88.0,119.0,12.76,-1.9,20.9,23.54,103.24,26.65,71.97,61.62,13.24
D003,Surya Mobility,East,Suryabad,2025-01-01,95.0,113.0,10.3,-0.16,17.37,18.78,113.09,30.74,76.01,50.4,13.4
D003,Surya Mobility,East,Suryabad,2025-02-01,155.0,175.0,13.74,-1.56,17.86,22.64,95.31,28.88,71.89,49.39,9.64
D003,Surya Mobility,East,Suryabad,2025-03-01,78.0,139.0,16.57,0.87,15.15,23.15,90.0,32.4,74.32,67.15,12.24
D003,Surya Mobility,East,Suryabad,2025-04-01,115.0,139.0,18.13,0.53,15.37,19.31,94.91,31.04,78.9,57.19,10.51
D003,Surya Mobility,East,Suryabad,2025-05-01,100.0,118.0,11.74,0.69,13.71,14.07,77.69,22.83,72.79,59.62,12.36
D003,Surya Mobility,East,Suryabad,2025-06-01,120.0,139.0,14.92,1.06,17.11,13.63,90.93,28.09,76.63,64.64,8.68
D003,Surya Mobility,East,Suryabad,2025-07-01,80.0,112.0,14.36,3.12,13.76,8.42,79.96,23.92,81.19,54.11,7.52
D003,Surya Mobility,East,Suryabad,2025-08-01,146.0,151.0,15.83,1.77,15.53,13.07,83.44,25.31,78.38,65.75,9.55
D003,Surya Mobility,East,Suryabad,2025-09-01,85.0,106.0,14.24,4.35,17.13,13.98,69.69,14.49,80.37,69.77,11.55
D003,Surya Mobility,East,Suryabad,2025-10-01,171.0,179.0,18.75,2.79,19.09,20.53,87.71,25.29,78.45,70.87,9.35
D003,Surya Mobility,East,Suryabad,2025-11-01,175.0,164.0,21.45,4.9,13.35,12.6,55.91,19.89,80.67,63.73,10.46
D003,Surya Mobility,East,Suryabad,2025-12-01,84.0,83.0,20.62,4.93,8.43,19.43,74.52,18.61,79.57,70.05,7.35
D003,Surya Mobility,East,Suryabad,2026-01-01,173.0,167.0,21.71,5.23,10.48,19.29,60.56,16.58,82.37,66.66,7.78
D003,Surya Mobility,East,Suryabad,2026-02-01,95.0,90.0,23.95,6.67,10.58,23.84,61.63,11.66,86.78,74.58,8.49
D003,Surya Mobility,East,Suryabad,2026-03-01,62.0,71.0,21.82,6.32,9.24,21.69,63.28,15.82,85.37,71.96,6.56
D003,Surya Mobility,East,Suryabad,2026-04-01,105.0,121.0,22.12,8.0,5.74,14.16,50.01,6.17,88.1,76.0,5.46
D003,Surya Mobility,East,Suryabad,2026-05-01,87.0,86.0,26.82,5.89,7.46,3.77,58.89,8.85,88.17,82.99,7.94
D003,Surya Mobility,East,Suryabad,2026-06-01,198.0,178.0,24.13,7.61,9.08,10.63,87.05,14.65,88.16,82.56,4.18
D003,Surya Mobility,East,Suryabad,2026-07-01,116.0,111.0,25.5,7.95,8.37,8.59,60.58,2.3,93.41,76.16,2.1
D003,Surya Mobility,East,Suryabad,2026-08-01,121.0,107.0,22.88,7.99,4.98,5.59,51.73,9.98,89.52,84.39,3.9
D003,Surya Mobility,East,Suryabad,2026-09-01,110.0,100.0,25.74,8.75,6.03,9.32,48.82,11.47,90.35,78.2,1.7
D004,Kiran Wheels,West,Kiranpur,2024-10-01,75.0,114.0,9.59,1.51,10.74,11.49,95.4,28.18,64.68,39.07,16.25
D004,Kiran Wheels,West,Kiranpur,2024-11-01,98.0,129.0,17.23,2.61,4.88,13.82,89.95,22.91,67.55,54.92,13.84
D004,Kiran Wheels,West,Kiranpur,2024-12-01,90.0,133.0,13.17,2.7,6.26,10.67,93.56,26.81,68.34,48.79,13.5
D004,Kiran Wheels,West,Kiranpur,2025-01-01,133.0,166.0,15.72,2.67,13.32,13.36,96.04,32.09,75.22,61.25,9.46
D004,Kiran Wheels,West,Kiranpur,2025-02-01,70.0,87.0,13.83,1.93,15.35,13.65,97.42,31.94,60.54,54.27,7.73
D004,Kiran Wheels,West,Kiranpur,2025-03-01,99.0,170.0,9.17,0.67,14.6,5.38,129.43,34.55,66.43,54.11,15.06
D004,Kiran Wheels,West,Kiranpur,2025-04-01,87.0,130.0,10.1,0.56,16.31,6.32,107.95,32.82,67.69,52.36,12.63
D004,Kiran Wheels,West,Kiranpur,2025-05-01,101.0,179.0,12.42,-0.75,13.98,3.88,114.95,37.5,68.05,52.29,12.07
D004,Kiran Wheels,West,Kiranpur,2025-06-01,71.0,88.0,17.01,1.14,17.39,5.97,108.35,34.55,70.75,54.57,14.01
D004,Kiran Wheels,West,Kiranpur,2025-07-01,84.0,103.0,12.89,0.46,18.3,16.6,104.43,34.51,70.54,47.89,15.33
D004,Kiran Wheels,West,Kiranpur,2025-08-01,123.0,170.0,11.73,0.53,15.32,15.3,105.72,32.12,69.52,53.92,10.46
D004,Kiran Wheels,West,Kiranpur,2025-09-01,113.0,143.0,14.56,3.31,10.66,13.81,92.13,30.76,67.05,51.87,14.96
D004,Kiran Wheels,West,Kiranpur,2025-10-01,90.0,106.0,13.6,1.2,10.41,8.4,90.17,28.42,69.77,47.45,14.34
D004,Kiran Wheels,West,Kiranpur,2025-11-01,98.0,105.0,8.5,2.01,13.68,14.78,102.95,32.63,67.76,48.53,16.56
D004,Kiran Wheels,West,Kiranpur,2025-12-01,83.0,110.0,13.25,1.45,15.75,22.02,101.43,27.63,67.71,45.22,12.21
D004,Kiran Wheels,West,Kiranpur,2026-01-01,51.0,70.0,16.15,-0.26,18.06,26.24,105.58,32.34,70.45,52.09,10.78
D004,Kiran Wheels,West,Kiranpur,2026-02-01,89.0,125.0,12.43,-1.73,17.85,31.6,122.5,42.49,67.14,52.09,16.55
D004,Kiran Wheels,West,Kiranpur,2026-03-01,98.0,130.0,12.33,0.07,16.23,25.47,96.66,36.5,74.92,62.49,11.55
D004,Kiran Wheels,West,Kiranpur,2026-04-01,99.0,132.0,10.66,-1.27,16.64,25.85,117.82,35.32,64.4,48.48,14.01
D004,Kiran Wheels,West,Kiranpur,2026-05-01,103.0,166.0,8.4,-3.06,21.74,16.18,107.81,40.67,68.38,57.33,13.48
D004,Kiran Wheels,West,Kiranpur,2026-06-01,79.0,148.0,9.02,-2.2,21.58,16.56,115.8,35.93,68.49,57.21,14.62
D004,Kiran Wheels,West,Kiranpur,2026-07-01,86.0,121.0,14.62,-1.83,,17.37,120.44,24.5,65.76,48.84,12.38
D004,Kiran Wheels,West,Kiranpur,2026-08-01,144.0,152.0,16.22,-1.36,,14.37,95.81,25.66,68.56,48.23,13.24
D004,Kiran Wheels,West,Kiranpur,2026-09-01,101.0,130.0,11.6,-2.52,,7.41,100.96,37.69,65.49,42.52,14.27
D005,Aruna Motors 05,Central,Taravan,2024-10-01,160.0,122.0,27.19,5.86,5.15,12.79,68.13,8.44,84.39,74.36,6.13
D005,Aruna Motors 05,Central,Taravan,2024-11-01,74.0,76.0,19.25,8.85,7.78,1.36,69.12,13.31,83.69,68.35,3.19
D005,Aruna Motors 05,Central,Taravan,2024-12-01,123.0,114.0,19.16,8.13,5.37,6.45,72.31,12.68,82.6,70.14,7.6
D005,Aruna Motors 05,Central,Taravan,2025-01-01,77.0,83.0,19.56,7.4,6.75,9.23,54.24,13.52,87.62,75.74,8.82
D005,Aruna Motors 05,Central,Taravan,2025-02-01,157.0,143.0,23.05,7.86,0.0,0.0,57.05,4.94,90.62,81.58,4.56
D005,Aruna Motors 05,Central,Taravan,2025-03-01,116.0,114.0,21.49,9.73,1.99,2.14,72.7,13.08,87.65,70.68,6.68
D005,Aruna Motors 05,Central,Taravan,2025-04-01,84.0,89.0,24.07,9.45,1.61,1.62,70.79,10.63,84.28,68.77,9.61
D005,Aruna Motors 05,Central,Taravan,2025-05-01,96.0,135.0,17.63,8.91,3.35,0.0,68.71,7.13,85.35,80.67,7.92
D005,Aruna Motors 05,Central,Taravan,2025-06-01,86.0,86.0,23.08,6.43,1.19,5.84,57.65,8.95,85.09,63.72,7.81
D005,Aruna Motors 05,Central,Taravan,2025-07-01,110.0,124.0,24.66,5.46,2.37,0.0,53.21,15.03,84.38,75.49,7.14
D005,Aruna Motors 05,Central,Taravan,2025-08-01,137.0,125.0,22.17,8.24,3.41,0.0,42.83,10.68,92.03,78.43,2.8
D005,Aruna Motors 05,Central,Taravan,2025-09-01,110.0,121.0,22.74,7.25,6.91,12.89,82.61,16.55,86.16,81.98,6.86
D005,Aruna Motors 05,Central,Taravan,2025-10-01,80.0,92.0,24.67,6.44,4.9,14.95,75.63,16.28,81.73,71.28,5.94
D005,Aruna Motors 05,Central,Taravan,2025-11-01,131.0,128.0,20.63,5.04,10.04,21.69,61.63,20.11,80.19,76.07,6.13
D005,Aruna Motors 05,Central,Taravan,2025-12-01,161.0,144.0,18.65,7.14,9.58,19.11,49.67,15.02,86.54,74.93,6.94
D005,Aruna Motors 05,Central,Taravan,2026-01-01,127.0,165.0,20.92,5.15,5.83,13.11,67.54,21.7,81.98,73.78,5.39
D005,Aruna Motors 05,Central,Taravan,2026-02-01,81.0,104.0,23.95,4.52,13.06,15.93,80.25,14.23,86.36,68.13,7.44
D005,Aruna Motors 05,Central,Taravan,2026-03-01,82.0,87.0,21.78,4.6,13.46,17.05,72.43,27.56,78.56,75.03,9.61
D005,Aruna Motors 05,Central,Taravan,2026-04-01,122.0,138.0,19.54,2.87,16.91,2.66,93.7,22.05,79.62,72.16,9.31
D005,Aruna Motors 05,Central,Taravan,2026-05-01,146.0,174.0,20.32,2.19,16.65,8.81,75.86,16.78,77.28,68.58,8.07
D005,Aruna Motors 05,Central,Taravan,2026-06-01,82.0,96.0,20.82,5.53,20.23,4.16,79.1,18.56,81.85,71.49,7.58
D005,Aruna Motors 05,Central,Taravan,2026-07-01,104.0,95.0,20.79,4.52,18.51,4.63,87.73,18.44,80.94,72.13,8.95
D005,Aruna Motors 05,Central,Taravan,2026-08-01,107.0,128.0,21.43,5.37,13.73,8.05,54.3,17.82,84.11,80.03,4.83
D005,Aruna Motors 05,Central,Taravan,2026-09-01,96.0,93.0,20.85,3.48,18.59,9.91,67.5,24.22,79.4,71.62,7.73
D006,Tara Motors 06,North,Aarav Nagar,2024-10-01,66.0,96.0,15.66,3.07,4.2,6.02,78.95,29.49,72.86,55.03,12.92
D006,Tara Motors 06,North,Aarav Nagar,2024-11-01,130.0,156.0,12.94,3.68,10.2,14.61,73.36,20.29,69.89,49.79,15.2
D006,Tara Motors 06,North,Aarav Nagar,2024-12-01,94.0,121.0,14.9,4.54,8.27,11.29,89.38,21.6,67.37,60.71,12.24
D006,Tara Motors 06,North,Aarav Nagar,2025-01-01,139.0,137.0,14.22,4.96,3.1,3.66,74.09,28.78,74.56,63.55,11.12
D006,Tara Motors 06,North,Aarav Nagar,2025-02-01,86.0,117.0,16.67,3.19,6.91,8.48,83.1,22.98,73.2,53.39,10.25
D006,Tara Motors 06,North,Aarav Nagar,2025-03-01,84.0,107.0,13.92,1.91,11.14,10.37,86.74,23.78,70.82,52.3,12.07
D006,Tara Motors 06,North,Aarav Nagar,2025-04-01,129.0,155.0,16.7,2.13,6.83,7.63,88.84,27.3,69.76,62.88,12.12
D006,Tara Motors 06,North,Aarav Nagar,2025-05-01,115.0,155.0,12.26,0.21,15.04,6.31,86.75,23.89,70.02,53.11,10.98
D006,Tara Motors 06,North,Aarav Nagar,2025-06-01,106.0,141.0,17.86,0.78,13.21,7.07,106.63,32.49,68.46,55.7,13.86
D006,Tara Motors 06,North,Aarav Nagar,2025-07-01,89.0,114.0,16.99,2.12,13.63,7.92,91.13,22.54,77.44,72.47,7.9
D006,Tara Motors 06,North,Aarav Nagar,2025-08-01,140.0,156.0,18.51,2.95,15.77,10.49,68.87,31.25,76.51,64.55,8.92
D006,Tara Motors 06,North,Aarav Nagar,2025-09-01,119.0,140.0,16.74,0.12,16.02,17.26,91.02,26.67,68.06,58.64,8.31
D006,Tara Motors 06,North,Aarav Nagar,2025-10-01,146.0,143.0,16.25,2.93,8.88,20.05,90.3,25.38,75.04,60.3,8.07
D006,Tara Motors 06,North,Aarav Nagar,2025-11-01,117.0,125.0,21.02,3.33,7.36,16.63,92.63,27.07,73.46,61.33,10.69
D006,Tara Motors 06,North,Aarav Nagar,2025-12-01,128.0,137.0,17.0,4.27,2.47,0.0,83.88,23.78,73.1,58.98,8.54
D006,Tara Motors 06,North,Aarav Nagar,2026-01-01,139.0,177.0,15.58,3.16,8.33,0.0,84.19,28.47,70.38,49.73,10.05
D006,Tara Motors 06,North,Aarav Nagar,2026-02-01,118.0,115.0,11.5,4.58,3.02,0.0,81.39,23.98,66.25,58.51,14.48
D006,Tara Motors 06,North,Aarav Nagar,2026-03-01,122.0,155.0,13.93,1.53,10.08,2.59,88.53,20.12,73.8,55.47,10.75
D006,Tara Motors 06,North,Aarav Nagar,2026-04-01,71.0,90.0,20.4,6.09,6.78,0.0,77.76,19.15,76.31,61.27,10.33
D006,Tara Motors 06,North,Aarav Nagar,2026-05-01,58.0,83.0,17.5,2.98,6.7,1.6,83.06,23.35,73.32,65.04,11.87
D006,Tara Motors 06,North,Aarav Nagar,2026-06-01,123.0,166.0,12.92,3.65,7.5,0.97,92.06,24.07,69.56,59.53,13.36
D006,Tara Motors 06,North,Aarav Nagar,2026-07-01,69.0,78.0,15.72,2.05,12.42,2.44,77.07,19.03,78.44,59.69,10.6
D006,Tara Motors 06,North,Aarav Nagar,2026-08-01,53.0,74.0,17.86,0.67,20.56,10.93,88.75,31.92,68.89,62.21,13.23
D006,Tara Motors 06,North,Aarav Nagar,2026-09-01,143.0,153.0,18.27,3.05,9.58,4.78,90.28,30.42,69.83,59.49,11.39
D007,Veda Motors 07,South,Neelapur,2024-10-01,185.0,176.0,23.57,3.44,15.64,17.93,66.67,10.47,88.72,74.98,5.99
D007,Veda Motors 07,South,Neelapur,2024-11-01,105.0,88.0,24.45,6.46,10.19,20.91,60.18,16.65,91.99,77.95,1.45
D007,Veda Motors 07,South,Neelapur,2024-12-01,171.0,143.0,25.92,7.26,10.33,20.38,55.79,17.0,90.23,73.93,5.43
D007,Veda Motors 07,South,Neelapur,2025-01-01,169.0,161.0,26.89,5.0,10.32,27.3,64.15,17.43,85.08,72.56,1.95
D007,Veda Motors 07,South,Neelapur,2025-02-01,174.0,177.0,23.64,6.3,11.25,19.43,68.3,10.71,87.69,80.28,6.15
D007,Veda Motors 07,South,Neelapur,2025-03-01,107.0,104.0,23.26,5.72,10.85,21.53,71.63,19.54,83.48,72.58,8.33
D007,Veda Motors 07,South,Neelapur,2025-04-01,137.0,175.0,23.82,8.23,13.11,20.86,56.41,17.31,90.97,72.42,6.32
D007,Veda Motors 07,South,Neelapur,2025-05-01,155.0,174.0,17.24,5.97,12.52,10.02,70.52,12.96,76.59,68.67,6.77
D007,Veda Motors 07,South,Neelapur,2025-06-01,74.0,85.0,23.14,6.01,9.82,7.3,79.5,12.39,84.3,71.75,6.47
D007,Veda Motors 07,South,Neelapur,2025-07-01,166.0,160.0,17.9,8.37,0.0,0.08,56.98,16.26,88.26,71.49,3.51
D007,Veda Motors 07,South,Neelapur,2025-08-01,144.0,149.0,23.39,7.86,6.84,11.31,59.12,2.09,89.49,75.75,6.49
D007,Veda Motors 07,South,Neelapur,2025-09-01,115.0,126.0,19.92,5.53,4.04,12.13,65.34,10.51,78.17,70.27,4.27
D007,Veda Motors 07,South,Neelapur,2025-10-01,120.0,115.0,22.59,5.45,4.23,6.25,60.31,9.3,88.94,68.84,5.93
D007,Veda Motors 07,South,Neelapur,2025-11-01,131.0,122.0,21.85,6.4,8.18,11.2,59.52,13.0,85.35,77.36,5.84
D007,Veda Motors 07,South,Neelapur,2025-12-01,123.0,103.0,18.93,7.41,11.72,10.86,61.18,13.65,85.66,75.17,5.53
D007,Veda Motors 07,South,Neelapur,2026-01-01,109.0,111.0,20.44,5.71,7.78,10.74,65.27,14.61,89.03,73.9,6.99
D007,Veda Motors 07,South,Neelapur,2026-02-01,175.0,178.0,22.22,8.16,7.17,9.03,47.1,15.98,88.6,72.5,7.07
D007,Veda Motors 07,South,Neelapur,2026-03-01,188.0,177.0,23.98,10.32,4.5,1.98,57.09,6.98,91.44,79.86,4.98
D007,Veda Motors 07,South,Neelapur,2026-04-01,121.0,149.0,23.17,5.07,5.47,1.61,62.41,18.01,84.64,76.17,5.81
D007,Veda Motors 07,South,Neelapur,2026-05-01,167.0,164.0,21.3,7.89,9.26,0.0,69.54,19.56,86.11,70.84,3.99
D007,Veda Motors 07,South,Neelapur,2026-06-01,126.0,117.0,21.6,8.76,15.9,0.0,64.78,13.61,88.3,70.82,4.02
D007,Veda Motors 07,South,Neelapur,2026-07-01,106.0,107.0,22.39,7.22,4.3,0.0,73.45,13.21,86.95,71.81,6.2
D007,Veda Motors 07,South,Neelapur,2026-08-01,146.0,160.0,18.62,8.3,2.16,0.0,44.95,8.81,85.79,73.16,5.3
D007,Veda Motors 07,South,Neelapur,2026-09-01,80.0,73.0,22.42,7.66,5.98,17.48,56.45,13.33,88.91,79.77,5.58
D008,Uday Motors 08,East,Suryabad,2024-10-01,72.0,73.0,22.78,4.64,10.35,17.85,77.52,13.38,82.26,72.56,7.58
D008,Uday Motors 08,East,Suryabad,2024-11-01,96.0,80.0,23.9,5.97,12.94,19.29,57.63,16.61,92.12,79.08,3.43
D008,Uday Motors 08,East,Suryabad,2024-12-01,167.0,154.0,24.67,7.1,11.89,17.9,76.33,12.3,90.35,74.37,4.56
D008,Uday Motors 08,East,Suryabad,2025-01-01,129.0,108.0,23.89,5.55,20.42,16.63,62.41,10.96,87.75,74.36,6.3
D008,Uday Motors 08,East,Suryabad,2025-02-01,73.0,77.0,21.08,5.98,13.51,5.53,66.66,11.46,90.32,73.24,4.74
D008,Uday Motors 08,East,Suryabad,2025-03-01,143.0,142.0,24.92,7.64,8.35,7.89,64.74,14.27,84.28,70.1,5.67
D008,Uday Motors 08,East,Suryabad,2025-04-01,120.0,122.0,23.26,4.38,19.63,21.37,78.3,9.7,83.14,66.6,6.42
D008,Uday Motors 08,East,Suryabad,2025-05-01,148.0,147.0,25.02,5.07,8.38,11.34,69.51,14.76,83.33,76.25,5.3
D008,Uday Motors 08,East,Suryabad,2025-06-01,174.0,179.0,24.65,7.8,8.28,5.0,62.67,14.84,90.5,74.94,6.56
D008,Uday Motors 08,East,Suryabad,2025-07-01,151.0,154.0,25.11,6.77,10.61,7.97,55.03,5.76,91.95,77.34,4.28
D008,Uday Motors 08,East,Suryabad,2025-08-01,86.0,80.0,27.01,6.97,9.8,11.65,54.66,8.63,91.96,71.18,4.4
D008,Uday Motors 08,East,Suryabad,2025-09-01,135.0,131.0,26.14,6.46,3.7,13.75,64.39,14.05,87.25,70.9,4.08
D008,Uday Motors 08,East,Suryabad,2025-10-01,118.0,104.0,18.89,7.62,6.24,6.16,59.34,14.09,92.32,79.39,1.64
D008,Uday Motors 08,East,Suryabad,2025-11-01,173.0,153.0,24.23,6.84,9.04,7.34,44.39,12.63,88.48,70.54,6.9
D008,Uday Motors 08,East,Suryabad,2025-12-01,144.0,106.0,23.89,5.33,12.92,15.35,51.9,15.38,92.33,82.02,4.77
D008,Uday Motors 08,East,Suryabad,2026-01-01,88.0,92.0,25.59,7.09,16.43,14.74,54.28,17.9,93.75,89.82,3.32
D008,Uday Motors 08,East,Suryabad,2026-02-01,103.0,129.0,22.16,6.16,9.9,16.42,79.84,14.86,91.8,76.82,6.91
D008,Uday Motors 08,East,Suryabad,2026-03-01,169.0,163.0,24.85,5.34,14.29,10.93,82.66,13.1,91.17,83.26,6.58
D008,Uday Motors 08,East,Suryabad,2026-04-01,172.0,158.0,24.09,8.37,4.96,6.98,50.7,12.91,89.14,75.42,5.27
D008,Uday Motors 08,East,Suryabad,2026-05-01,189.0,165.0,30.51,8.4,2.25,2.73,50.53,10.22,93.27,85.28,1.29
D008,Uday Motors 08,East,Suryabad,2026-06-01,100.0,94.0,26.2,6.47,2.6,3.56,58.91,11.09,96.62,88.32,5.98
D008,Uday Motors 08,East,Suryabad,2026-07-01,185.0,157.0,25.32,7.72,7.12,5.97,59.31,17.29,83.39,73.29,6.0
D008,Uday Motors 08,East,Suryabad,2026-08-01,82.0,81.0,26.02,8.36,6.18,1.37,57.42,2.36,91.67,85.06,2.61
D008,Uday Motors 08,East,Suryabad,2026-09-01,79.0,77.0,17.59,6.92,3.47,0.0,66.74,11.84,81.67,70.57,6.52
D009,Nila Motors 09,West,Kiranpur,2024-10-01,173.0,157.0,19.76,2.31,15.81,18.37,65.31,9.32,83.5,68.67,9.18
D009,Nila Motors 09,West,Kiranpur,2024-11-01,148.0,138.0,16.3,2.94,13.72,10.9,58.28,14.92,77.51,70.11,8.9
D009,Nila Motors 09,West,Kiranpur,2024-12-01,182.0,171.0,23.92,2.41,16.72,21.76,62.83,20.23,82.17,65.7,6.23
D009,Nila Motors 09,West,Kiranpur,2025-01-01,176.0,173.0,21.66,2.63,17.07,20.58,79.63,30.53,82.21,68.25,8.68
D009,Nila Motors 09,West,Kiranpur,2025-02-01,124.0,135.0,20.45,4.65,15.93,21.13,66.64,10.71,78.95,66.74,5.01
D009,Nila Motors 09,West,Kiranpur,2025-03-01,147.0,173.0,19.04,6.27,12.31,12.94,76.21,16.74,80.95,70.05,8.85
D009,Nila Motors 09,West,Kiranpur,2025-04-01,124.0,137.0,18.32,6.29,7.87,15.07,83.2,19.98,80.05,65.93,8.9
D009,Nila Motors 09,West,Kiranpur,2025-05-01,136.0,140.0,19.9,5.4,10.49,10.75,84.92,26.78,84.41,63.1,6.13
D009,Nila Motors 09,West,Kiranpur,2025-06-01,96.0,98.0,24.27,5.65,17.67,10.46,76.95,20.99,84.82,70.66,9.12
D009,Nila Motors 09,West,Kiranpur,2025-07-01,103.0,121.0,20.46,5.28,15.72,15.11,63.96,18.95,88.53,69.04,4.89
D009,Nila Motors 09,West,Kiranpur,2025-08-01,150.0,136.0,21.66,5.82,15.91,14.4,69.77,17.3,86.89,79.31,4.58
D009,Nila Motors 09,West,Kiranpur,2025-09-01,105.0,118.0,18.71,2.17,17.45,12.92,81.46,21.94,77.62,72.24,6.86
D009,Nila Motors 09,West,Kiranpur,2025-10-01,141.0,171.0,21.6,4.64,4.82,8.46,73.71,23.48,88.37,72.22,7.37
D009,Nila Motors 09,West,Kiranpur,2025-11-01,155.0,160.0,22.37,4.99,8.32,12.51,68.64,26.61,87.91,79.26,6.73
D009,Nila Motors 09,West,Kiranpur,2025-12-01,107.0,96.0,22.78,2.76,16.78,4.53,67.43,21.64,83.84,72.97,8.01
D009,Nila Motors 09,West,Kiranpur,2026-01-01,116.0,121.0,26.4,5.13,15.69,6.69,51.86,13.97,89.91,74.77,3.5
D009,Nila Motors 09,West,Kiranpur,2026-02-01,146.0,145.0,23.93,4.18,8.81,0.0,66.75,20.36,81.26,65.79,7.99
D009,Nila Motors 09,West,Kiranpur,2026-03-01,92.0,113.0,19.29,5.43,8.59,4.8,91.22,17.0,79.07,73.49,8.74
D009,Nila Motors 09,West,Kiranpur,2026-04-01,93.0,109.0,19.29,4.73,7.62,6.16,79.12,19.5,84.67,72.33,7.88
D009,Nila Motors 09,West,Kiranpur,2026-05-01,84.0,96.0,19.66,3.45,8.86,6.45,91.46,18.81,87.02,66.5,8.47
D009,Nila Motors 09,West,Kiranpur,2026-06-01,64.0,73.0,23.4,6.19,9.82,16.22,60.95,12.29,90.02,72.65,4.32
D009,Nila Motors 09,West,Kiranpur,2026-07-01,145.0,164.0,18.86,5.87,6.52,14.87,70.24,19.76,86.07,66.28,8.89
D009,Nila Motors 09,West,Kiranpur,2026-08-01,64.0,80.0,20.71,7.01,7.13,13.63,80.71,14.67,77.58,69.04,5.42
D009,Nila Motors 09,West,Kiranpur,2026-09-01,124.0,133.0,17.74,4.76,9.43,12.45,83.37,22.67,83.52,69.05,8.65
D010,Aruna Motors 10,Central,Taravan,2024-10-01,97.0,79.0,20.98,9.28,6.0,8.88,43.28,9.9,94.4,79.5,2.75
D010,Aruna Motors 10,Central,Taravan,2024-11-01,185.0,144.0,23.47,8.77,10.13,11.24,32.52,9.22,90.94,80.18,2.39
D010,Aruna Motors 10,Central,Taravan,2024-12-01,124.0,120.0,28.77,6.91,9.33,8.81,47.65,6.83,91.39,90.76,6.07
D010,Aruna Motors 10,Central,Taravan,2025-01-01,147.0,151.0,26.41,7.95,13.17,8.69,52.56,11.57,92.62,80.36,4.09
D010,Aruna Motors 10,Central,Taravan,2025-02-01,108.0,98.0,23.98,7.22,12.36,14.04,56.46,7.09,86.84,79.96,4.65
D010,Aruna Motors 10,Central,Taravan,2025-03-01,125.0,117.0,26.13,9.33,7.47,3.15,54.92,9.04,89.49,89.83,5.35
D010,Aruna Motors 10,Central,Taravan,2025-04-01,146.0,153.0,25.91,9.29,7.65,0.0,59.08,9.69,91.18,77.7,3.61
D010,Aruna Motors 10,Central,Taravan,2025-05-01,94.0,96.0,29.79,10.23,7.37,0.0,42.17,7.79,94.32,85.03,3.76
D010,Aruna Motors 10,Central,Taravan,2025-06-01,110.0,94.0,22.92,10.26,0.0,0.0,41.71,4.07,93.46,82.05,2.93
D010,Aruna Motors 10,Central,Taravan,2025-07-01,82.0,73.0,26.5,8.21,2.9,0.94,56.7,3.31,91.2,79.32,7.12
D010,Aruna Motors 10,Central,Taravan,2025-08-01,184.0,150.0,29.94,10.0,3.48,1.86,38.26,5.22,97.69,91.79,2.11
D010,Aruna Motors 10,Central,Taravan,2025-09-01,99.0,79.0,23.99,8.06,2.72,5.41,42.9,11.14,95.03,80.31,6.13
D010,Aruna Motors 10,Central,Taravan,2025-10-01,183.0,155.0,27.69,9.54,1.92,0.0,27.74,7.67,93.62,97.96,1.0
D010,Aruna Motors 10,Central,Taravan,2025-11-01,203.0,179.0,24.96,6.21,3.73,0.74,43.19,3.21,89.7,68.56,3.11
D010,Aruna Motors 10,Central,Taravan,2025-12-01,181.0,151.0,26.31,10.14,4.15,4.48,50.3,10.61,91.59,78.19,3.86
D010,Aruna Motors 10,Central,Taravan,2026-01-01,116.0,116.0,23.09,7.3,8.08,7.61,52.5,6.17,92.89,76.66,2.54
D010,Aruna Motors 10,Central,Taravan,2026-02-01,118.0,97.0,27.0,8.75,5.47,7.92,41.1,12.96,95.09,75.7,3.31
D010,Aruna Motors 10,Central,Taravan,2026-03-01,86.0,84.0,29.82,8.73,7.14,5.97,36.19,2.75,94.97,90.59,3.2
D010,Aruna Motors 10,Central,Taravan,2026-04-01,92.0,84.0,28.29,10.68,1.35,3.3,30.56,0.0,97.48,80.71,2.4
D010,Aruna Motors 10,Central,Taravan,2026-05-01,94.0,93.0,27.55,9.86,10.53,3.89,52.23,8.11,100.0,81.9,3.27
D010,Aruna Motors 10,Central,Taravan,2026-06-01,86.0,82.0,25.37,10.07,7.85,6.33,46.53,6.87,92.69,77.59,4.16
D010,Aruna Motors 10,Central,Taravan,2026-07-01,151.0,132.0,23.27,9.06,5.13,2.11,61.98,8.87,88.85,77.74,4.27
D010,Aruna Motors 10,Central,Taravan,2026-08-01,107.0,92.0,24.98,9.51,0.11,7.72,47.7,8.57,96.96,81.95,6.02
D010,Aruna Motors 10,Central,Taravan,2026-09-01,222.0,167.0,25.46,7.88,3.36,22.11,66.1,11.06,93.13,88.45,4.19
D011,Tara Motors 11,North,Aarav Nagar,2024-10-01,172.0,155.0,26.48,3.23,15.03,22.33,69.39,23.09,83.91,70.37,8.2
D011,Tara Motors 11,North,Aarav Nagar,2024-11-01,121.0,99.0,23.73,5.07,10.64,18.95,59.62,17.78,83.65,72.16,6.16
D011,Tara Motors 11,North,Aarav Nagar,2024-12-01,178.0,148.0,23.24,5.52,11.4,23.22,56.13,15.75,90.3,73.55,4.91
D011,Tara Motors 11,North,Aarav Nagar,2025-01-01,150.0,141.0,22.77,6.11,15.82,22.03,74.25,12.98,82.82,72.5,5.96
D011,Tara Motors 11,North,Aarav Nagar,2025-02-01,119.0,129.0,23.19,5.48,17.79,22.24,72.04,16.19,83.92,71.81,7.95
D011,Tara Motors 11,North,Aarav Nagar,2025-03-01,85.0,80.0,22.12,8.62,11.78,10.67,49.76,9.89,86.83,75.78,5.59
D011,Tara Motors 11,North,Aarav Nagar,2025-04-01,142.0,163.0,23.23,6.01,3.26,6.78,69.38,17.64,89.31,70.22,8.02
D011,Tara Motors 11,North,Aarav Nagar,2025-05-01,81.0,76.0,20.0,7.7,11.52,9.15,65.4,14.25,87.14,76.1,6.83
D011,Tara Motors 11,North,Aarav Nagar,2025-06-01,143.0,159.0,22.93,6.98,15.66,8.58,76.29,16.45,89.13,71.81,5.86
D011,Tara Motors 11,North,Aarav Nagar,2025-07-01,112.0,124.0,22.64,6.75,8.93,5.0,74.32,15.44,85.93,68.86,7.53
D011,Tara Motors 11,North,Aarav Nagar,2025-08-01,92.0,95.0,21.07,8.79,9.94,2.1,63.68,19.87,87.89,88.55,5.12
D011,Tara Motors 11,North,Aarav Nagar,2025-09-01,87.0,76.0,22.52,9.3,6.8,0.95,60.33,8.8,88.67,74.6,4.97
D011,Tara Motors 11,North,Aarav Nagar,2025-10-01,103.0,110.0,21.22,5.67,13.05,10.59,71.0,14.6,85.84,68.41,6.0
D011,Tara Motors 11,North,Aarav Nagar,2025-11-01,87.0,80.0,23.09,5.98,11.15,8.1,49.24,19.57,84.99,73.98,7.65
D011,Tara Motors 11,North,Aarav Nagar,2025-12-01,106.0,100.0,18.3,5.87,3.92,12.16,59.07,9.37,80.02,67.97,7.28
D011,Tara Motors 11,North,Aarav Nagar,2026-01-01,117.0,132.0,20.36,7.68,5.09,0.0,60.27,19.98,82.88,75.07,7.99
D011,Tara Motors 11,North,Aarav Nagar,2026-02-01,82.0,81.0,22.01,6.65,9.6,3.74,56.38,18.38,87.31,68.0,8.3
D011,Tara Motors 11,North,Aarav Nagar,2026-03-01,85.0,80.0,22.16,5.78,9.65,9.85,51.96,6.44,92.21,83.77,1.68
D011,Tara Motors 11,North,Aarav Nagar,2026-04-01,68.0,82.0,22.87,6.34,13.79,2.14,80.2,12.04,88.98,69.53,6.99
D011,Tara Motors 11,North,Aarav Nagar,2026-05-01,152.0,172.0,20.06,6.41,12.37,11.41,79.83,15.24,83.21,79.01,5.32
D011,Tara Motors 11,North,Aarav Nagar,2026-06-01,88.0,90.0,23.09,5.15,10.91,11.52,80.83,12.3,88.82,64.41,5.73
D011,Tara Motors 11,North,Aarav Nagar,2026-07-01,100.0,108.0,21.61,6.13,2.38,13.94,61.07,18.43,79.65,70.3,5.86
D011,Tara Motors 11,North,Aarav Nagar,2026-08-01,169.0,164.0,26.82,5.92,12.32,16.69,54.78,7.04,90.52,80.89,3.62
D011,Tara Motors 11,North,Aarav Nagar,2026-09-01,120.0,104.0,23.04,6.69,8.14,16.57,63.41,20.94,90.99,79.97,10.21
D012,Veda Motors 12,South,Neelapur,2024-10-01,144.0,127.0,24.48,6.9,15.23,11.66,55.99,11.15,93.48,81.52,2.39
D012,Veda Motors 12,South,Neelapur,2024-11-01,152.0,118.0,25.74,7.08,11.96,30.26,52.0,10.99,91.89,80.46,1.26
D012,Veda Motors 12,South,Neelapur,2024-12-01,162.0,129.0,22.89,5.14,9.81,33.74,61.65,18.47,93.96,74.46,3.83
D012,Veda Motors 12,South,Neelapur,2025-01-01,82.0,75.0,26.08,7.78,12.63,22.02,46.23,8.72,85.15,79.89,2.73
D012,Veda Motors 12,South,Neelapur,2025-02-01,146.0,135.0,22.34,7.28,5.96,25.19,60.21,11.24,90.96,78.89,4.43
D012,Veda Motors 12,South,Neelapur,2025-03-01,137.0,135.0,22.26,8.26,5.76,21.65,53.95,10.57,89.42,78.08,8.16
D012,Veda Motors 12,South,Neelapur,2025-04-01,145.0,150.0,21.58,7.7,3.05,6.41,45.3,6.67,87.79,81.82,5.36
D012,Veda Motors 12,South,Neelapur,2025-05-01,141.0,152.0,25.15,9.11,3.56,7.35,68.65,3.94,86.6,81.59,7.2
D012,Veda Motors 12,South,Neelapur,2025-06-01,136.0,128.0,25.57,8.06,5.52,9.47,53.82,10.9,94.27,88.03,3.28
D012,Veda Motors 12,South,Neelapur,2025-07-01,172.0,137.0,26.19,8.58,8.75,1.51,70.4,12.43,87.51,86.83,3.38
D012,Veda Motors 12,South,Neelapur,2025-08-01,84.0,77.0,25.18,11.22,10.33,2.99,49.8,7.63,91.77,86.33,3.17
D012,Veda Motors 12,South,Neelapur,2025-09-01,143.0,129.0,21.86,9.05,12.09,17.41,56.71,15.22,89.02,81.21,2.79
D012,Veda Motors 12,South,Neelapur,2025-10-01,124.0,119.0,22.52,8.53,13.65,11.43,60.17,2.04,96.31,84.61,1.69
D012,Veda Motors 12,South,Neelapur,2025-11-01,98.0,94.0,26.4,5.3,8.41,0.0,53.9,10.69,90.36,84.19,5.54
D012,Veda Motors 12,South,Neelapur,2025-12-01,160.0,132.0,27.59,7.85,6.08,0.0,33.61,6.72,96.64,91.43,2.37
D012,Veda Motors 12,South,Neelapur,2026-01-01,190.0,162.0,26.5,8.9,12.6,4.25,37.17,9.59,100.0,83.98,3.42
D012,Veda Motors 12,South,Neelapur,2026-02-01,125.0,121.0,28.51,8.72,6.82,7.46,53.0,8.04,94.03,85.91,2.13
D012,Veda Motors 12,South,Neelapur,2026-03-01,79.0,79.0,28.79,8.85,2.68,3.34,41.35,8.24,97.4,80.95,5.69
D012,Veda Motors 12,South,Neelapur,2026-04-01,121.0,125.0,27.81,7.66,7.64,0.0,57.55,7.71,94.72,81.61,2.44
D012,Veda Motors 12,South,Neelapur,2026-05-01,150.0,138.0,26.33,7.55,11.4,1.26,37.29,10.25,95.91,85.74,2.75
D012,Veda Motors 12,South,Neelapur,2026-06-01,138.0,143.0,26.06,10.34,11.1,13.57,58.74,2.59,95.55,86.79,4.27
D012,Veda Motors 12,South,Neelapur,2026-07-01,155.0,153.0,22.89,9.32,6.88,4.44,54.96,1.74,96.53,92.24,3.09
D012,Veda Motors 12,South,Neelapur,2026-08-01,172.0,162.0,23.92,7.87,6.47,8.21,62.87,16.07,93.81,79.88,7.58
D012,Veda Motors 12,South,Neelapur,2026-09-01,169.0,137.0,26.95,11.09,1.15,10.15,61.79,9.17,93.96,73.65,6.41
D013,Uday Motors 13,East,Suryabad,2024-10-01,71.0,74.0,14.72,2.87,20.64,11.59,74.37,25.57,78.73,66.67,8.13
D013,Uday Motors 13,East,Suryabad,2024-11-01,131.0,117.0,18.36,0.63,21.89,22.95,85.88,27.91,82.8,62.38,9.0
D013,Uday Motors 13,East,Suryabad,2024-12-01,154.0,149.0,16.56,1.6,19.71,24.99,74.54,19.22,80.2,61.3,10.6
D013,Uday Motors 13,East,Suryabad,2025-01-01,170.0,160.0,19.46,3.2,18.84,21.75,84.79,24.65,79.76,74.18,7.33
D013,Uday Motors 13,East,Suryabad,2025-02-01,133.0,133.0,19.15,1.29,15.81,5.83,68.11,15.09,81.87,69.71,9.08
D013,Uday Motors 13,East,Suryabad,2025-03-01,95.0,92.0,18.17,5.34,9.26,2.3,74.9,16.09,84.56,70.07,7.04
D013,Uday Motors 13,East,Suryabad,2025-04-01,120.0,121.0,20.74,4.37,11.65,0.0,69.08,16.74,82.65,61.31,8.32
D013,Uday Motors 13,East,Suryabad,2025-05-01,132.0,157.0,17.47,4.13,7.44,1.17,83.99,18.3,80.5,69.62,8.25
D013,Uday Motors 13,East,Suryabad,2025-06-01,66.0,71.0,17.54,3.59,13.12,19.26,84.31,21.8,81.59,67.07,9.62
D013,Uday Motors 13,East,Suryabad,2025-07-01,103.0,100.0,21.23,5.24,13.1,14.5,76.81,15.46,85.91,82.05,6.78
D013,Uday Motors 13,East,Suryabad,2025-08-01,115.0,130.0,18.63,2.93,8.88,9.25,61.66,22.01,90.03,66.5,5.72
D013,Uday Motors 13,East,Suryabad,2025-09-01,145.0,149.0,19.46,5.36,11.81,14.44,65.91,15.06,83.12,65.47,7.97
D013,Uday Motors 13,East,Suryabad,2025-10-01,124.0,125.0,16.89,5.36,12.01,18.68,81.32,25.76,79.2,60.42,8.1
D013,Uday Motors 13,East,Suryabad,2025-11-01,96.0,100.0,18.25,5.45,10.13,20.58,53.04,19.89,76.95,65.28,9.89
D013,Uday Motors 13,East,Suryabad,2025-12-01,115.0,92.0,21.02,6.17,12.4,16.22,57.22,17.24,81.62,72.76,3.94
D013,Uday Motors 13,East,Suryabad,2026-01-01,66.0,70.0,16.53,4.12,10.84,11.2,80.79,10.51,76.3,65.09,9.22
D013,Uday Motors 13,East,Suryabad,2026-02-01,137.0,153.0,22.34,4.22,10.24,0.0,72.55,24.71,81.57,72.84,9.73
D013,Uday Motors 13,East,Suryabad,2026-03-01,127.0,147.0,21.11,5.06,10.77,2.5,67.36,15.31,87.72,66.84,7.2
D013,Uday Motors 13,East,Suryabad,2026-04-01,70.0,80.0,21.12,4.15,10.09,9.32,74.63,23.86,85.32,62.88,6.69
D013,Uday Motors 13,East,Suryabad,2026-05-01,85.0,85.0,21.78,4.52,10.36,9.85,68.98,7.01,84.91,76.34,4.89
D013,Uday Motors 13,East,Suryabad,2026-06-01,153.0,152.0,16.6,4.37,10.21,5.96,86.25,18.98,84.13,69.05,6.35
D013,Uday Motors 13,East,Suryabad,2026-07-01,135.0,148.0,16.56,5.96,3.16,0.0,77.36,16.47,84.44,67.51,10.65
D013,Uday Motors 13,East,Suryabad,2026-08-01,151.0,176.0,16.99,4.01,3.6,0.0,56.49,15.12,81.43,59.0,7.01
D013,Uday Motors 13,East,Suryabad,2026-09-01,154.0,141.0,23.28,5.48,6.01,0.0,47.78,23.65,81.18,69.14,4.91
D014,Nila Motors 14,West,Kiranpur,2024-10-01,137.0,157.0,14.54,0.88,19.23,14.75,91.85,27.02,71.5,62.18,11.0
D014,Nila Motors 14,West,Kiranpur,2024-11-01,72.0,86.0,16.21,0.14,20.9,18.46,85.78,30.37,79.43,64.61,11.39
D014,Nila Motors 14,West,Kiranpur,2024-12-01,139.0,154.0,15.47,1.93,21.6,19.77,84.47,31.62,71.27,62.24,9.96
D014,Nila Motors 14,West,Kiranpur,2025-01-01,119.0,140.0,15.55,-2.77,19.49,13.53,99.53,28.2,71.68,63.97,13.25
D014,Nila Motors 14,West,Kiranpur,2025-02-01,90.0,116.0,15.12,0.04,16.48,4.08,75.87,28.06,78.01,69.42,8.97
D014,Nila Motors 14,West,Kiranpur,2025-03-01,143.0,158.0,18.46,1.01,18.42,2.32,89.6,21.93,74.33,59.43,8.51
D014,Nila Motors 14,West,Kiranpur,2025-04-01,86.0,121.0,16.5,-0.37,22.25,1.95,89.83,31.83,76.37,59.77,8.17
D014,Nila Motors 14,West,Kiranpur,2025-05-01,126.0,129.0,19.71,-0.28,20.04,0.0,101.29,25.07,80.14,63.24,10.63
D014,Nila Motors 14,West,Kiranpur,2025-06-01,119.0,123.0,19.38,-0.72,22.92,5.22,98.29,30.03,73.66,56.97,8.47
D014,Nila Motors 14,West,Kiranpur,2025-07-01,102.0,127.0,15.56,-1.68,19.12,7.13,105.02,32.89,71.39,58.64,14.78
D014,Nila Motors 14,West,Kiranpur,2025-08-01,70.0,85.0,16.41,-0.58,15.3,5.82,90.4,26.82,74.26,60.24,10.61
D014,Nila Motors 14,West,Kiranpur,2025-09-01,108.0,126.0,18.87,2.1,19.71,15.27,89.82,27.53,77.95,64.75,11.19
D014,Nila Motors 14,West,Kiranpur,2025-10-01,120.0,140.0,15.45,1.34,8.91,18.27,86.11,26.69,73.88,64.63,9.34
D014,Nila Motors 14,West,Kiranpur,2025-11-01,88.0,100.0,14.34,4.17,13.19,12.0,84.31,23.59,77.0,58.35,10.11
D014,Nila Motors 14,West,Kiranpur,2025-12-01,116.0,141.0,12.6,1.4,12.24,16.03,74.23,28.98,74.13,57.39,11.92
D014,Nila Motors 14,West,Kiranpur,2026-01-01,91.0,81.0,16.58,4.37,3.96,4.87,90.69,28.6,77.51,65.0,10.76
D014,Nila Motors 14,West,Kiranpur,2026-02-01,91.0,96.0,17.56,1.72,10.5,11.21,84.53,28.75,71.38,60.42,12.28
D014,Nila Motors 14,West,Kiranpur,2026-03-01,86.0,109.0,14.42,3.05,12.4,10.15,97.12,25.51,72.62,58.29,12.66
D014,Nila Motors 14,West,Kiranpur,2026-04-01,130.0,123.0,17.35,2.53,16.88,12.65,77.02,24.53,82.49,61.16,7.69
D014,Nila Motors 14,West,Kiranpur,2026-05-01,80.0,112.0,14.58,1.03,16.59,6.47,107.61,31.02,76.37,54.44,8.91
D014,Nila Motors 14,West,Kiranpur,2026-06-01,84.0,117.0,15.19,3.0,14.13,6.74,97.64,25.95,77.56,59.68,8.35
D014,Nila Motors 14,West,Kiranpur,2026-07-01,67.0,101.0,14.22,3.39,13.85,6.02,81.32,35.46,74.62,60.94,11.62
D014,Nila Motors 14,West,Kiranpur,2026-08-01,151.0,169.0,17.14,1.7,16.17,12.17,81.55,26.23,70.15,51.69,11.35
D014,Nila Motors 14,West,Kiranpur,2026-09-01,136.0,136.0,18.16,3.36,9.04,15.91,91.93,28.7,72.93,58.61,11.78
D015,Aruna Motors 15,Central,Taravan,2024-10-01,204.0,159.0,22.9,8.06,11.87,5.19,77.78,8.56,87.02,78.88,5.8
D015,Aruna Motors 15,Central,Taravan,2024-11-01,204.0,156.0,27.7,7.27,12.26,0.0,52.72,10.93,94.49,84.04,3.15
D015,Aruna Motors 15,Central,Taravan,2024-12-01,139.0,129.0,24.93,7.61,8.36,2.16,54.49,8.37,94.97,77.98,3.95
D015,Aruna Motors 15,Central,Taravan,2025-01-01,170.0,150.0,20.79,9.95,8.57,0.0,42.9,10.43,93.54,76.69,6.06
D015,Aruna Motors 15,Central,Taravan,2025-02-01,81.0,73.0,22.3,7.07,0.4,2.31,61.93,18.65,88.45,73.41,7.09
D015,Aruna Motors 15,Central,Taravan,2025-03-01,112.0,101.0,18.19,9.45,2.03,0.0,55.86,17.09,86.22,73.58,5.3
D015,Aruna Motors 15,Central,Taravan,2025-04-01,140.0,130.0,24.32,9.62,2.18,0.0,52.38,15.54,89.44,76.57,6.48
D015,Aruna Motors 15,Central,Taravan,2025-05-01,107.0,118.0,23.12,10.79,3.55,3.86,44.04,12.1,87.26,74.97,6.36
D015,Aruna Motors 15,Central,Taravan,2025-06-01,125.0,140.0,29.61,8.19,3.33,0.0,42.24,10.18,86.09,75.19,6.85
D015,Aruna Motors 15,Central,Taravan,2025-07-01,106.0,89.0,21.87,10.2,7.55,0.53,58.48,6.09,90.61,76.64,4.82
D015,Aruna Motors 15,Central,Taravan,2025-08-01,146.0,145.0,22.13,9.5,0.0,0.0,35.78,11.23,89.89,75.47,3.79
D015,Aruna Motors 15,Central,Taravan,2025-09-01,116.0,111.0,25.41,8.96,0.66,0.0,66.18,10.36,90.2,75.85,4.27
D015,Aruna Motors 15,Central,Taravan,2025-10-01,179.0,171.0,22.05,5.54,3.13,5.11,52.79,21.92,86.08,61.42,5.21
D015,Aruna Motors 15,Central,Taravan,2025-11-01,127.0,100.0,24.04,8.89,2.2,0.0,57.43,9.05,87.78,79.08,2.94
D015,Aruna Motors 15,Central,Taravan,2025-12-01,196.0,179.0,23.48,9.49,4.8,3.04,41.23,3.36,89.19,81.84,2.93
D015,Aruna Motors 15,Central,Taravan,2026-01-01,145.0,122.0,21.59,7.11,7.69,5.88,46.37,19.21,86.83,77.9,4.82
D015,Aruna Motors 15,Central,Taravan,2026-02-01,137.0,129.0,26.09,8.93,8.38,6.71,47.22,8.79,85.54,79.44,5.68
D015,Aruna Motors 15,Central,Taravan,2026-03-01,112.0,115.0,18.37,7.64,7.2,4.6,81.88,17.31,84.19,75.98,4.58
D015,Aruna Motors 15,Central,Taravan,2026-04-01,78.0,92.0,22.47,5.96,8.2,0.0,67.45,19.15,86.56,70.97,5.86
D015,Aruna Motors 15,Central,Taravan,2026-05-01,99.0,97.0,20.5,6.24,6.15,0.7,72.2,16.3,85.41,77.2,5.7
D015,Aruna Motors 15,Central,Taravan,2026-06-01,190.0,160.0,23.33,7.87,6.19,0.0,74.13,14.14,89.41,82.18,4.63
D015,Aruna Motors 15,Central,Taravan,2026-07-01,83.0,87.0,22.8,6.77,10.33,11.15,66.29,11.54,92.74,71.24,6.42
D015,Aruna Motors 15,Central,Taravan,2026-08-01,87.0,93.0,23.8,4.09,11.02,13.65,47.67,16.16,86.65,70.1,7.21
D015,Aruna Motors 15,Central,Taravan,2026-09-01,110.0,89.0,23.29,3.64,10.53,11.17,72.4,16.47,85.16,78.06,5.46
D016,Tara Motors 16,North,Aarav Nagar,2024-10-01,143.0,139.0,16.66,5.95,6.65,3.5,70.75,22.63,76.59,65.2,9.1
D016,Tara Motors 16,North,Aarav Nagar,2024-11-01,136.0,138.0,21.61,2.66,10.41,0.0,77.79,17.62,79.69,60.02,10.41
D016,Tara Motors 16,North,Aarav Nagar,2024-12-01,98.0,92.0,20.5,2.29,14.53,6.91,69.02,14.81,86.21,67.23,6.54
D016,Tara Motors 16,North,Aarav Nagar,2025-01-01,159.0,162.0,20.42,4.28,10.26,5.69,80.87,18.18,82.42,66.85,9.04
D016,Tara Motors 16,North,Aarav Nagar,2025-02-01,136.0,147.0,18.95,7.13,8.83,7.76,77.46,22.56,81.94,63.42,4.88
D016,Tara Motors 16,North,Aarav Nagar,2025-03-01,68.0,78.0,18.64,5.77,8.98,0.0,84.59,22.57,83.86,58.33,8.45
D016,Tara Motors 16,North,Aarav Nagar,2025-04-01,108.0,118.0,21.9,3.85,13.7,0.0,88.62,27.04,84.92,69.47,7.71
D016,Tara Motors 16,North,Aarav Nagar,2025-05-01,60.0,88.0,22.36,3.12,10.83,0.0,81.43,27.7,80.69,65.72,7.26
D016,Tara Motors 16,North,Aarav Nagar,2025-06-01,109.0,111.0,19.07,6.79,6.64,0.0,76.85,22.01,85.9,69.66,8.14
D016,Tara Motors 16,North,Aarav Nagar,2025-07-01,112.0,152.0,16.24,4.75,6.3,4.75,68.33,6.05,75.67,62.58,8.46
D016,Tara Motors 16,North,Aarav Nagar,2025-08-01,101.0,105.0,19.42,7.28,2.47,4.56,66.29,13.11,81.55,75.35,7.75
D016,Tara Motors 16,North,Aarav Nagar,2025-09-01,105.0,125.0,18.52,5.2,3.23,5.16,59.43,17.07,81.13,62.47,12.89
D016,Tara Motors 16,North,Aarav Nagar,2025-10-01,164.0,174.0,15.1,5.07,10.7,2.53,68.36,18.59,86.75,70.94,8.95
D016,Tara Motors 16,North,Aarav Nagar,2025-11-01,153.0,165.0,16.45,4.44,5.55,4.74,67.7,15.07,73.69,62.93,8.72
D016,Tara Motors 16,North,Aarav Nagar,2025-12-01,92.0,92.0,21.25,6.59,8.05,11.18,74.19,16.74,85.73,68.14,4.81
D016,Tara Motors 16,North,Aarav Nagar,2026-01-01,148.0,144.0,18.67,4.03,11.67,15.91,76.03,16.95,84.56,63.95,7.51
D016,Tara Motors 16,North,Aarav Nagar,2026-02-01,164.0,167.0,15.76,4.18,11.27,18.5,67.34,18.29,88.07,70.46,5.4
D016,Tara Motors 16,North,Aarav Nagar,2026-03-01,63.0,78.0,23.93,2.39,9.53,11.0,77.93,16.31,84.08,70.91,8.25
D016,Tara Motors 16,North,Aarav Nagar,2026-04-01,67.0,83.0,19.13,5.1,6.9,1.61,73.97,13.53,82.48,66.8,9.69
D016,Tara Motors 16,North,Aarav Nagar,2026-05-01,132.0,167.0,18.73,1.46,12.59,6.98,92.86,36.08,77.86,68.61,11.92
D016,Tara Motors 16,North,Aarav Nagar,2026-06-01,159.0,161.0,19.9,1.6,10.83,4.92,85.83,19.01,83.63,64.39,6.32
D016,Tara Motors 16,North,Aarav Nagar,2026-07-01,80.0,81.0,17.2,4.34,12.0,4.35,68.25,15.5,80.41,74.35,9.6
D016,Tara Motors 16,North,Aarav Nagar,2026-08-01,69.0,74.0,14.85,5.4,8.85,5.45,77.29,19.38,76.29,63.43,10.39
D016,Tara Motors 16,North,Aarav Nagar,2026-09-01,128.0,112.0,19.13,6.06,5.77,2.79,66.46,14.18,82.96,69.52,7.92
D017,Veda Motors 17,South,Neelapur,2024-10-01,105.0,96.0,16.24,3.02,13.26,19.36,78.08,23.65,81.51,55.49,7.86
D017,Veda Motors 17,South,Neelapur,2024-11-01,95.0,135.0,12.45,-0.47,10.29,19.71,100.38,30.12,71.85,51.16,10.1
D017,Veda Motors 17,South,Neelapur,2024-12-01,68.0,72.0,13.56,1.95,12.54,14.18,86.34,35.19,68.04,56.75,13.4
D017,Veda Motors 17,South,Neelapur,2025-01-01,83.0,105.0,11.39,2.66,14.61,26.84,94.54,23.72,72.76,53.07,11.42
D017,Veda Motors 17,South,Neelapur,2025-02-01,85.0,99.0,17.18,3.03,11.12,24.71,84.05,22.49,83.19,63.57,7.41
D017,Veda Motors 17,South,Neelapur,2025-03-01,123.0,147.0,16.28,3.65,16.16,17.94,85.21,27.94,78.56,56.22,8.49
D017,Veda Motors 17,South,Neelapur,2025-04-01,131.0,156.0,16.07,2.76,4.04,0.0,93.0,24.88,74.64,67.07,13.13
D017,Veda Motors 17,South,Neelapur,2025-05-01,99.0,123.0,16.14,5.09,9.89,0.0,75.84,25.69,78.48,56.78,9.54
D017,Veda Motors 17,South,Neelapur,2025-06-01,71.0,89.0,14.37,2.07,14.6,0.0,97.82,24.42,81.39,66.35,11.16
D017,Veda Motors 17,South,Neelapur,2025-07-01,74.0,104.0,14.01,1.81,9.92,0.01,100.6,23.53,75.01,56.31,10.95
D017,Veda Motors 17,South,Neelapur,2025-08-01,61.0,74.0,15.51,2.61,17.95,6.52,84.84,26.55,68.82,63.37,14.29
D017,Veda Motors 17,South,Neelapur,2025-09-01,92.0,109.0,15.39,4.27,11.22,9.76,77.74,20.51,76.77,59.85,8.68
D017,Veda Motors 17,South,Neelapur,2025-10-01,157.0,161.0,10.67,2.58,9.73,5.88,83.85,26.74,78.74,57.35,11.64
D017,Veda Motors 17,South,Neelapur,2025-11-01,87.0,107.0,17.72,4.72,9.5,10.57,73.12,25.27,72.01,61.59,9.38
D017,Veda Motors 17,South,Neelapur,2025-12-01,153.0,159.0,15.77,2.39,9.54,10.83,80.7,21.7,75.77,60.07,8.73
D017,Veda Motors 17,South,Neelapur,2026-01-01,127.0,154.0,15.89,0.94,7.66,3.37,104.08,28.59,70.78,52.35,11.34
D017,Veda Motors 17,South,Neelapur,2026-02-01,117.0,151.0,12.88,1.3,6.12,2.65,91.97,26.71,75.67,49.98,13.38
D017,Veda Motors 17,South,Neelapur,2026-03-01,163.0,172.0,14.8,2.82,13.72,6.57,74.95,20.1,78.28,60.51,10.15
D017,Veda Motors 17,South,Neelapur,2026-04-01,63.0,97.0,12.01,2.05,15.16,0.0,98.47,28.19,74.92,52.68,12.31
D017,Veda Motors 17,South,Neelapur,2026-05-01,68.0,83.0,16.65,2.08,14.2,0.0,81.14,23.12,75.26,62.62,7.26
D017,Veda Motors 17,South,Neelapur,2026-06-01,70.0,88.0,21.66,3.75,14.32,7.61,84.28,23.29,78.65,67.41,8.48
D017,Veda Motors 17,South,Neelapur,2026-07-01,109.0,144.0,16.67,4.51,7.13,7.5,84.66,19.2,79.81,59.39,12.14
D017,Veda Motors 17,South,Neelapur,2026-08-01,91.0,106.0,19.38,1.8,7.76,1.04,83.54,32.46,75.95,56.52,11.84
D017,Veda Motors 17,South,Neelapur,2026-09-01,84.0,102.0,16.7,2.08,12.32,6.06,87.83,29.35,79.08,61.04,12.46
D018,Uday Motors 18,East,Suryabad,2024-10-01,61.0,74.0,16.18,3.84,11.45,17.07,90.61,26.67,67.2,53.63,12.94
D018,Uday Motors 18,East,Suryabad,2024-11-01,103.0,126.0,12.02,1.69,9.48,17.31,93.95,18.21,64.68,53.1,11.97
D018,Uday Motors 18,East,Suryabad,2024-12-01,93.0,142.0,16.39,1.52,12.45,22.76,103.93,31.7,67.24,50.81,13.73
D018,Uday Motors 18,East,Suryabad,2025-01-01,106.0,166.0,15.35,2.44,6.53,12.05,89.99,21.32,64.71,55.17,17.08
D018,Uday Motors 18,East,Suryabad,2025-02-01,96.0,101.0,13.61,4.82,14.28,10.3,78.81,24.06,69.4,55.0,12.27
D018,Uday Motors 18,East,Suryabad,2025-03-01,165.0,179.0,17.11,4.58,5.4,10.79,84.52,23.59,78.11,64.68,12.16
D018,Uday Motors 18,East,Suryabad,2025-04-01,74.0,108.0,14.78,2.46,6.93,9.37,86.31,19.53,71.23,50.09,10.64
D018,Uday Motors 18,East,Suryabad,2025-05-01,57.0,74.0,11.34,2.23,10.07,7.79,95.64,24.89,72.17,55.36,14.4
D018,Uday Motors 18,East,Suryabad,2025-06-01,64.0,84.0,15.03,4.31,5.08,4.13,95.47,22.91,74.51,49.59,11.34
D018,Uday Motors 18,East,Suryabad,2025-07-01,107.0,143.0,16.48,4.1,5.44,0.0,92.54,19.26,77.1,62.72,12.6
D018,Uday Motors 18,East,Suryabad,2025-08-01,49.0,77.0,12.98,2.6,18.72,2.43,110.24,32.81,66.17,55.44,11.09
D018,Uday Motors 18,East,Suryabad,2025-09-01,121.0,141.0,11.92,0.38,11.9,14.11,103.5,27.43,59.82,51.37,13.49
D018,Uday Motors 18,East,Suryabad,2025-10-01,68.0,80.0,10.5,0.49,15.62,11.18,90.26,37.96,67.2,57.3,10.72
D018,Uday Motors 18,East,Suryabad,2025-11-01,61.0,74.0,12.71,1.19,22.71,22.6,97.11,26.59,72.88,65.59,12.33
D018,Uday Motors 18,East,Suryabad,2025-12-01,152.0,171.0,13.47,0.35,18.64,24.22,99.48,34.27,78.67,58.15,11.14
D018,Uday Motors 18,East,Suryabad,2026-01-01,127.0,172.0,15.83,0.49,16.83,24.69,101.93,32.11,76.97,49.54,12.1
D018,Uday Motors 18,East,Suryabad,2026-02-01,117.0,143.0,17.2,3.36,11.53,20.13,100.46,31.04,72.49,56.81,12.85
D018,Uday Motors 18,East,Suryabad,2026-03-01,101.0,119.0,17.1,1.44,19.5,4.33,93.82,28.81,74.19,50.24,11.26
D018,Uday Motors 18,East,Suryabad,2026-04-01,119.0,170.0,10.93,0.82,17.17,0.62,98.2,31.52,70.5,43.22,13.69
D018,Uday Motors 18,East,Suryabad,2026-05-01,99.0,145.0,16.24,0.23,15.34,0.0,121.54,29.02,73.94,51.73,16.21
D018,Uday Motors 18,East,Suryabad,2026-06-01,125.0,163.0,15.81,0.91,14.31,2.54,98.8,33.34,75.14,52.72,11.33
D018,Uday Motors 18,East,Suryabad,2026-07-01,60.0,88.0,12.98,-1.25,17.45,10.56,116.38,25.95,65.68,50.92,13.14
D018,Uday Motors 18,East,Suryabad,2026-08-01,134.0,150.0,13.22,0.37,14.77,11.95,100.58,32.38,74.61,48.64,12.51
D018,Uday Motors 18,East,Suryabad,2026-09-01,93.0,107.0,10.42,-0.67,23.72,19.41,93.43,37.63,69.72,48.63,12.39
D019,Nila Motors 19,West,Kiranpur,2024-10-01,95.0,107.0,18.35,6.46,3.99,19.0,84.93,18.28,78.75,56.87,9.61
D019,Nila Motors 19,West,Kiranpur,2024-11-01,133.0,143.0,15.56,2.28,11.44,26.16,83.06,28.72,72.19,52.5,11.13
D019,Nila Motors 19,West,Kiranpur,2024-12-01,196.0,174.0,16.12,3.67,11.65,22.99,60.68,25.91,80.94,68.39,10.1
D019,Nila Motors 19,West,Kiranpur,2025-01-01,119.0,148.0,17.14,4.89,13.0,6.78,80.21,26.59,74.5,58.33,11.46
D019,Nila Motors 19,West,Kiranpur,2025-02-01,118.0,130.0,17.63,2.52,11.91,9.91,83.16,24.08,79.07,62.77,12.17
D019,Nila Motors 19,West,Kiranpur,2025-03-01,94.0,117.0,18.51,2.78,8.14,12.01,73.82,22.15,81.66,64.3,9.52
D019,Nila Motors 19,West,Kiranpur,2025-04-01,67.0,86.0,15.9,4.86,5.09,8.63,80.28,15.96,78.13,64.71,10.45
D019,Nila Motors 19,West,Kiranpur,2025-05-01,57.0,77.0,15.6,5.17,10.22,5.88,92.89,17.24,77.86,63.35,9.36
D019,Nila Motors 19,West,Kiranpur,2025-06-01,125.0,151.0,17.1,5.27,4.46,0.0,82.2,19.76,78.44,64.83,7.98
D019,Nila Motors 19,West,Kiranpur,2025-07-01,82.0,116.0,15.42,5.72,5.6,0.0,73.52,21.54,78.55,64.82,12.98
D019,Nila Motors 19,West,Kiranpur,2025-08-01,146.0,161.0,15.59,6.0,3.84,1.15,77.95,21.18,74.91,56.43,12.68
D019,Nila Motors 19,West,Kiranpur,2025-09-01,70.0,71.0,20.84,8.03,1.55,0.09,65.1,16.82,84.66,67.14,5.7
D019,Nila Motors 19,West,Kiranpur,2025-10-01,144.0,167.0,15.55,5.59,9.56,0.0,79.76,27.31,74.2,60.48,10.19
D019,Nila Motors 19,West,Kiranpur,2025-11-01,108.0,130.0,15.74,3.28,13.54,3.72,85.89,26.64,75.34,58.23,10.08
D019,Nila Motors 19,West,Kiranpur,2025-12-01,162.0,169.0,17.54,3.57,6.71,7.53,77.75,23.44,77.21,63.53,11.67
D019,Nila Motors 19,West,Kiranpur,2026-01-01,125.0,137.0,14.65,3.25,9.54,7.06,85.47,26.47,81.66,59.35,12.28
D019,Nila Motors 19,West,Kiranpur,2026-02-01,37.0,97.0,15.41,4.73,3.88,1.05,104.41,15.41,74.36,55.45,8.78
D019,Nila Motors 19,West,Kiranpur,2026-03-01,151.0,170.0,16.18,1.2,14.53,1.67,101.43,28.27,70.96,56.08,8.86
D019,Nila Motors 19,West,Kiranpur,2026-04-01,123.0,156.0,15.39,1.21,12.52,0.0,83.35,26.64,71.8,56.45,12.78
D019,Nila Motors 19,West,Kiranpur,2026-05-01,138.0,159.0,16.53,3.22,12.03,2.04,85.79,26.3,74.75,63.06,10.38
D019,Nila Motors 19,West,Kiranpur,2026-06-01,97.0,125.0,16.43,3.59,10.61,0.28,107.59,23.54,72.41,55.83,8.29
D019,Nila Motors 19,West,Kiranpur,2026-07-01,116.0,148.0,22.13,2.54,13.81,18.77,100.77,25.43,86.26,66.53,8.42
D019,Nila Motors 19,West,Kiranpur,2026-08-01,144.0,167.0,15.59,1.93,11.88,22.6,99.37,26.85,74.76,55.65,12.51
D019,Nila Motors 19,West,Kiranpur,2026-09-01,80.0,122.0,11.58,0.96,11.52,22.44,108.7,32.75,68.36,54.17,13.8
D020,Aruna Motors 20,Central,Taravan,2024-10-01,82.0,110.0,18.14,8.11,3.22,12.13,66.29,9.94,80.23,67.21,6.66
D020,Aruna Motors 20,Central,Taravan,2024-11-01,180.0,160.0,23.31,8.05,7.84,10.4,42.82,7.03,83.84,72.92,7.02
D020,Aruna Motors 20,Central,Taravan,2024-12-01,173.0,163.0,19.19,5.99,8.84,12.3,36.71,25.61,85.71,68.53,10.15
D020,Aruna Motors 20,Central,Taravan,2025-01-01,150.0,134.0,19.75,5.76,12.05,7.28,74.01,17.33,85.64,78.97,8.42
D020,Aruna Motors 20,Central,Taravan,2025-02-01,133.0,141.0,17.52,4.52,7.35,0.2,69.69,23.97,85.09,66.62,6.38
D020,Aruna Motors 20,Central,Taravan,2025-03-01,147.0,157.0,24.58,4.73,11.96,3.11,86.8,16.29,84.33,75.83,5.48
D020,Aruna Motors 20,Central,Taravan,2025-04-01,128.0,157.0,16.59,3.6,10.5,0.0,71.65,29.08,81.07,67.84,10.34
D020,Aruna Motors 20,Central,Taravan,2025-05-01,75.0,86.0,22.38,5.71,9.72,0.0,60.86,17.26,84.52,64.74,7.57
D020,Aruna Motors 20,Central,Taravan,2025-06-01,70.0,85.0,22.19,4.2,12.69,0.9,73.33,10.6,88.4,69.83,6.55
D020,Aruna Motors 20,Central,Taravan,2025-07-01,96.0,101.0,19.43,4.7,15.71,2.64,90.56,28.06,81.3,65.3,10.56
D020,Aruna Motors 20,Central,Taravan,2025-08-01,142.0,145.0,23.48,4.46,17.3,12.1,80.3,22.47,89.51,69.1,7.22
D020,Aruna Motors 20,Central,Taravan,2025-09-01,189.0,175.0,20.52,6.83,10.87,16.54,91.51,19.75,81.72,62.89,9.88
D020,Aruna Motors 20,Central,Taravan,2025-10-01,158.0,147.0,19.02,5.24,8.95,15.97,74.94,24.42,83.03,76.23,9.45
D020,Aruna Motors 20,Central,Taravan,2025-11-01,212.0,174.0,22.49,4.89,10.12,21.95,72.89,25.25,83.9,70.99,7.91
D020,Aruna Motors 20,Central,Taravan,2025-12-01,133.0,132.0,20.09,4.09,12.51,27.84,79.97,25.01,82.97,71.17,7.69
D020,Aruna Motors 20,Central,Taravan,2026-01-01,80.0,80.0,22.07,5.0,9.98,23.34,81.0,27.9,80.91,66.51,5.62
D020,Aruna Motors 20,Central,Taravan,2026-02-01,120.0,116.0,18.91,4.19,12.15,17.12,61.32,14.4,79.56,72.63,8.06
D020,Aruna Motors 20,Central,Taravan,2026-03-01,66.0,71.0,15.72,7.4,2.83,10.7,76.63,12.08,87.87,84.64,3.56
D020,Aruna Motors 20,Central,Taravan,2026-04-01,65.0,72.0,19.57,8.15,0.67,3.57,78.42,12.13,80.73,78.45,6.78
D020,Aruna Motors 20,Central,Taravan,2026-05-01,131.0,140.0,23.31,8.67,8.86,0.0,67.32,11.96,87.84,81.07,5.65
D020,Aruna Motors 20,Central,Taravan,2026-06-01,71.0,89.0,22.89,5.92,9.01,3.86,55.2,19.11,81.71,66.74,8.26
D020,Aruna Motors 20,Central,Taravan,2026-07-01,94.0,107.0,19.12,6.29,0.0,3.67,72.48,21.71,82.55,62.82,8.43
D020,Aruna Motors 20,Central,Taravan,2026-08-01,148.0,159.0,18.36,5.2,5.44,7.54,71.67,9.15,85.17,72.79,7.72
D020,Aruna Motors 20,Central,Taravan,2026-09-01,118.0,150.0,21.37,6.39,4.63,5.95,54.94,16.12,82.84,61.85,9.22
D021,Tara Motors 21,North,Aarav Nagar,2024-10-01,149.0,176.0,13.42,1.03,12.19,20.01,95.25,25.01,73.75,63.94,12.24
D021,Tara Motors 21,North,Aarav Nagar,2024-11-01,91.0,110.0,16.96,2.37,13.37,23.26,83.17,22.5,72.44,53.29,14.44
D021,Tara Motors 21,North,Aarav Nagar,2024-12-01,143.0,162.0,19.13,2.53,9.78,21.03,82.05,25.82,81.72,63.39,11.15
D021,Tara Motors 21,North,Aarav Nagar,2025-01-01,123.0,144.0,15.39,5.05,11.08,23.75,77.69,10.74,85.01,60.94,12.43
D021,Tara Motors 21,North,Aarav Nagar,2025-02-01,126.0,175.0,12.92,1.98,11.75,18.41,94.33,32.12,71.32,58.63,9.63
D021,Tara Motors 21,North,Aarav Nagar,2025-03-01,145.0,160.0,18.58,3.24,12.06,12.67,85.46,21.24,74.06,58.99,13.04
D021,Tara Motors 21,North,Aarav Nagar,2025-04-01,142.0,160.0,16.05,3.86,9.26,7.75,86.64,18.94,79.12,69.04,7.8
D021,Tara Motors 21,North,Aarav Nagar,2025-05-01,69.0,82.0,17.51,4.38,8.91,10.33,90.14,18.59,76.53,60.72,13.16
D021,Tara Motors 21,North,Aarav Nagar,2025-06-01,85.0,120.0,18.25,3.81,6.79,4.89,71.19,22.23,80.84,68.32,10.83
D021,Tara Motors 21,North,Aarav Nagar,2025-07-01,70.0,79.0,18.74,4.34,3.75,2.4,86.52,16.02,79.57,63.68,7.77
D021,Tara Motors 21,North,Aarav Nagar,2025-08-01,139.0,164.0,21.47,3.83,11.96,7.03,78.62,19.11,86.32,69.97,9.29
D021,Tara Motors 21,North,Aarav Nagar,2025-09-01,82.0,87.0,9.69,0.74,10.55,10.35,109.42,30.65,68.01,54.09,8.89
D021,Tara Motors 21,North,Aarav Nagar,2025-10-01,113.0,131.0,17.59,0.42,14.95,15.56,87.4,33.55,73.61,58.2,12.47
D021,Tara Motors 21,North,Aarav Nagar,2025-11-01,94.0,107.0,16.93,2.41,11.69,14.09,88.1,32.95,71.19,58.72,11.15
D021,Tara Motors 21,North,Aarav Nagar,2025-12-01,138.0,138.0,15.73,3.0,14.44,20.06,87.21,23.76,79.16,60.93,10.13
D021,Tara Motors 21,North,Aarav Nagar,2026-01-01,115.0,117.0,15.52,2.59,15.19,15.37,85.82,23.99,75.27,63.79,9.76
D021,Tara Motors 21,North,Aarav Nagar,2026-02-01,96.0,91.0,16.58,2.6,12.45,15.02,75.23,20.03,75.12,66.43,10.16
D021,Tara Motors 21,North,Aarav Nagar,2026-03-01,73.0,84.0,14.69,1.33,20.76,10.72,93.85,25.02,77.96,64.79,9.72
D021,Tara Motors 21,North,Aarav Nagar,2026-04-01,60.0,83.0,15.4,1.19,18.05,9.73,89.14,22.83,77.74,58.37,10.5
D021,Tara Motors 21,North,Aarav Nagar,2026-05-01,138.0,166.0,14.57,3.11,24.99,12.04,86.49,22.71,82.11,72.39,10.39
D021,Tara Motors 21,North,Aarav Nagar,2026-06-01,102.0,158.0,14.65,-0.86,20.46,8.81,94.88,30.35,69.03,53.36,14.51
D021,Tara Motors 21,North,Aarav Nagar,2026-07-01,114.0,159.0,14.7,2.32,18.07,11.76,84.63,31.15,75.14,61.65,8.36
D021,Tara Motors 21,North,Aarav Nagar,2026-08-01,154.0,157.0,15.54,2.1,22.12,17.34,86.14,27.1,84.81,73.16,8.98
D021,Tara Motors 21,North,Aarav Nagar,2026-09-01,84.0,114.0,15.82,1.65,14.54,17.34,90.01,36.82,75.32,58.87,12.15
D022,Veda Motors 22,South,Neelapur,2024-10-01,80.0,95.0,10.27,0.98,17.64,11.98,96.18,28.62,71.46,49.85,11.62
D022,Veda Motors 22,South,Neelapur,2024-11-01,128.0,134.0,14.99,0.78,15.37,19.13,107.8,27.06,77.88,56.79,12.84
D022,Veda Motors 22,South,Neelapur,2024-12-01,82.0,81.0,13.83,-0.43,18.03,18.97,92.73,38.03,69.06,52.36,14.51
D022,Veda Motors 22,South,Neelapur,2025-01-01,92.0,107.0,12.87,-1.54,17.61,14.75,106.2,34.42,71.62,54.23,10.86
D022,Veda Motors 22,South,Neelapur,2025-02-01,92.0,102.0,11.33,-1.04,20.96,23.1,102.14,25.64,73.21,56.07,14.97
D022,Veda Motors 22,South,Neelapur,2025-03-01,106.0,164.0,14.43,-0.55,18.57,12.41,106.6,28.51,69.04,56.4,12.45
D022,Veda Motors 22,South,Neelapur,2025-04-01,73.0,95.0,13.14,-1.68,17.75,9.12,93.93,28.54,73.67,52.49,15.93
D022,Veda Motors 22,South,Neelapur,2025-05-01,69.0,138.0,13.61,-0.52,22.8,13.44,114.59,27.58,73.7,52.49,11.58
D022,Veda Motors 22,South,Neelapur,2025-06-01,127.0,179.0,15.41,1.01,20.03,11.65,115.93,33.64,71.22,59.41,12.5
D022,Veda Motors 22,South,Neelapur,2025-07-01,72.0,99.0,12.47,0.24,23.09,25.23,114.28,31.8,71.3,53.86,11.81
D022,Veda Motors 22,South,Neelapur,2025-08-01,107.0,127.0,15.45,-1.4,22.81,32.56,106.93,27.89,72.56,54.83,16.6
D022,Veda Motors 22,South,Neelapur,2025-09-01,123.0,134.0,13.34,-2.29,18.35,36.25,96.49,22.08,72.26,57.4,11.03
D022,Veda Motors 22,South,Neelapur,2025-10-01,104.0,139.0,12.28,-1.33,17.53,34.74,96.72,38.02,67.29,47.4,13.45
D022,Veda Motors 22,South,Neelapur,2025-11-01,129.0,143.0,14.4,2.79,19.46,31.23,106.29,41.53,72.79,54.86,14.18
D022,Veda Motors 22,South,Neelapur,2025-12-01,134.0,179.0,11.19,0.45,15.75,26.15,83.18,26.05,65.37,48.56,14.03
D022,Veda Motors 22,South,Neelapur,2026-01-01,152.0,168.0,14.85,-0.03,21.45,17.98,105.89,32.92,74.58,45.14,12.18
D022,Veda Motors 22,South,Neelapur,2026-02-01,107.0,122.0,10.57,-2.35,19.41,34.47,106.01,27.21,71.4,55.6,14.73
D022,Veda Motors 22,South,Neelapur,2026-03-01,149.0,177.0,7.07,-2.06,19.63,21.83,97.39,32.39,68.75,49.86,13.38
D022,Veda Motors 22,South,Neelapur,2026-04-01,73.0,97.0,10.72,0.29,17.25,15.02,113.03,33.23,75.31,51.76,11.64
D022,Veda Motors 22,South,Neelapur,2026-05-01,73.0,100.0,9.32,-1.18,17.05,1.11,115.92,26.72,62.28,51.92,11.18
D022,Veda Motors 22,South,Neelapur,2026-06-01,51.0,73.0,14.41,-0.11,15.63,10.89,110.84,33.92,74.25,55.59,15.12
D022,Veda Motors 22,South,Neelapur,2026-07-01,106.0,155.0,10.47,1.12,19.25,7.57,104.88,34.76,69.35,54.82,11.45
D022,Veda Motors 22,South,Neelapur,2026-08-01,44.0,76.0,10.97,0.07,16.73,18.7,115.45,33.6,70.1,53.26,14.65
D022,Veda Motors 22,South,Neelapur,2026-09-01,113.0,130.0,13.3,-0.78,16.07,17.25,105.07,31.06,67.13,49.38,13.95
D023,Uday Motors 23,East,Suryabad,2024-10-01,154.0,153.0,18.82,2.46,15.51,22.18,78.03,20.98,75.89,63.14,8.65
D023,Uday Motors 23,East,Suryabad,2024-11-01,126.0,127.0,16.49,1.89,10.63,19.63,83.18,29.41,76.51,62.26,11.41
D023,Uday Motors 23,East,Suryabad,2024-12-01,114.0,134.0,13.37,0.11,16.46,27.1,98.85,29.1,70.18,56.49,12.52
D023,Uday Motors 23,East,Suryabad,2025-01-01,109.0,138.0,15.4,1.54,15.83,21.83,102.47,28.83,69.94,53.59,10.51
D023,Uday Motors 23,East,Suryabad,2025-02-01,91.0,89.0,20.58,3.35,12.16,12.17,73.91,25.5,75.3,57.64,9.74
D023,Uday Motors 23,East,Suryabad,2025-03-01,78.0,106.0,20.13,2.24,15.47,32.21,83.59,23.27,74.83,60.0,11.58
D023,Uday Motors 23,East,Suryabad,2025-04-01,100.0,123.0,17.39,2.72,11.5,32.71,86.47,12.99,81.11,73.57,10.06
D023,Uday Motors 23,East,Suryabad,2025-05-01,63.0,113.0,18.72,3.38,15.84,21.84,77.38,27.03,75.7,59.67,8.45
D023,Uday Motors 23,East,Suryabad,2025-06-01,130.0,161.0,16.12,2.35,16.24,22.43,79.62,27.78,80.55,66.0,8.84
D023,Uday Motors 23,East,Suryabad,2025-07-01,144.0,158.0,17.93,2.97,13.58,27.69,82.83,23.67,77.78,60.05,11.83
D023,Uday Motors 23,East,Suryabad,2025-08-01,148.0,145.0,18.73,3.11,18.84,22.27,77.53,27.84,77.18,69.72,11.43
D023,Uday Motors 23,East,Suryabad,2025-09-01,138.0,140.0,15.81,3.03,8.95,27.56,94.09,28.0,77.45,58.3,12.18
D023,Uday Motors 23,East,Suryabad,2025-10-01,75.0,96.0,15.56,4.34,9.58,19.8,82.67,20.23,76.75,69.37,9.75
D023,Uday Motors 23,East,Suryabad,2025-11-01,151.0,170.0,19.94,4.8,9.88,13.32,73.94,18.48,81.72,60.99,10.68
D023,Uday Motors 23,East,Suryabad,2025-12-01,150.0,178.0,17.26,4.05,7.84,2.37,75.69,23.06,74.64,61.09,8.79
D023,Uday Motors 23,East,Suryabad,2026-01-01,151.0,139.0,16.59,2.25,10.21,7.98,57.51,17.34,84.0,73.82,5.8
D023,Uday Motors 23,East,Suryabad,2026-02-01,135.0,129.0,17.65,5.49,9.18,0.09,83.42,21.85,77.5,66.6,9.05
D023,Uday Motors 23,East,Suryabad,2026-03-01,68.0,78.0,17.41,3.75,2.76,0.0,87.88,25.45,67.74,61.11,15.98
D023,Uday Motors 23,East,Suryabad,2026-04-01,135.0,158.0,17.39,5.67,5.67,0.0,81.76,14.02,81.94,63.9,11.15
D023,Uday Motors 23,East,Suryabad,2026-05-01,122.0,151.0,15.28,4.13,8.01,5.77,86.32,14.57,76.27,65.38,9.54
D023,Uday Motors 23,East,Suryabad,2026-06-01,68.0,85.0,18.98,3.19,7.93,2.67,74.93,25.75,76.63,58.72,10.27
D023,Uday Motors 23,East,Suryabad,2026-07-01,57.0,76.0,18.36,3.36,9.35,8.2,81.07,26.33,71.36,59.23,11.21
D023,Uday Motors 23,East,Suryabad,2026-08-01,202.0,177.0,17.26,4.68,8.63,3.2,67.33,15.91,79.43,75.7,5.4
D023,Uday Motors 23,East,Suryabad,2026-09-01,88.0,106.0,14.33,3.07,9.54,6.69,83.38,17.77,79.41,62.66,10.39
D024,Nila Motors 24,West,Kiranpur,2024-10-01,100.0,118.0,18.28,3.05,16.62,13.98,85.66,30.2,83.58,73.09,9.5
D024,Nila Motors 24,West,Kiranpur,2024-11-01,168.0,145.0,22.11,3.14,17.29,20.09,72.03,16.25,86.42,65.19,8.64
D024,Nila Motors 24,West,Kiranpur,2024-12-01,107.0,97.0,17.37,4.67,21.18,15.02,77.75,28.34,78.62,67.43,10.19
D024,Nila Motors 24,West,Kiranpur,2025-01-01,163.0,154.0,14.42,2.92,16.45,13.41,81.92,21.02,74.71,65.06,8.03
D024,Nila Motors 24,West,Kiranpur,2025-02-01,139.0,142.0,20.63,3.67,17.6,11.04,82.65,18.3,81.41,71.89,7.75
D024,Nila Motors 24,West,Kiranpur,2025-03-01,77.0,91.0,16.62,3.91,8.51,8.43,71.85,21.29,78.47,58.9,8.38
D024,Nila Motors 24,West,Kiranpur,2025-04-01,143.0,146.0,20.58,3.37,12.45,2.22,81.53,24.84,79.87,71.09,8.27
D024,Nila Motors 24,West,Kiranpur,2025-05-01,111.0,130.0,23.23,4.42,18.92,7.77,74.82,15.62,85.06,69.07,7.11
D024,Nila Motors 24,West,Kiranpur,2025-06-01,161.0,171.0,14.72,4.82,14.19,5.26,86.43,24.79,82.79,67.81,10.13
D024,Nila Motors 24,West,Kiranpur,2025-07-01,105.0,100.0,22.68,0.93,25.59,7.23,74.84,27.11,84.07,75.14,6.23
D024,Nila Motors 24,West,Kiranpur,2025-08-01,148.0,143.0,16.69,3.32,17.2,12.21,76.69,23.84,83.16,71.42,8.93
D024,Nila Motors 24,West,Kiranpur,2025-09-01,128.0,160.0,17.69,2.85,19.73,11.17,84.95,29.41,79.54,61.81,9.08
D024,Nila Motors 24,West,Kiranpur,2025-10-01,93.0,110.0,20.95,1.73,18.26,23.59,92.09,17.86,80.94,66.61,9.01
D024,Nila Motors 24,West,Kiranpur,2025-11-01,198.0,170.0,21.5,4.48,14.7,29.64,70.35,19.83,87.49,69.21,8.02
D024,Nila Motors 24,West,Kiranpur,2025-12-01,164.0,157.0,19.48,4.37,8.78,26.7,71.87,18.08,80.68,74.32,6.52
D024,Nila Motors 24,West,Kiranpur,2026-01-01,86.0,85.0,19.8,4.85,12.15,23.52,68.46,16.29,82.93,80.91,6.11
D024,Nila Motors 24,West,Kiranpur,2026-02-01,67.0,72.0,17.57,3.11,16.97,14.02,78.57,29.56,82.97,71.42,9.02
D024,Nila Motors 24,West,Kiranpur,2026-03-01,111.0,120.0,23.15,3.1,18.29,8.38,85.93,23.48,77.81,67.52,8.58
D024,Nila Motors 24,West,Kiranpur,2026-04-01,82.0,96.0,19.92,1.06,22.56,0.92,80.71,22.31,80.61,66.02,10.54
D024,Nila Motors 24,West,Kiranpur,2026-05-01,73.0,75.0,22.22,3.4,17.63,3.28,71.79,19.88,86.79,76.01,5.45
D024,Nila Motors 24,West,Kiranpur,2026-06-01,94.0,118.0,23.17,3.25,11.69,0.0,86.05,16.41,83.91,67.44,8.32
D024,Nila Motors 24,West,Kiranpur,2026-07-01,160.0,170.0,20.28,3.27,18.25,9.29,80.62,15.97,84.93,70.71,5.24
D024,Nila Motors 24,West,Kiranpur,2026-08-01,79.0,95.0,19.66,4.15,10.27,9.11,79.16,18.99,84.86,69.09,6.43
D024,Nila Motors 24,West,Kiranpur,2026-09-01,137.0,151.0,22.15,4.84,13.28,13.42,60.45,15.2,84.11,74.31,10.18
D025,Aruna Motors 25,Central,Taravan,2024-10-01,158.0,146.0,27.33,6.44,10.81,10.35,54.7,7.15,91.16,81.48,1.74
D025,Aruna Motors 25,Central,Taravan,2024-11-01,162.0,124.0,23.3,8.65,5.95,12.47,52.37,15.96,94.44,77.95,5.24
D025,Aruna Motors 25,Central,Taravan,2024-12-01,155.0,129.0,26.59,8.8,3.02,11.38,52.33,5.28,90.59,89.91,3.5
D025,Aruna Motors 25,Central,Taravan,2025-01-01,103.0,96.0,26.36,6.87,4.65,10.04,61.73,11.0,94.06,75.21,6.64
D025,Aruna Motors 25,Central,Taravan,2025-02-01,131.0,119.0,27.87,8.85,6.03,7.37,46.72,6.7,96.27,83.09,1.66
D025,Aruna Motors 25,Central,Taravan,2025-03-01,135.0,127.0,21.09,7.43,5.62,0.42,50.24,16.41,91.06,80.28,3.7
D025,Aruna Motors 25,Central,Taravan,2025-04-01,111.0,110.0,19.74,7.94,8.42,4.3,62.98,13.71,95.43,82.59,3.64
D025,Aruna Motors 25,Central,Taravan,2025-05-01,130.0,118.0,22.72,9.62,6.05,0.0,70.45,18.48,85.62,74.77,3.81
D025,Aruna Motors 25,Central,Taravan,2025-06-01,147.0,148.0,19.47,8.39,6.74,1.89,67.12,15.21,92.32,75.69,2.38
D025,Aruna Motors 25,Central,Taravan,2025-07-01,118.0,112.0,24.24,6.47,9.76,1.78,51.69,8.6,90.06,85.07,4.19
D025,Aruna Motors 25,Central,Taravan,2025-08-01,158.0,139.0,26.36,8.85,2.39,7.05,46.07,8.73,89.32,75.93,1.42
D025,Aruna Motors 25,Central,Taravan,2025-09-01,93.0,94.0,23.18,7.18,9.39,3.91,55.65,14.86,88.52,70.14,5.54
D025,Aruna Motors 25,Central,Taravan,2025-10-01,146.0,148.0,23.2,8.28,8.75,2.9,48.59,11.89,88.74,82.28,3.34
D025,Aruna Motors 25,Central,Taravan,2025-11-01,71.0,71.0,22.46,3.3,11.96,7.43,63.68,10.26,87.59,80.8,2.61
D025,Aruna Motors 25,Central,Taravan,2025-12-01,119.0,117.0,23.48,6.07,11.82,10.4,60.44,14.97,83.63,77.79,5.16
D025,Aruna Motors 25,Central,Taravan,2026-01-01,209.0,168.0,27.54,7.18,8.44,2.35,39.06,16.87,91.22,76.45,6.24
D025,Aruna Motors 25,Central,Taravan,2026-02-01,121.0,111.0,25.87,6.8,13.58,1.26,69.92,13.12,82.12,72.83,6.33
D025,Aruna Motors 25,Central,Taravan,2026-03-01,179.0,162.0,21.59,5.92,8.69,8.4,68.41,13.28,90.54,71.91,6.07
D025,Aruna Motors 25,Central,Taravan,2026-04-01,101.0,92.0,25.88,8.5,5.57,1.17,52.2,14.23,94.33,77.24,4.12
D025,Aruna Motors 25,Central,Taravan,2026-05-01,147.0,153.0,21.84,3.9,5.37,0.0,72.52,16.13,88.21,71.7,6.48
D025,Aruna Motors 25,Central,Taravan,2026-06-01,95.0,112.0,26.06,7.32,6.89,5.83,60.07,4.94,90.75,67.1,4.83
D025,Aruna Motors 25,Central,Taravan,2026-07-01,166.0,179.0,23.2,7.44,4.18,6.19,64.59,4.94,92.07,80.41,5.8
D025,Aruna Motors 25,Central,Taravan,2026-08-01,86.0,91.0,19.42,8.08,9.07,6.61,59.6,8.51,95.44,77.69,5.07
D025,Aruna Motors 25,Central,Taravan,2026-09-01,88.0,89.0,22.7,8.72,11.68,12.08,55.94,23.06,93.78,76.59,3.41
D026,Tara Motors 26,North,Aarav Nagar,2024-10-01,81.0,77.0,21.12,7.6,4.5,16.91,69.99,16.09,83.67,71.02,8.45
D026,Tara Motors 26,North,Aarav Nagar,2024-11-01,169.0,160.0,20.93,5.42,4.99,19.03,62.62,14.84,78.21,66.55,8.23
D026,Tara Motors 26,North,Aarav Nagar,2024-12-01,121.0,119.0,23.06,6.44,7.92,13.1,59.56,14.43,90.36,73.71,7.95
D026,Tara Motors 26,North,Aarav Nagar,2025-01-01,149.0,132.0,20.79,6.58,6.78,2.35,55.23,23.68,82.64,77.36,6.83
D026,Tara Motors 26,North,Aarav Nagar,2025-02-01,85.0,98.0,19.04,6.06,10.45,3.65,61.47,21.78,82.06,66.36,9.16
D026,Tara Motors 26,North,Aarav Nagar,2025-03-01,98.0,111.0,20.02,5.6,11.1,0.54,68.64,10.6,80.68,74.63,9.03
D026,Tara Motors 26,North,Aarav Nagar,2025-04-01,148.0,176.0,20.72,4.12,10.46,0.0,80.04,11.71,81.93,67.83,9.41
D026,Tara Motors 26,North,Aarav Nagar,2025-05-01,64.0,73.0,17.78,6.05,11.98,0.0,81.72,22.23,77.43,67.52,7.49
D026,Tara Motors 26,North,Aarav Nagar,2025-06-01,101.0,106.0,18.99,2.59,1.94,0.0,68.33,19.73,80.87,69.8,7.63
D026,Tara Motors 26,North,Aarav Nagar,2025-07-01,123.0,136.0,17.3,5.48,8.35,0.0,72.42,17.8,83.57,65.85,7.7
D026,Tara Motors 26,North,Aarav Nagar,2025-08-01,82.0,75.0,20.48,4.43,10.02,7.01,69.26,15.47,84.27,69.73,6.23
D026,Tara Motors 26,North,Aarav Nagar,2025-09-01,144.0,151.0,18.11,4.77,14.41,11.17,71.38,15.07,85.22,69.62,5.36
D026,Tara Motors 26,North,Aarav Nagar,2025-10-01,181.0,157.0,20.45,5.0,12.22,14.0,65.51,8.58,84.1,72.52,6.24
D026,Tara Motors 26,North,Aarav Nagar,2025-11-01,103.0,102.0,21.71,7.01,15.06,11.8,53.74,11.8,84.1,80.55,7.5
D026,Tara Motors 26,North,Aarav Nagar,2025-12-01,87.0,86.0,16.13,5.59,12.78,7.61,64.31,22.81,84.82,65.17,7.28
D026,Tara Motors 26,North,Aarav Nagar,2026-01-01,90.0,85.0,18.28,7.49,5.14,11.62,70.05,18.37,81.02,71.71,4.67
D026,Tara Motors 26,North,Aarav Nagar,2026-02-01,82.0,85.0,18.42,7.0,0.22,11.32,66.47,4.74,84.21,72.46,6.74
D026,Tara Motors 26,North,Aarav Nagar,2026-03-01,73.0,93.0,21.4,6.78,1.95,10.81,71.26,19.1,84.35,73.7,4.91
D026,Tara Motors 26,North,Aarav Nagar,2026-04-01,148.0,168.0,22.87,7.23,1.08,4.52,91.07,10.03,83.57,71.99,7.76
D026,Tara Motors 26,North,Aarav Nagar,2026-05-01,119.0,148.0,24.45,6.7,6.68,6.1,70.76,14.01,81.3,63.05,7.56
D026,Tara Motors 26,North,Aarav Nagar,2026-06-01,126.0,163.0,22.73,4.91,9.52,4.86,83.92,16.8,77.98,63.11,9.31
D026,Tara Motors 26,North,Aarav Nagar,2026-07-01,124.0,143.0,19.61,3.95,6.15,12.46,84.89,17.15,71.71,68.5,7.34
D026,Tara Motors 26,North,Aarav Nagar,2026-08-01,130.0,134.0,24.23,3.87,11.6,11.2,76.45,16.92,87.77,69.57,10.24
D026,Tara Motors 26,North,Aarav Nagar,2026-09-01,114.0,96.0,20.96,4.6,15.16,19.24,63.09,13.48,88.52,66.92,5.16
D027,Veda Motors 27,South,Neelapur,2024-10-01,179.0,167.0,21.96,8.51,0.56,4.98,63.55,13.8,81.94,67.76,7.95
D027,Veda Motors 27,South,Neelapur,2024-11-01,112.0,120.0,19.37,5.89,4.11,14.25,61.43,12.03,85.18,68.88,9.44
D027,Veda Motors 27,South,Neelapur,2024-12-01,169.0,163.0,17.58,6.61,2.87,11.38,75.91,15.76,82.03,65.55,11.37
D027,Veda Motors 27,South,Neelapur,2025-01-01,66.0,83.0,14.31,6.74,3.72,11.49,70.78,17.55,75.27,68.91,8.97
D027,Veda Motors 27,South,Neelapur,2025-02-01,135.0,166.0,18.54,6.11,5.05,4.89,74.43,23.89,78.36,56.14,8.55
D027,Veda Motors 27,South,Neelapur,2025-03-01,133.0,178.0,11.79,2.47,7.51,1.83,84.99,24.94,75.33,67.08,11.45
D027,Veda Motors 27,South,Neelapur,2025-04-01,76.0,96.0,20.24,5.24,1.68,3.41,88.43,14.58,77.87,72.98,6.66
D027,Veda Motors 27,South,Neelapur,2025-05-01,101.0,113.0,21.36,7.13,6.26,0.0,76.24,19.23,83.32,68.74,5.61
D027,Veda Motors 27,South,Neelapur,2025-06-01,110.0,144.0,22.79,5.84,8.16,0.0,72.08,10.87,81.06,69.12,9.3
D027,Veda Motors 27,South,Neelapur,2025-07-01,114.0,107.0,16.21,8.03,1.03,2.77,73.2,19.81,77.01,71.66,9.21
D027,Veda Motors 27,South,Neelapur,2025-08-01,156.0,168.0,22.77,6.16,6.66,0.0,73.9,12.05,81.77,67.38,7.14
D027,Veda Motors 27,South,Neelapur,2025-09-01,87.0,92.0,18.99,5.92,6.03,4.92,64.07,27.8,76.64,64.69,7.77
D027,Veda Motors 27,South,Neelapur,2025-10-01,174.0,162.0,23.96,9.11,2.26,6.29,59.74,5.44,85.41,69.1,6.53
D027,Veda Motors 27,South,Neelapur,2025-11-01,157.0,169.0,13.89,4.25,9.33,6.5,80.99,25.83,80.4,57.56,12.86
D027,Veda Motors 27,South,Neelapur,2025-12-01,173.0,174.0,18.54,5.26,9.0,17.42,79.23,24.22,77.19,63.51,10.69
D027,Veda Motors 27,South,Neelapur,2026-01-01,91.0,104.0,20.39,8.18,4.21,15.3,68.28,19.28,75.89,66.45,8.58
D027,Veda Motors 27,South,Neelapur,2026-02-01,96.0,109.0,16.44,4.86,6.96,0.62,79.9,23.72,70.77,61.93,14.13
D027,Veda Motors 27,South,Neelapur,2026-03-01,89.0,88.0,21.66,7.32,3.26,0.0,70.72,10.64,85.35,75.73,9.93
D027,Veda Motors 27,South,Neelapur,2026-04-01,84.0,105.0,19.53,8.66,5.25,0.0,91.43,12.41,78.78,73.02,6.38
D027,Veda Motors 27,South,Neelapur,2026-05-01,155.0,177.0,19.32,5.97,8.15,6.42,114.26,20.43,79.77,60.11,8.14
D027,Veda Motors 27,South,Neelapur,2026-06-01,77.0,81.0,18.06,5.13,8.6,3.72,79.53,10.83,81.57,69.35,5.47
D027,Veda Motors 27,South,Neelapur,2026-07-01,79.0,107.0,15.87,6.39,4.16,7.02,85.14,14.98,73.83,66.36,10.11
D027,Veda Motors 27,South,Neelapur,2026-08-01,103.0,123.0,22.45,8.03,7.84,9.29,64.19,12.64,81.66,63.61,6.51
D027,Veda Motors 27,South,Neelapur,2026-09-01,165.0,165.0,20.47,7.39,8.94,15.28,78.36,19.38,84.53,62.78,8.05
D028,Uday Motors 28,East,Suryabad,2024-10-01,171.0,150.0,22.42,5.99,5.84,1.12,46.04,14.18,84.94,70.5,9.02
D028,Uday Motors 28,East,Suryabad,2024-11-01,174.0,158.0,19.19,4.23,4.28,10.57,65.78,15.75,78.86,65.91,8.31
D028,Uday Motors 28,East,Suryabad,2024-12-01,120.0,116.0,25.19,7.27,1.27,22.11,68.8,16.35,84.78,67.48,9.43
D028,Uday Motors 28,East,Suryabad,2025-01-01,117.0,115.0,22.78,6.1,6.33,25.52,82.49,15.62,81.73,62.31,6.83
D028,Uday Motors 28,East,Suryabad,2025-02-01,117.0,127.0,23.47,5.5,5.47,25.44,71.19,12.76,87.87,70.99,7.01
D028,Uday Motors 28,East,Suryabad,2025-03-01,158.0,161.0,19.46,5.71,9.43,17.13,72.49,9.37,83.57,69.05,9.35
D028,Uday Motors 28,East,Suryabad,2025-04-01,118.0,132.0,22.3,7.65,6.0,11.13,69.76,13.77,85.73,72.46,5.73
D028,Uday Motors 28,East,Suryabad,2025-05-01,142.0,176.0,19.17,6.84,11.84,3.24,73.48,13.7,85.19,67.0,9.02
D028,Uday Motors 28,East,Suryabad,2025-06-01,126.0,125.0,20.7,6.92,8.14,1.15,64.88,15.68,85.23,65.19,7.48
D028,Uday Motors 28,East,Suryabad,2025-07-01,75.0,78.0,23.46,5.23,6.05,4.12,75.87,17.62,85.2,81.69,8.26
D028,Uday Motors 28,East,Suryabad,2025-08-01,82.0,81.0,23.22,7.62,5.95,10.29,59.28,12.46,88.96,77.71,4.63
D028,Uday Motors 28,East,Suryabad,2025-09-01,76.0,72.0,25.03,6.93,6.15,7.83,65.42,9.88,85.64,72.13,5.74
D028,Uday Motors 28,East,Suryabad,2025-10-01,109.0,107.0,17.44,6.3,4.05,3.36,71.48,15.05,82.85,64.27,7.92
D028,Uday Motors 28,East,Suryabad,2025-11-01,108.0,100.0,23.08,4.62,12.79,9.78,62.52,16.44,85.84,66.29,7.36
D028,Uday Motors 28,East,Suryabad,2025-12-01,105.0,116.0,21.79,4.54,14.96,12.5,84.86,23.82,86.34,68.72,9.62
D028,Uday Motors 28,East,Suryabad,2026-01-01,86.0,74.0,20.65,5.7,3.76,5.09,49.76,18.76,78.88,71.67,6.12
D028,Uday Motors 28,East,Suryabad,2026-02-01,85.0,108.0,17.36,3.37,0.25,0.0,88.31,26.53,80.62,63.08,8.3
D028,Uday Motors 28,East,Suryabad,2026-03-01,136.0,144.0,20.91,6.74,6.91,6.55,57.59,15.19,84.72,74.06,8.47
D028,Uday Motors 28,East,Suryabad,2026-04-01,88.0,103.0,24.46,3.98,7.93,9.31,85.48,13.39,82.87,71.62,7.74
D028,Uday Motors 28,East,Suryabad,2026-05-01,115.0,128.0,21.52,6.43,5.39,6.11,71.12,11.99,85.86,77.7,3.98
D028,Uday Motors 28,East,Suryabad,2026-06-01,69.0,73.0,23.17,6.75,10.1,3.98,70.18,7.88,88.9,72.88,7.69
D028,Uday Motors 28,East,Suryabad,2026-07-01,149.0,151.0,21.19,7.95,5.96,3.72,74.82,15.67,86.54,71.48,6.93
D028,Uday Motors 28,East,Suryabad,2026-08-01,109.0,111.0,25.94,8.46,6.79,9.07,63.64,10.23,86.42,75.78,7.35
D028,Uday Motors 28,East,Suryabad,2026-09-01,71.0,70.0,19.9,8.99,9.13,28.26,66.13,15.78,88.12,78.74,7.62
D029,Nila Motors 29,West,Kiranpur,2024-10-01,95.0,105.0,17.07,4.17,2.69,11.81,82.76,20.25,74.76,53.55,10.8
D029,Nila Motors 29,West,Kiranpur,2024-11-01,78.0,99.0,17.3,5.22,9.37,23.51,74.91,22.33,81.92,63.57,7.48
D029,Nila Motors 29,West,Kiranpur,2024-12-01,139.0,150.0,16.76,3.0,16.13,24.57,84.96,29.6,75.77,59.75,9.45
D029,Nila Motors 29,West,Kiranpur,2025-01-01,72.0,84.0,15.15,0.94,13.01,21.75,103.07,36.95,75.49,58.07,12.56
D029,Nila Motors 29,West,Kiranpur,2025-02-01,119.0,137.0,15.99,1.47,12.2,21.19,84.28,19.58,75.03,59.89,9.52
D029,Nila Motors 29,West,Kiranpur,2025-03-01,127.0,149.0,17.76,4.95,7.21,15.64,75.46,21.05,76.62,69.61,9.23
D029,Nila Motors 29,West,Kiranpur,2025-04-01,62.0,78.0,17.67,2.46,14.71,13.95,94.29,23.42,76.45,68.46,12.53
D029,Nila Motors 29,West,Kiranpur,2025-05-01,75.0,100.0,18.6,3.35,13.26,12.59,89.87,34.52,76.66,68.76,10.66
D029,Nila Motors 29,West,Kiranpur,2025-06-01,124.0,170.0,15.92,3.05,14.29,11.19,88.56,29.48,79.54,59.48,10.73
D029,Nila Motors 29,West,Kiranpur,2025-07-01,105.0,135.0,12.68,1.17,9.94,6.08,99.49,19.56,69.53,49.29,12.52
D029,Nila Motors 29,West,Kiranpur,2025-08-01,52.0,85.0,14.39,0.4,10.08,6.65,95.56,33.76,72.86,52.03,13.55
D029,Nila Motors 29,West,Kiranpur,2025-09-01,80.0,95.0,12.78,1.33,12.22,9.29,95.33,31.37,70.4,52.38,13.55
D029,Nila Motors 29,West,Kiranpur,2025-10-01,149.0,179.0,21.03,2.15,10.66,13.13,70.98,31.52,76.18,61.09,9.26
D029,Nila Motors 29,West,Kiranpur,2025-11-01,98.0,160.0,16.53,3.22,14.49,11.82,91.39,23.26,78.3,56.41,11.71
D029,Nila Motors 29,West,Kiranpur,2025-12-01,94.0,108.0,18.49,2.69,12.81,16.57,77.89,25.3,74.82,61.37,11.62
D029,Nila Motors 29,West,Kiranpur,2026-01-01,65.0,78.0,11.59,3.02,11.05,10.28,86.71,28.18,72.38,57.13,11.26
D029,Nila Motors 29,West,Kiranpur,2026-02-01,114.0,131.0,16.05,2.15,13.95,13.79,85.8,20.25,80.19,65.85,10.06
D029,Nila Motors 29,West,Kiranpur,2026-03-01,80.0,93.0,16.3,4.91,9.63,12.95,83.3,26.97,80.51,61.93,9.74
D029,Nila Motors 29,West,Kiranpur,2026-04-01,110.0,161.0,13.74,4.08,8.24,8.2,119.09,29.0,64.49,49.37,13.01
D029,Nila Motors 29,West,Kiranpur,2026-05-01,117.0,155.0,16.21,5.72,9.18,5.19,94.44,19.58,80.71,56.91,7.97
D029,Nila Motors 29,West,Kiranpur,2026-06-01,106.0,152.0,14.18,4.07,7.06,0.0,89.37,19.64,70.83,61.44,12.03
D029,Nila Motors 29,West,Kiranpur,2026-07-01,102.0,114.0,18.07,2.7,7.21,10.32,110.79,27.33,72.77,62.03,12.47
D029,Nila Motors 29,West,Kiranpur,2026-08-01,123.0,135.0,18.05,4.44,10.08,10.99,77.7,17.75,81.28,70.56,8.49
D029,Nila Motors 29,West,Kiranpur,2026-09-01,89.0,118.0,14.45,2.57,5.26,10.33,92.89,24.76,76.91,53.48,7.36
D030,Aruna Motors 30,Central,Taravan,2024-10-01,104.0,115.0,16.6,3.48,16.57,16.36,89.61,21.72,82.93,65.45,10.06
D030,Aruna Motors 30,Central,Taravan,2024-11-01,94.0,105.0,18.89,1.96,10.5,16.67,68.82,18.21,78.72,57.46,10.6
D030,Aruna Motors 30,Central,Taravan,2024-12-01,116.0,161.0,16.33,2.74,19.49,16.72,96.03,19.44,75.83,55.82,12.43
D030,Aruna Motors 30,Central,Taravan,2025-01-01,92.0,85.0,20.61,3.87,16.17,16.82,77.83,26.4,81.53,64.06,8.72
D030,Aruna Motors 30,Central,Taravan,2025-02-01,70.0,79.0,19.33,1.35,23.04,16.85,88.21,26.58,84.66,63.4,9.0
D030,Aruna Motors 30,Central,Taravan,2025-03-01,97.0,113.0,15.9,0.54,16.41,14.13,103.57,24.13,73.99,60.55,8.89
D030,Aruna Motors 30,Central,Taravan,2025-04-01,138.0,147.0,15.42,1.52,13.36,13.56,84.02,16.98,79.84,55.83,8.03
D030,Aruna Motors 30,Central,Taravan,2025-05-01,89.0,110.0,15.69,-0.5,15.77,16.59,106.85,31.2,76.47,55.11,10.08
D030,Aruna Motors 30,Central,Taravan,2025-06-01,87.0,106.0,17.1,5.92,12.76,14.56,77.28,15.19,87.55,67.59,10.41
D030,Aruna Motors 30,Central,Taravan,2025-07-01,130.0,135.0,20.95,2.26,12.16,15.53,81.46,17.19,79.57,59.05,8.67
D030,Aruna Motors 30,Central,Taravan,2025-08-01,165.0,174.0,16.68,5.14,9.68,15.33,82.85,31.42,72.79,58.45,12.18
D030,Aruna Motors 30,Central,Taravan,2025-09-01,91.0,94.0,16.86,3.7,11.85,13.87,81.57,34.72,68.83,52.09,12.39
D030,Aruna Motors 30,Central,Taravan,2025-10-01,163.0,179.0,15.29,4.67,7.71,11.83,63.68,22.93,83.81,66.09,9.48
D030,Aruna Motors 30,Central,Taravan,2025-11-01,138.0,138.0,18.76,4.33,12.91,16.61,68.45,25.53,77.88,61.41,9.29
D030,Aruna Motors 30,Central,Taravan,2025-12-01,60.0,75.0,19.07,3.14,9.01,12.14,96.51,31.54,71.27,49.42,10.88
D030,Aruna Motors 30,Central,Taravan,2026-01-01,151.0,144.0,13.88,1.8,15.27,9.6,90.84,29.21,82.22,59.76,10.43
D030,Aruna Motors 30,Central,Taravan,2026-02-01,132.0,149.0,14.92,2.91,13.94,8.77,83.03,17.07,83.47,67.26,9.26
D030,Aruna Motors 30,Central,Taravan,2026-03-01,87.0,103.0,13.72,2.34,10.12,13.96,81.54,31.81,75.97,61.57,7.57
D030,Aruna Motors 30,Central,Taravan,2026-04-01,116.0,147.0,16.7,3.22,12.57,12.11,76.53,22.29,71.74,62.74,6.82
D030,Aruna Motors 30,Central,Taravan,2026-05-01,108.0,123.0,12.89,-0.46,21.36,13.62,97.46,27.72,72.05,60.66,9.02
D030,Aruna Motors 30,Central,Taravan,2026-06-01,95.0,149.0,15.06,2.12,18.16,10.45,89.31,28.98,83.97,64.56,8.47
D030,Aruna Motors 30,Central,Taravan,2026-07-01,71.0,87.0,17.26,2.92,20.19,10.02,102.61,22.97,78.29,58.99,10.8
D030,Aruna Motors 30,Central,Taravan,2026-08-01,89.0,90.0,19.27,3.19,13.66,16.0,98.3,21.64,76.57,66.05,11.43
D030,Aruna Motors 30,Central,Taravan,2026-09-01,119.0,135.0,16.91,4.37,17.81,15.67,86.01,23.22,72.65,54.3,12.16
D031,Tara Motors 31,North,Aarav Nagar,2024-10-01,99.0,81.0,24.32,3.95,18.21,27.27,73.62,22.42,93.26,70.08,3.99
D031,Tara Motors 31,North,Aarav Nagar,2024-11-01,177.0,138.0,24.46,5.83,9.73,12.61,43.57,10.06,90.6,78.66,3.35
D031,Tara Motors 31,North,Aarav Nagar,2024-12-01,90.0,84.0,22.91,3.13,10.63,14.53,47.86,16.13,93.09,71.02,4.07
D031,Tara Motors 31,North,Aarav Nagar,2025-01-01,142.0,141.0,22.5,6.28,15.04,18.07,57.81,17.24,84.65,76.46,6.77
D031,Tara Motors 31,North,Aarav Nagar,2025-02-01,112.0,106.0,23.55,4.74,15.85,10.46,59.49,11.0,77.54,74.5,4.76
D031,Tara Motors 31,North,Aarav Nagar,2025-03-01,152.0,144.0,22.97,8.09,6.54,0.0,56.9,12.75,94.44,80.66,2.97
D031,Tara Motors 31,North,Aarav Nagar,2025-04-01,140.0,150.0,23.64,5.91,3.52,0.0,67.95,16.32,84.04,79.09,6.69
D031,Tara Motors 31,North,Aarav Nagar,2025-05-01,69.0,72.0,25.8,8.08,7.11,1.35,49.91,11.39,93.49,81.71,4.16
D031,Tara Motors 31,North,Aarav Nagar,2025-06-01,145.0,129.0,29.27,8.9,10.82,0.0,55.26,3.16,93.68,88.82,4.27
D031,Tara Motors 31,North,Aarav Nagar,2025-07-01,129.0,133.0,27.74,7.98,5.56,1.28,71.48,10.42,90.93,69.07,5.0
D031,Tara Motors 31,North,Aarav Nagar,2025-08-01,197.0,175.0,24.68,7.7,11.02,4.58,47.93,1.35,89.32,82.36,1.0
D031,Tara Motors 31,North,Aarav Nagar,2025-09-01,186.0,143.0,21.96,8.52,2.58,4.18,50.83,17.48,88.43,76.97,3.49
D031,Tara Motors 31,North,Aarav Nagar,2025-10-01,145.0,130.0,27.79,11.44,0.0,2.53,58.72,0.0,97.33,83.22,2.68
D031,Tara Motors 31,North,Aarav Nagar,2025-11-01,87.0,85.0,23.45,8.44,0.0,4.04,42.26,4.37,88.28,79.5,5.2
D031,Tara Motors 31,North,Aarav Nagar,2025-12-01,140.0,106.0,28.64,10.52,2.52,9.02,32.31,6.56,89.91,88.31,2.55
D031,Tara Motors 31,North,Aarav Nagar,2026-01-01,115.0,97.0,30.28,10.51,0.5,3.65,56.38,11.63,86.57,72.48,5.0
D031,Tara Motors 31,North,Aarav Nagar,2026-02-01,166.0,149.0,28.43,8.65,9.06,12.59,35.53,0.0,92.43,77.03,3.72
D031,Tara Motors 31,North,Aarav Nagar,2026-03-01,140.0,130.0,23.75,10.62,1.64,10.77,46.75,1.38,89.87,73.74,2.65
D031,Tara Motors 31,North,Aarav Nagar,2026-04-01,151.0,150.0,23.14,10.67,1.99,6.41,47.94,7.68,86.86,74.15,2.38
D031,Tara Motors 31,North,Aarav Nagar,2026-05-01,121.0,140.0,26.11,9.54,0.0,0.0,58.37,7.19,89.57,80.3,4.05
D031,Tara Motors 31,North,Aarav Nagar,2026-06-01,71.0,81.0,22.23,9.24,4.38,0.0,58.14,6.16,88.47,81.11,1.16
D031,Tara Motors 31,North,Aarav Nagar,2026-07-01,126.0,125.0,29.92,11.73,4.12,14.44,58.48,0.0,93.05,79.34,2.56
D031,Tara Motors 31,North,Aarav Nagar,2026-08-01,98.0,96.0,22.94,9.3,2.91,19.05,44.72,8.25,90.33,76.89,3.74
D031,Tara Motors 31,North,Aarav Nagar,2026-09-01,87.0,82.0,23.05,11.13,3.25,13.44,48.2,8.78,87.11,76.82,4.28
D032,Veda Motors 32,South,Neelapur,2024-10-01,118.0,137.0,18.62,9.03,6.91,17.65,51.15,17.18,87.94,72.27,6.18
D032,Veda Motors 32,South,Neelapur,2024-11-01,71.0,78.0,22.21,9.74,5.95,13.92,62.47,14.39,87.89,75.14,7.37
D032,Veda Motors 32,South,Neelapur,2024-12-01,147.0,132.0,22.69,10.48,1.29,7.9,62.05,8.12,88.82,86.66,4.03
D032,Veda Motors 32,South,Neelapur,2025-01-01,186.0,173.0,20.24,7.54,2.3,8.3,48.58,13.63,80.08,77.95,4.65
D032,Veda Motors 32,South,Neelapur,2025-02-01,171.0,152.0,18.88,6.11,6.85,3.88,73.66,17.61,81.52,69.6,6.92
D032,Veda Motors 32,South,Neelapur,2025-03-01,168.0,176.0,23.33,6.9,1.31,7.01,53.47,7.27,87.26,72.56,6.48
D032,Veda Motors 32,South,Neelapur,2025-04-01,128.0,139.0,21.03,6.19,0.67,0.01,58.0,18.74,86.23,68.25,6.16
D032,Veda Motors 32,South,Neelapur,2025-05-01,94.0,109.0,25.33,9.17,7.1,0.0,73.66,11.42,86.33,70.17,9.49
D032,Veda Motors 32,South,Neelapur,2025-06-01,100.0,121.0,26.55,8.02,0.03,0.0,57.0,4.71,89.59,71.25,6.05
D032,Veda Motors 32,South,Neelapur,2025-07-01,143.0,164.0,23.1,11.51,5.63,0.0,54.95,6.97,89.34,78.2,4.42
D032,Veda Motors 32,South,Neelapur,2025-08-01,114.0,125.0,24.5,9.01,0.0,0.0,57.12,3.2,90.03,74.8,8.44
D032,Veda Motors 32,South,Neelapur,2025-09-01,116.0,114.0,21.35,11.18,1.97,3.17,58.7,7.72,88.77,77.35,6.77
D032,Veda Motors 32,South,Neelapur,2025-10-01,149.0,140.0,17.08,9.58,2.3,12.48,53.62,8.7,85.67,73.63,6.58
D032,Veda Motors 32,South,Neelapur,2025-11-01,81.0,72.0,22.18,9.21,0.0,8.46,52.79,3.67,85.14,68.06,5.29
D032,Veda Motors 32,South,Neelapur,2025-12-01,86.0,72.0,23.0,8.82,2.56,0.0,42.4,5.88,93.62,83.27,2.09
D032,Veda Motors 32,South,Neelapur,2026-01-01,171.0,151.0,26.59,7.64,1.39,2.88,65.0,10.09,84.13,69.93,3.11
D032,Veda Motors 32,South,Neelapur,2026-02-01,121.0,135.0,21.97,6.39,0.0,5.52,63.98,10.23,89.69,66.66,5.72
D032,Veda Motors 32,South,Neelapur,2026-03-01,108.0,111.0,24.74,6.9,9.6,7.59,57.96,9.38,87.67,66.64,7.55
D032,Veda Motors 32,South,Neelapur,2026-04-01,138.0,144.0,21.13,6.08,9.28,1.46,67.28,12.15,86.62,80.83,5.44
D032,Veda Motors 32,South,Neelapur,2026-05-01,134.0,139.0,23.33,7.66,7.66,5.95,73.95,17.73,88.38,78.95,6.43
D032,Veda Motors 32,South,Neelapur,2026-06-01,121.0,126.0,24.37,7.04,7.41,6.7,61.88,17.16,81.61,70.84,7.64
D032,Veda Motors 32,South,Neelapur,2026-07-01,138.0,176.0,23.34,8.64,12.2,2.33,68.77,19.14,88.31,75.62,6.52
D032,Veda Motors 32,South,Neelapur,2026-08-01,156.0,147.0,22.33,7.26,3.61,0.95,65.49,15.77,83.21,68.98,7.64
D032,Veda Motors 32,South,Neelapur,2026-09-01,82.0,76.0,21.89,7.01,13.72,7.74,47.88,14.29,85.69,68.5,9.47
D033,Uday Motors 33,East,Suryabad,2024-10-01,178.0,175.0,19.45,8.0,0.0,16.71,54.82,17.06,87.69,69.77,8.46
D033,Uday Motors 33,East,Suryabad,2024-11-01,178.0,157.0,19.11,6.45,5.27,10.98,74.83,13.55,76.26,68.95,5.26
D033,Uday Motors 33,East,Suryabad,2024-12-01,131.0,130.0,23.27,4.47,9.53,12.33,68.83,23.43,79.37,72.27,8.27
D033,Uday Motors 33,East,Suryabad,2025-01-01,140.0,135.0,21.33,5.91,8.94,9.58,61.93,15.62,78.81,74.1,5.47
D033,Uday Motors 33,East,Suryabad,2025-02-01,131.0,141.0,19.48,4.22,15.06,0.0,67.52,12.65,82.19,63.51,6.34
D033,Uday Motors 33,East,Suryabad,2025-03-01,107.0,96.0,16.97,3.48,9.69,0.0,80.71,21.4,75.44,77.15,8.17
D033,Uday Motors 33,East,Suryabad,2025-04-01,123.0,166.0,18.61,0.79,17.6,6.82,73.12,20.18,79.06,66.58,8.87
D033,Uday Motors 33,East,Suryabad,2025-05-01,141.0,178.0,24.36,2.8,20.56,0.0,94.99,21.81,87.24,58.75,6.91
D033,Uday Motors 33,East,Suryabad,2025-06-01,103.0,150.0,21.21,1.2,19.58,1.97,90.55,19.11,84.65,68.91,7.99
D033,Uday Motors 33,East,Suryabad,2025-07-01,59.0,88.0,17.03,1.44,17.63,3.24,84.92,33.19,77.9,63.69,10.22
D033,Uday Motors 33,East,Suryabad,2025-08-01,127.0,160.0,16.67,2.74,16.22,4.15,82.68,21.6,84.58,64.49,7.72
D033,Uday Motors 33,East,Suryabad,2025-09-01,93.0,104.0,14.07,1.11,19.64,20.05,88.09,19.51,74.92,56.15,7.58
D033,Uday Motors 33,East,Suryabad,2025-10-01,71.0,73.0,18.48,1.17,15.77,15.32,67.45,19.98,80.88,66.23,13.23
D033,Uday Motors 33,East,Suryabad,2025-11-01,131.0,147.0,16.31,2.59,14.9,23.32,81.69,24.01,72.72,59.53,9.55
D033,Uday Motors 33,East,Suryabad,2025-12-01,107.0,128.0,20.04,1.73,18.73,21.4,88.26,22.38,77.43,66.5,9.2
D033,Uday Motors 33,East,Suryabad,2026-01-01,89.0,88.0,17.73,1.18,16.09,17.32,73.63,23.81,79.97,57.8,9.2
D033,Uday Motors 33,East,Suryabad,2026-02-01,119.0,113.0,20.39,1.89,12.88,18.19,84.4,24.36,80.14,71.25,5.54
D033,Uday Motors 33,East,Suryabad,2026-03-01,91.0,95.0,21.54,3.95,9.13,11.25,85.04,24.33,73.0,60.8,11.97
D033,Uday Motors 33,East,Suryabad,2026-04-01,84.0,111.0,17.57,4.72,15.78,17.47,85.77,21.68,82.26,60.88,7.83
D033,Uday Motors 33,East,Suryabad,2026-05-01,69.0,87.0,16.31,4.02,15.71,10.1,73.1,19.48,79.78,64.33,8.87
D033,Uday Motors 33,East,Suryabad,2026-06-01,60.0,71.0,18.46,5.82,18.24,5.64,97.59,16.63,83.14,71.21,9.44
D033,Uday Motors 33,East,Suryabad,2026-07-01,108.0,122.0,15.3,3.43,14.02,9.81,88.92,24.01,79.96,65.05,10.3
D033,Uday Motors 33,East,Suryabad,2026-08-01,119.0,150.0,16.54,4.26,11.32,7.05,62.09,19.58,83.32,63.91,8.71
D033,Uday Motors 33,East,Suryabad,2026-09-01,106.0,145.0,23.77,4.87,20.17,14.87,65.78,12.29,82.96,68.49,8.67
D034,Nila Motors 34,West,Kiranpur,2024-10-01,147.0,125.0,24.63,4.26,8.23,19.63,63.56,14.28,86.49,71.79,6.06
D034,Nila Motors 34,West,Kiranpur,2024-11-01,117.0,123.0,20.3,5.62,14.3,19.43,74.76,19.9,85.12,75.09,8.33
D034,Nila Motors 34,West,Kiranpur,2024-12-01,130.0,118.0,19.08,4.7,13.84,19.91,70.26,20.36,83.63,61.22,8.07
D034,Nila Motors 34,West,Kiranpur,2025-01-01,72.0,76.0,19.5,6.95,12.68,18.47,59.67,15.94,89.89,72.17,4.72
D034,Nila Motors 34,West,Kiranpur,2025-02-01,90.0,89.0,22.84,5.36,9.8,14.54,77.76,14.11,85.17,67.07,5.36
D034,Nila Motors 34,West,Kiranpur,2025-03-01,103.0,103.0,26.63,4.8,6.59,5.8,60.41,12.83,83.94,74.83,7.98
D034,Nila Motors 34,West,Kiranpur,2025-04-01,120.0,140.0,25.97,4.21,9.31,3.33,70.31,13.34,88.87,72.92,5.04
D034,Nila Motors 34,West,Kiranpur,2025-05-01,123.0,143.0,21.5,6.39,11.94,0.0,58.26,5.59,89.35,72.38,6.64
D034,Nila Motors 34,West,Kiranpur,2025-06-01,113.0,116.0,20.97,6.12,3.6,0.0,62.94,6.69,88.85,76.59,7.99
D034,Nila Motors 34,West,Kiranpur,2025-07-01,91.0,83.0,22.19,6.71,0.6,0.0,75.52,13.2,80.63,69.57,4.57
D034,Nila Motors 34,West,Kiranpur,2025-08-01,149.0,146.0,23.68,6.51,15.78,6.05,59.88,10.78,82.15,71.59,4.18
D034,Nila Motors 34,West,Kiranpur,2025-09-01,117.0,131.0,21.38,8.85,10.23,7.78,48.75,11.23,84.14,70.28,5.26
D034,Nila Motors 34,West,Kiranpur,2025-10-01,99.0,104.0,22.14,7.85,5.39,5.04,39.94,5.28,85.87,78.14,7.64
D034,Nila Motors 34,West,Kiranpur,2025-11-01,173.0,142.0,21.35,6.59,5.78,7.4,43.2,10.09,89.4,78.14,6.63
D034,Nila Motors 34,West,Kiranpur,2025-12-01,116.0,116.0,22.49,10.49,5.77,5.61,58.69,8.98,90.72,78.48,6.93
D034,Nila Motors 34,West,Kiranpur,2026-01-01,165.0,153.0,21.81,7.63,4.83,1.83,56.0,13.98,80.88,76.82,4.97
D034,Nila Motors 34,West,Kiranpur,2026-02-01,148.0,153.0,20.97,5.99,5.04,0.1,75.83,6.99,83.76,69.5,7.74
D034,Nila Motors 34,West,Kiranpur,2026-03-01,71.0,72.0,20.4,4.89,5.41,3.01,80.78,12.24,81.66,68.27,7.53
D034,Nila Motors 34,West,Kiranpur,2026-04-01,98.0,95.0,27.2,8.11,5.6,1.7,48.72,3.92,95.47,79.04,1.0
D034,Nila Motors 34,West,Kiranpur,2026-05-01,182.0,170.0,23.89,8.54,0.61,0.0,46.39,8.86,91.1,79.57,4.11
D034,Nila Motors 34,West,Kiranpur,2026-06-01,88.0,85.0,21.78,7.62,1.85,0.0,62.04,13.41,85.7,67.87,4.15
D034,Nila Motors 34,West,Kiranpur,2026-07-01,70.0,71.0,24.13,7.77,2.99,6.18,66.28,17.83,87.82,76.66,5.67
D034,Nila Motors 34,West,Kiranpur,2026-08-01,75.0,99.0,21.52,7.08,1.56,3.77,69.9,11.12,83.98,79.61,8.35
D034,Nila Motors 34,West,Kiranpur,2026-09-01,89.0,77.0,24.13,6.49,2.45,8.98,63.91,12.81,82.73,76.35,5.64
D035,Aruna Motors 35,Central,Taravan,2024-10-01,151.0,121.0,23.65,7.28,17.74,18.05,51.14,2.0,93.22,77.08,3.5
D035,Aruna Motors 35,Central,Taravan,2024-11-01,97.0,88.0,25.1,6.26,9.96,16.1,57.44,17.5,89.47,78.62,5.65
D035,Aruna Motors 35,Central,Taravan,2024-12-01,100.0,97.0,23.1,6.7,15.07,13.62,47.3,11.6,87.86,80.2,4.47
D035,Aruna Motors 35,Central,Taravan,2025-01-01,130.0,122.0,21.44,6.57,11.47,13.53,51.88,10.12,91.17,75.43,6.89
D035,Aruna Motors 35,Central,Taravan,2025-02-01,182.0,162.0,26.07,6.22,11.64,6.84,55.5,8.68,89.0,81.05,5.84
D035,Aruna Motors 35,Central,Taravan,2025-03-01,79.0,89.0,21.57,6.96,8.91,4.94,54.06,17.09,86.41,82.04,3.6
D035,Aruna Motors 35,Central,Taravan,2025-04-01,102.0,90.0,23.38,6.36,2.05,2.24,51.37,10.57,86.14,75.01,2.22
D035,Aruna Motors 35,Central,Taravan,2025-05-01,124.0,158.0,21.61,5.73,9.75,0.71,57.2,20.2,88.39,75.69,7.93
D035,Aruna Motors 35,Central,Taravan,2025-06-01,109.0,122.0,27.69,7.14,10.48,7.28,58.43,17.15,84.38,70.15,4.62
D035,Aruna Motors 35,Central,Taravan,2025-07-01,173.0,175.0,22.76,6.73,12.78,9.07,64.16,14.74,92.83,84.79,2.4
D035,Aruna Motors 35,Central,Taravan,2025-08-01,139.0,134.0,25.67,4.97,7.21,10.47,57.92,7.06,88.63,76.65,6.86
D035,Aruna Motors 35,Central,Taravan,2025-09-01,182.0,177.0,23.81,6.61,15.29,6.61,59.43,7.68,83.7,75.61,1.79
D035,Aruna Motors 35,Central,Taravan,2025-10-01,100.0,82.0,23.59,5.76,9.38,3.15,52.11,13.56,96.6,86.25,3.61
D035,Aruna Motors 35,Central,Taravan,2025-11-01,99.0,89.0,23.14,6.5,6.6,6.5,48.41,13.9,96.21,72.75,2.47
D035,Aruna Motors 35,Central,Taravan,2025-12-01,157.0,138.0,24.16,5.73,8.18,6.51,64.08,14.57,85.78,71.95,7.64
D035,Aruna Motors 35,Central,Taravan,2026-01-01,91.0,82.0,22.67,6.91,13.28,5.76,80.99,15.4,91.22,78.41,5.04
D035,Aruna Motors 35,Central,Taravan,2026-02-01,73.0,70.0,22.06,5.34,7.73,3.65,78.07,12.87,90.75,76.77,6.16
D035,Aruna Motors 35,Central,Taravan,2026-03-01,100.0,89.0,23.41,7.63,13.67,9.98,61.46,15.32,88.33,71.47,5.28
D035,Aruna Motors 35,Central,Taravan,2026-04-01,203.0,178.0,20.49,7.89,7.29,6.79,57.01,10.4,91.98,81.2,5.12
D035,Aruna Motors 35,Central,Taravan,2026-05-01,118.0,126.0,25.84,7.5,7.5,1.93,49.62,3.44,91.46,81.07,2.56
D035,Aruna Motors 35,Central,Taravan,2026-06-01,82.0,94.0,25.7,7.8,7.87,0.0,49.81,11.79,88.13,84.22,3.76
D035,Aruna Motors 35,Central,Taravan,2026-07-01,81.0,73.0,23.94,8.97,3.61,0.0,46.91,8.62,88.95,81.41,4.46
D035,Aruna Motors 35,Central,Taravan,2026-08-01,82.0,91.0,20.46,7.66,4.94,4.86,59.49,13.73,86.97,72.1,7.04
D035,Aruna Motors 35,Central,Taravan,2026-09-01,105.0,103.0,24.6,7.38,6.71,2.71,36.07,9.49,86.59,81.71,4.25
D036,Tara Motors 36,North,Aarav Nagar,2024-10-01,94.0,104.0,12.96,2.37,8.59,6.48,98.21,31.73,65.96,56.77,15.86
D036,Tara Motors 36,North,Aarav Nagar,2024-11-01,100.0,127.0,13.49,1.43,9.44,6.38,98.21,28.78,68.25,50.73,13.27
D036,Tara Motors 36,North,Aarav Nagar,2024-12-01,57.0,84.0,12.66,1.59,9.95,8.66,101.22,33.15,72.38,53.02,13.5
D036,Tara Motors 36,North,Aarav Nagar,2025-01-01,99.0,136.0,13.09,3.29,4.47,11.01,87.42,34.58,68.8,48.69,13.58
D036,Tara Motors 36,North,Aarav Nagar,2025-02-01,133.0,154.0,13.62,1.13,14.27,12.67,97.61,21.5,70.61,67.69,12.43
D036,Tara Motors 36,North,Aarav Nagar,2025-03-01,95.0,124.0,14.22,1.84,14.14,14.22,97.11,31.11,67.56,55.01,14.74
D036,Tara Motors 36,North,Aarav Nagar,2025-04-01,129.0,176.0,10.82,0.93,14.19,8.7,117.53,33.06,72.78,51.86,14.6
D036,Tara Motors 36,North,Aarav Nagar,2025-05-01,54.0,96.0,11.59,2.22,7.8,10.58,98.18,35.82,72.49,49.8,12.56
D036,Tara Motors 36,North,Aarav Nagar,2025-06-01,112.0,159.0,11.55,1.41,12.62,2.29,107.29,40.71,65.37,50.69,14.0
D036,Tara Motors 36,North,Aarav Nagar,2025-07-01,68.0,109.0,12.17,3.49,8.89,0.11,103.5,33.96,70.22,57.93,13.6
D036,Tara Motors 36,North,Aarav Nagar,2025-08-01,51.0,80.0,10.55,2.1,16.5,0.97,95.61,21.69,66.84,54.35,13.29
D036,Tara Motors 36,North,Aarav Nagar,2025-09-01,139.0,174.0,13.85,1.41,14.35,0.0,100.5,26.23,70.14,55.53,15.06
D036,Tara Motors 36,North,Aarav Nagar,2025-10-01,141.0,167.0,12.76,0.66,8.25,4.57,76.16,16.41,69.22,62.38,15.78
D036,Tara Motors 36,North,Aarav Nagar,2025-11-01,66.0,99.0,8.68,0.33,12.46,6.19,101.76,34.94,65.09,48.89,12.87
D036,Tara Motors 36,North,Aarav Nagar,2025-12-01,80.0,134.0,10.45,-0.27,16.19,6.39,95.87,34.78,68.45,43.78,14.99
D036,Tara Motors 36,North,Aarav Nagar,2026-01-01,100.0,141.0,14.3,1.15,13.31,2.57,102.06,31.63,71.01,56.09,13.98
D036,Tara Motors 36,North,Aarav Nagar,2026-02-01,103.0,139.0,11.82,2.49,12.07,1.26,83.67,29.37,76.63,49.94,13.52
D036,Tara Motors 36,North,Aarav Nagar,2026-03-01,112.0,179.0,9.11,0.4,8.06,7.58,115.01,35.64,67.76,38.94,15.52
D036,Tara Motors 36,North,Aarav Nagar,2026-04-01,53.0,78.0,10.11,0.31,10.73,6.26,97.99,30.71,65.15,45.87,14.69
D036,Tara Motors 36,North,Aarav Nagar,2026-05-01,79.0,98.0,17.0,0.54,9.15,4.36,94.82,33.59,67.98,53.5,16.26
D036,Tara Motors 36,North,Aarav Nagar,2026-06-01,117.0,147.0,10.72,2.05,12.28,3.31,101.8,26.61,65.77,50.06,9.87
D036,Tara Motors 36,North,Aarav Nagar,2026-07-01,67.0,91.0,10.69,0.26,12.98,0.0,112.04,27.92,65.82,46.56,11.52
D036,Tara Motors 36,North,Aarav Nagar,2026-08-01,147.0,156.0,12.71,0.44,10.68,7.97,106.72,31.11,71.29,48.2,13.72
D036,Tara Motors 36,North,Aarav Nagar,2026-09-01,100.0,117.0,16.81,-0.7,17.4,15.28,76.29,33.85,63.47,50.34,11.33
D037,Veda Motors 37,South,Neelapur,2024-10-01,99.0,126.0,13.86,5.8,8.73,15.97,75.34,22.68,72.2,55.02,9.19
D037,Veda Motors 37,South,Neelapur,2024-11-01,143.0,169.0,14.65,4.93,10.53,12.88,95.6,24.01,71.33,56.23,10.92
D037,Veda Motors 37,South,Neelapur,2024-12-01,96.0,103.0,13.37,3.26,13.03,17.45,86.07,18.66,72.18,59.14,14.21
D037,Veda Motors 37,South,Neelapur,2025-01-01,82.0,97.0,18.53,0.91,17.94,22.38,93.56,27.48,74.26,56.12,13.47
D037,Veda Motors 37,South,Neelapur,2025-02-01,91.0,109.0,16.97,2.41,13.14,15.43,78.56,26.83,70.16,58.97,9.98
D037,Veda Motors 37,South,Neelapur,2025-03-01,128.0,125.0,15.51,0.76,14.67,12.72,104.38,28.72,74.87,52.07,11.0
D037,Veda Motors 37,South,Neelapur,2025-04-01,80.0,110.0,19.66,1.08,17.82,7.18,96.35,27.5,68.05,60.19,8.48
D037,Veda Motors 37,South,Neelapur,2025-05-01,58.0,78.0,15.53,0.06,25.64,11.73,89.04,17.41,81.0,69.37,12.22
D037,Veda Motors 37,South,Neelapur,2025-06-01,119.0,150.0,17.98,-0.17,20.5,13.72,89.91,24.6,81.94,69.03,10.32
D037,Veda Motors 37,South,Neelapur,2025-07-01,139.0,151.0,12.63,1.0,19.84,13.12,100.97,35.16,80.63,58.23,12.11
D037,Veda Motors 37,South,Neelapur,2025-08-01,126.0,149.0,13.66,0.56,15.15,16.19,86.91,29.33,75.28,62.47,10.01
D037,Veda Motors 37,South,Neelapur,2025-09-01,62.0,76.0,14.15,0.86,22.74,27.74,109.47,30.87,69.74,64.19,13.26
D037,Veda Motors 37,South,Neelapur,2025-10-01,82.0,84.0,12.83,-0.33,23.61,34.1,119.04,28.62,76.96,56.93,9.99
D037,Veda Motors 37,South,Neelapur,2025-11-01,85.0,95.0,17.05,-0.16,18.68,37.98,92.91,30.43,74.16,62.35,11.92
D037,Veda Motors 37,South,Neelapur,2025-12-01,158.0,166.0,16.91,-0.41,21.01,33.95,86.97,33.8,67.05,53.66,17.36
D037,Veda Motors 37,South,Neelapur,2026-01-01,70.0,81.0,13.8,3.27,19.66,29.53,93.25,26.06,73.64,65.41,11.54
D037,Veda Motors 37,South,Neelapur,2026-02-01,146.0,179.0,11.98,-1.6,20.02,21.74,102.43,37.77,70.34,46.08,13.44
D037,Veda Motors 37,South,Neelapur,2026-03-01,75.0,93.0,16.86,-0.87,17.59,14.67,95.33,28.19,80.36,69.46,12.41
D037,Veda Motors 37,South,Neelapur,2026-04-01,103.0,121.0,18.21,1.56,17.71,11.56,101.95,32.34,78.76,61.02,9.2
D037,Veda Motors 37,South,Neelapur,2026-05-01,112.0,139.0,11.29,0.02,17.22,1.41,95.7,31.61,70.73,52.72,12.34
D037,Veda Motors 37,South,Neelapur,2026-06-01,79.0,119.0,12.53,0.33,13.32,0.44,84.38,25.09,79.79,54.0,10.56
D037,Veda Motors 37,South,Neelapur,2026-07-01,89.0,102.0,19.1,4.39,13.31,2.68,79.48,17.79,79.49,59.32,8.52
D037,Veda Motors 37,South,Neelapur,2026-08-01,54.0,80.0,14.31,-0.89,15.76,9.86,116.27,33.99,71.14,68.25,10.94
D037,Veda Motors 37,South,Neelapur,2026-09-01,141.0,174.0,17.42,2.67,12.7,14.66,92.51,22.23,77.73,65.21,7.97
D038,Uday Motors 38,East,Suryabad,2024-10-01,139.0,150.0,15.96,0.65,17.8,15.53,91.41,25.07,73.78,62.84,5.92
D038,Uday Motors 38,East,Suryabad,2024-11-01,60.0,75.0,12.63,0.62,13.9,9.7,90.13,30.35,69.72,53.08,11.01
D038,Uday Motors 38,East,Suryabad,2024-12-01,131.0,145.0,14.53,1.23,16.9,10.45,101.86,39.92,68.7,48.9,10.79
D038,Uday Motors 38,East,Suryabad,2025-01-01,95.0,107.0,16.36,2.08,14.94,14.61,72.21,35.72,77.87,63.98,9.81
D038,Uday Motors 38,East,Suryabad,2025-02-01,105.0,177.0,14.63,0.98,14.5,9.39,88.89,23.78,68.22,58.71,10.99
D038,Uday Motors 38,East,Suryabad,2025-03-01,49.0,71.0,8.38,0.89,12.11,6.52,104.93,28.27,67.88,57.0,14.11
D038,Uday Motors 38,East,Suryabad,2025-04-01,140.0,177.0,15.7,2.67,14.61,8.38,97.38,27.76,78.83,59.67,12.0
D038,Uday Motors 38,East,Suryabad,2025-05-01,119.0,164.0,13.58,1.76,11.37,0.0,101.81,30.4,72.55,58.14,14.84
D038,Uday Motors 38,East,Suryabad,2025-06-01,75.0,98.0,13.09,0.85,12.74,13.26,109.52,30.55,77.63,51.2,14.43
D038,Uday Motors 38,East,Suryabad,2025-07-01,117.0,141.0,12.87,0.45,11.73,19.36,94.21,35.53,70.94,57.18,14.11
D038,Uday Motors 38,East,Suryabad,2025-08-01,84.0,127.0,8.74,1.6,13.93,13.4,109.57,29.71,66.38,43.09,14.41
D038,Uday Motors 38,East,Suryabad,2025-09-01,152.0,158.0,7.5,0.14,11.28,9.15,114.68,31.82,68.25,47.44,13.72
D038,Uday Motors 38,East,Suryabad,2025-10-01,147.0,154.0,14.78,2.76,5.19,16.97,78.48,30.53,72.09,58.05,10.51
D038,Uday Motors 38,East,Suryabad,2025-11-01,70.0,79.0,15.19,2.61,7.37,17.46,88.85,24.2,71.58,64.2,10.52
D038,Uday Motors 38,East,Suryabad,2025-12-01,65.0,72.0,13.65,2.59,5.25,11.08,83.25,17.93,75.52,54.15,10.46
D038,Uday Motors 38,East,Suryabad,2026-01-01,107.0,160.0,11.69,1.96,4.5,3.62,100.69,25.78,63.01,50.61,14.45
D038,Uday Motors 38,East,Suryabad,2026-02-01,98.0,114.0,14.44,0.35,9.57,4.97,105.58,25.33,73.52,52.58,12.9
D038,Uday Motors 38,East,Suryabad,2026-03-01,120.0,161.0,12.86,1.98,10.54,1.82,93.75,30.28,65.93,56.67,13.15
D038,Uday Motors 38,East,Suryabad,2026-04-01,84.0,125.0,16.25,1.68,8.4,0.0,102.31,26.02,69.07,51.08,13.74
D038,Uday Motors 38,East,Suryabad,2026-05-01,72.0,93.0,12.98,0.16,17.19,5.35,95.96,32.03,69.02,47.02,14.96
D038,Uday Motors 38,East,Suryabad,2026-06-01,120.0,179.0,16.18,1.11,18.16,7.41,105.23,28.61,73.58,58.25,13.14
D038,Uday Motors 38,East,Suryabad,2026-07-01,65.0,112.0,13.19,1.32,11.05,10.88,90.35,29.64,72.97,46.07,13.06
D038,Uday Motors 38,East,Suryabad,2026-08-01,132.0,152.0,14.37,-0.57,12.33,18.76,109.66,30.94,65.35,46.44,11.26
D038,Uday Motors 38,East,Suryabad,2026-09-01,54.0,75.0,11.95,3.16,11.6,10.64,94.51,31.5,68.68,54.41,13.6
D039,Nila Motors 39,West,Kiranpur,2024-10-01,143.0,153.0,19.27,2.37,23.46,11.7,77.01,25.12,86.22,72.95,6.06
D039,Nila Motors 39,West,Kiranpur,2024-11-01,160.0,143.0,27.28,3.13,20.4,26.25,70.53,17.52,87.41,79.69,4.83
D039,Nila Motors 39,West,Kiranpur,2024-12-01,184.0,154.0,28.14,3.5,19.83,31.69,59.71,15.7,89.81,83.69,4.46
D039,Nila Motors 39,West,Kiranpur,2025-01-01,86.0,74.0,23.16,5.54,20.4,33.51,72.28,16.93,89.6,80.09,4.97
D039,Nila Motors 39,West,Kiranpur,2025-02-01,121.0,104.0,22.4,2.0,15.71,25.07,85.41,26.82,89.44,79.17,8.11
D039,Nila Motors 39,West,Kiranpur,2025-03-01,148.0,144.0,22.26,4.84,21.39,19.2,68.07,15.5,90.66,74.78,3.17
D039,Nila Motors 39,West,Kiranpur,2025-04-01,184.0,173.0,26.27,5.08,10.91,7.36,63.76,16.56,91.28,79.66,4.86
D039,Nila Motors 39,West,Kiranpur,2025-05-01,81.0,93.0,29.13,5.3,13.71,4.57,72.24,12.68,89.76,77.99,3.57
D039,Nila Motors 39,West,Kiranpur,2025-06-01,155.0,157.0,20.11,6.02,13.23,9.84,98.14,17.61,92.04,79.11,4.0
D039,Nila Motors 39,West,Kiranpur,2025-07-01,83.0,94.0,26.3,7.94,6.83,5.56,58.25,5.94,88.32,76.26,2.59
D039,Nila Motors 39,West,Kiranpur,2025-08-01,118.0,133.0,21.69,9.67,1.77,4.44,64.44,12.8,89.83,75.25,5.58
D039,Nila Motors 39,West,Kiranpur,2025-09-01,169.0,174.0,25.55,9.02,2.06,7.03,53.97,10.63,84.52,68.38,4.64
D039,Nila Motors 39,West,Kiranpur,2025-10-01,106.0,89.0,22.23,6.69,5.04,9.57,55.61,12.84,92.73,71.23,1.77
D039,Nila Motors 39,West,Kiranpur,2025-11-01,152.0,163.0,18.68,7.2,0.89,1.13,62.57,11.74,83.29,69.32,7.18
D039,Nila Motors 39,West,Kiranpur,2025-12-01,87.0,89.0,21.57,7.5,11.54,5.98,43.99,9.98,88.23,74.56,7.28
D039,Nila Motors 39,West,Kiranpur,2026-01-01,201.0,168.0,25.36,7.61,5.08,10.41,58.46,12.86,84.5,78.42,6.34
D039,Nila Motors 39,West,Kiranpur,2026-02-01,110.0,114.0,21.79,8.89,8.81,12.36,62.18,16.48,89.65,80.0,8.55
D039,Nila Motors 39,West,Kiranpur,2026-03-01,78.0,82.0,22.41,8.24,0.65,20.31,79.24,7.22,88.04,75.45,4.09
D039,Nila Motors 39,West,Kiranpur,2026-04-01,141.0,158.0,18.91,10.88,2.29,0.0,65.92,9.46,83.77,80.7,3.69
D039,Nila Motors 39,West,Kiranpur,2026-05-01,157.0,171.0,21.39,9.22,0.0,0.0,56.18,9.1,84.45,82.56,4.54
D039,Nila Motors 39,West,Kiranpur,2026-06-01,133.0,119.0,24.14,9.99,7.15,0.0,63.0,16.73,89.6,75.47,6.48
D039,Nila Motors 39,West,Kiranpur,2026-07-01,61.0,75.0,20.85,6.36,3.65,1.66,69.21,15.09,80.52,73.55,7.44
D039,Nila Motors 39,West,Kiranpur,2026-08-01,121.0,107.0,21.99,8.73,0.0,2.17,48.91,3.55,88.52,79.55,4.09
D039,Nila Motors 39,West,Kiranpur,2026-09-01,76.0,77.0,21.7,8.01,0.0,6.71,58.72,9.82,87.76,80.45,7.8
D040,Aruna Motors 40,Central,Taravan,2024-10-01,80.0,74.0,19.66,1.87,14.01,14.53,69.61,19.2,80.95,75.16,8.8
D040,Aruna Motors 40,Central,Taravan,2024-11-01,87.0,79.0,19.82,2.81,16.0,20.79,69.54,19.17,86.65,67.31,7.44
D040,Aruna Motors 40,Central,Taravan,2024-12-01,131.0,98.0,22.42,2.25,17.29,22.82,83.24,16.19,87.38,71.61,6.13
D040,Aruna Motors 40,Central,Taravan,2025-01-01,104.0,113.0,22.57,0.72,22.18,21.91,86.8,25.95,75.91,71.83,7.72
D040,Aruna Motors 40,Central,Taravan,2025-02-01,128.0,148.0,21.0,2.71,22.29,19.46,69.25,26.65,88.1,70.75,5.09
D040,Aruna Motors 40,Central,Taravan,2025-03-01,75.0,77.0,18.67,1.35,18.9,16.94,77.08,22.57,85.41,69.46,8.07
D040,Aruna Motors 40,Central,Taravan,2025-04-01,174.0,174.0,23.52,4.57,16.61,15.05,70.56,17.91,85.67,75.98,5.64
D040,Aruna Motors 40,Central,Taravan,2025-05-01,118.0,112.0,21.22,3.24,15.08,7.36,69.62,14.69,85.31,83.24,7.97
D040,Aruna Motors 40,Central,Taravan,2025-06-01,105.0,106.0,28.0,3.93,15.21,11.38,79.58,21.15,86.77,76.44,4.36
D040,Aruna Motors 40,Central,Taravan,2025-07-01,144.0,137.0,22.32,5.7,18.25,7.06,74.2,21.46,85.25,66.53,5.98
D040,Aruna Motors 40,Central,Taravan,2025-08-01,116.0,115.0,22.16,4.79,11.79,8.51,69.54,14.42,85.48,72.92,5.33
D040,Aruna Motors 40,Central,Taravan,2025-09-01,121.0,97.0,22.11,4.81,11.42,14.51,57.31,19.12,84.7,72.05,5.34
D040,Aruna Motors 40,Central,Taravan,2025-10-01,111.0,112.0,23.79,6.46,10.54,22.25,80.7,16.45,83.8,70.37,9.74
D040,Aruna Motors 40,Central,Taravan,2025-11-01,148.0,149.0,23.1,7.12,7.06,11.94,63.89,8.29,86.58,71.65,10.71
D040,Aruna Motors 40,Central,Taravan,2025-12-01,112.0,109.0,20.66,7.5,8.5,13.95,63.48,13.47,86.96,74.91,6.76
D040,Aruna Motors 40,Central,Taravan,2026-01-01,132.0,131.0,22.32,7.32,3.33,2.17,46.64,17.66,91.72,69.76,6.13
D040,Aruna Motors 40,Central,Taravan,2026-02-01,138.0,150.0,20.87,6.15,4.8,4.06,72.98,13.64,83.82,73.38,6.63
D040,Aruna Motors 40,Central,Taravan,2026-03-01,158.0,165.0,23.3,6.39,2.1,0.0,63.38,8.9,83.84,79.97,4.61
D040,Aruna Motors 40,Central,Taravan,2026-04-01,88.0,115.0,21.34,7.65,7.43,13.35,50.85,11.15,85.62,78.02,5.21
D040,Aruna Motors 40,Central,Taravan,2026-05-01,152.0,154.0,22.35,9.66,4.73,10.29,63.99,16.82,90.22,77.76,6.67
D040,Aruna Motors 40,Central,Taravan,2026-06-01,50.0,71.0,19.66,3.61,13.4,10.7,84.98,21.83,77.66,66.76,8.27
D040,Aruna Motors 40,Central,Taravan,2026-07-01,78.0,81.0,22.92,7.77,17.78,7.17,45.85,16.27,90.13,74.31,5.22
D040,Aruna Motors 40,Central,Taravan,2026-08-01,148.0,150.0,19.79,5.75,8.55,14.29,66.22,15.37,91.85,69.92,3.46
D040,Aruna Motors 40,Central,Taravan,2026-09-01,201.0,166.0,24.04,4.58,10.69,10.55,82.61,16.88,82.65,70.01,5.13
D041,Tara Motors 41,North,Aarav Nagar,2024-10-01,77.0,103.0,11.58,4.47,3.37,11.35,99.98,21.28,69.32,56.23,12.15
D041,Tara Motors 41,North,Aarav Nagar,2024-11-01,132.0,155.0,13.27,4.96,0.76,12.03,87.05,30.32,76.22,58.68,11.17
D041,Tara Motors 41,North,Aarav Nagar,2024-12-01,102.0,147.0,13.16,5.07,6.07,6.46,88.76,25.22,72.38,57.13,12.05
D041,Tara Motors 41,North,Aarav Nagar,2025-01-01,137.0,172.0,13.55,2.22,8.82,7.91,94.55,25.61,69.8,50.7,13.0
D041,Tara Motors 41,North,Aarav Nagar,2025-02-01,108.0,135.0,12.05,3.31,6.42,0.57,101.67,26.7,64.69,56.14,11.71
D041,Tara Motors 41,North,Aarav Nagar,2025-03-01,80.0,119.0,8.75,3.31,9.56,5.77,94.69,24.44,70.94,46.67,13.69
D041,Tara Motors 41,North,Aarav Nagar,2025-04-01,98.0,148.0,12.89,1.19,10.15,5.49,109.65,22.42,68.54,47.98,11.93
D041,Tara Motors 41,North,Aarav Nagar,2025-05-01,99.0,128.0,15.43,0.54,5.89,11.78,104.02,26.25,75.19,56.88,13.1
D041,Tara Motors 41,North,Aarav Nagar,2025-06-01,81.0,122.0,10.17,1.85,19.13,10.36,104.43,33.14,66.16,50.76,11.7
D041,Tara Motors 41,North,Aarav Nagar,2025-07-01,97.0,164.0,12.67,2.63,12.41,7.85,98.99,26.03,67.23,46.3,11.97
D041,Tara Motors 41,North,Aarav Nagar,2025-08-01,75.0,108.0,11.77,-0.05,10.92,14.26,103.84,36.04,67.92,48.08,13.74
D041,Tara Motors 41,North,Aarav Nagar,2025-09-01,47.0,75.0,8.89,-0.71,17.65,18.99,114.65,30.39,63.3,45.24,16.22
D041,Tara Motors 41,North,Aarav Nagar,2025-10-01,160.0,166.0,13.43,-0.12,14.44,22.34,104.45,28.42,73.24,51.56,11.62
D041,Tara Motors 41,North,Aarav Nagar,2025-11-01,78.0,89.0,12.39,1.46,11.98,8.32,88.11,35.9,70.58,57.8,12.28
D041,Tara Motors 41,North,Aarav Nagar,2025-12-01,136.0,172.0,11.45,2.15,14.09,11.15,92.8,35.02,64.58,58.77,11.57
D041,Tara Motors 41,North,Aarav Nagar,2026-01-01,104.0,115.0,17.23,1.25,14.12,15.28,98.35,35.87,64.22,55.77,11.61
D041,Tara Motors 41,North,Aarav Nagar,2026-02-01,132.0,178.0,12.37,-0.06,13.85,14.97,96.97,31.2,66.81,46.5,15.87
D041,Tara Motors 41,North,Aarav Nagar,2026-03-01,76.0,87.0,13.68,1.43,14.31,0.0,101.32,30.06,70.78,58.91,13.35
D041,Tara Motors 41,North,Aarav Nagar,2026-04-01,126.0,172.0,14.54,-0.06,19.91,0.0,94.28,34.38,73.14,60.01,12.51
D041,Tara Motors 41,North,Aarav Nagar,2026-05-01,110.0,153.0,13.89,0.17,18.15,7.05,110.36,35.27,70.24,45.62,14.13
D041,Tara Motors 41,North,Aarav Nagar,2026-06-01,90.0,147.0,14.57,-1.34,10.7,6.56,112.49,32.09,70.98,51.26,11.03
D041,Tara Motors 41,North,Aarav Nagar,2026-07-01,79.0,106.0,10.67,-0.2,16.73,10.85,111.12,35.27,66.01,50.64,14.48
D041,Tara Motors 41,North,Aarav Nagar,2026-08-01,38.0,70.0,9.25,-2.76,20.27,12.49,101.59,32.87,65.51,43.51,14.0
D041,Tara Motors 41,North,Aarav Nagar,2026-09-01,109.0,121.0,14.02,-0.55,17.46,13.64,97.95,28.78,71.01,58.83,13.77
D042,Veda Motors 42,South,Neelapur,2024-10-01,150.0,175.0,16.97,3.36,7.96,4.83,68.92,19.99,83.86,68.84,6.39
D042,Veda Motors 42,South,Neelapur,2024-11-01,89.0,85.0,22.55,5.49,8.71,12.38,69.87,12.11,83.22,73.52,4.63
D042,Veda Motors 42,South,Neelapur,2024-12-01,95.0,96.0,14.67,5.49,9.17,8.94,65.93,19.94,80.94,62.25,9.2
D042,Veda Motors 42,South,Neelapur,2025-01-01,103.0,97.0,24.67,5.65,9.93,10.31,53.9,14.22,86.1,73.33,8.01
D042,Veda Motors 42,South,Neelapur,2025-02-01,117.0,142.0,16.8,4.28,9.93,8.2,76.46,13.82,78.61,64.22,8.11
D042,Veda Motors 42,South,Neelapur,2025-03-01,95.0,104.0,25.32,7.6,4.52,12.05,57.03,8.06,90.66,88.8,5.75
D042,Veda Motors 42,South,Neelapur,2025-04-01,127.0,130.0,20.25,8.07,6.29,0.99,76.45,15.88,84.01,67.76,6.82
D042,Veda Motors 42,South,Neelapur,2025-05-01,107.0,132.0,24.03,7.93,1.88,0.61,64.28,16.24,83.12,70.21,5.98
D042,Veda Motors 42,South,Neelapur,2025-06-01,150.0,164.0,24.57,8.29,3.22,4.23,45.26,9.32,92.85,78.75,6.41
D042,Veda Motors 42,South,Neelapur,2025-07-01,140.0,155.0,19.17,7.48,5.16,10.0,77.81,14.73,83.64,67.92,6.05
D042,Veda Motors 42,South,Neelapur,2025-08-01,180.0,165.0,19.23,9.47,1.41,8.83,66.91,11.1,86.47,73.43,6.5
D042,Veda Motors 42,South,Neelapur,2025-09-01,112.0,99.0,25.36,6.92,10.42,14.91,65.21,11.95,86.47,75.31,6.43
D042,Veda Motors 42,South,Neelapur,2025-10-01,115.0,95.0,21.28,5.37,5.55,7.8,58.97,12.88,83.61,70.42,7.32
D042,Veda Motors 42,South,Neelapur,2025-11-01,193.0,179.0,24.32,7.13,8.0,4.71,51.22,16.0,93.16,78.47,3.08
D042,Veda Motors 42,South,Neelapur,2025-12-01,82.0,79.0,21.38,6.83,7.96,8.1,53.73,14.58,85.26,77.26,6.84
D042,Veda Motors 42,South,Neelapur,2026-01-01,111.0,99.0,24.47,7.65,10.3,10.35,81.75,12.41,92.54,76.66,8.4
D042,Veda Motors 42,South,Neelapur,2026-02-01,117.0,122.0,16.58,5.07,8.06,0.0,65.52,29.06,89.12,65.11,8.11
D042,Veda Motors 42,South,Neelapur,2026-03-01,158.0,160.0,19.72,5.19,9.96,0.0,66.14,11.83,84.41,74.0,7.46
D042,Veda Motors 42,South,Neelapur,2026-04-01,110.0,125.0,22.38,3.96,18.12,0.0,60.94,24.72,84.85,73.84,9.03
D042,Veda Motors 42,South,Neelapur,2026-05-01,154.0,139.0,20.71,8.09,11.43,0.0,66.13,11.41,86.27,66.72,5.45
D042,Veda Motors 42,South,Neelapur,2026-06-01,86.0,99.0,20.29,6.47,8.33,5.35,66.74,16.51,83.96,66.49,6.78
D042,Veda Motors 42,South,Neelapur,2026-07-01,125.0,126.0,20.15,5.26,8.38,0.0,79.73,15.57,85.41,79.85,5.93
D042,Veda Motors 42,South,Neelapur,2026-08-01,152.0,148.0,22.77,10.22,8.62,3.34,60.32,9.13,88.67,82.94,2.15
D042,Veda Motors 42,South,Neelapur,2026-09-01,68.0,76.0,20.56,5.84,11.49,5.02,56.61,20.37,81.3,72.0,6.88
D043,Uday Motors 43,East,Suryabad,2024-10-01,62.0,73.0,11.32,-0.76,23.28,21.3,99.24,30.11,74.16,54.51,13.98
D043,Uday Motors 43,East,Suryabad,2024-11-01,142.0,147.0,17.21,1.13,18.37,14.22,95.32,22.29,79.29,64.67,9.83
D043,Uday Motors 43,East,Suryabad,2024-12-01,93.0,84.0,19.61,2.01,22.65,15.25,96.26,24.29,79.12,62.6,8.79
D043,Uday Motors 43,East,Suryabad,2025-01-01,112.0,122.0,11.69,3.61,11.83,7.17,104.87,26.17,68.21,62.31,13.85
D043,Uday Motors 43,East,Suryabad,2025-02-01,78.0,91.0,14.91,0.34,11.73,5.73,96.0,25.39,73.39,55.26,10.24
D043,Uday Motors 43,East,Suryabad,2025-03-01,74.0,85.0,19.29,3.53,9.98,3.87,80.29,18.42,81.2,68.04,12.06
D043,Uday Motors 43,East,Suryabad,2025-04-01,147.0,149.0,20.19,4.28,9.94,3.37,79.67,20.99,79.39,67.13,11.29
D043,Uday Motors 43,East,Suryabad,2025-05-01,107.0,155.0,14.13,4.28,12.9,4.52,91.94,21.99,75.49,58.9,10.86
D043,Uday Motors 43,East,Suryabad,2025-06-01,118.0,169.0,13.63,5.46,18.39,8.57,102.21,22.22,76.44,58.25,8.36
D043,Uday Motors 43,East,Suryabad,2025-07-01,82.0,115.0,15.42,2.07,14.68,11.8,94.63,28.75,76.35,60.99,9.85
D043,Uday Motors 43,East,Suryabad,2025-08-01,148.0,164.0,13.34,2.47,16.29,10.12,74.49,24.7,80.21,62.3,7.99
D043,Uday Motors 43,East,Suryabad,2025-09-01,122.0,140.0,17.66,2.88,12.31,14.59,75.28,21.72,74.79,65.83,9.83
D043,Uday Motors 43,East,Suryabad,2025-10-01,108.0,118.0,15.29,2.55,13.71,16.32,98.49,28.66,74.11,58.39,13.74
D043,Uday Motors 43,East,Suryabad,2025-11-01,104.0,113.0,16.34,2.01,7.02,13.11,65.6,31.01,76.51,71.68,10.1
D043,Uday Motors 43,East,Suryabad,2025-12-01,186.0,173.0,17.34,2.47,7.74,7.75,72.89,28.2,81.43,62.44,9.83
D043,Uday Motors 43,East,Suryabad,2026-01-01,109.0,108.0,17.27,4.45,6.73,12.29,84.17,26.77,80.91,65.57,7.75
D043,Uday Motors 43,East,Suryabad,2026-02-01,127.0,159.0,16.48,4.2,7.55,5.69,78.44,24.94,71.35,68.12,10.44
D043,Uday Motors 43,East,Suryabad,2026-03-01,91.0,115.0,15.64,3.8,12.5,3.54,78.72,24.14,71.09,62.18,11.36
D043,Uday Motors 43,East,Suryabad,2026-04-01,52.0,80.0,18.74,3.42,7.93,0.0,69.14,16.13,79.8,63.75,8.46
D043,Uday Motors 43,East,Suryabad,2026-05-01,93.0,150.0,15.67,4.1,11.75,2.53,98.1,17.66,75.24,58.77,10.75
D043,Uday Motors 43,East,Suryabad,2026-06-01,141.0,172.0,13.6,4.47,7.94,4.73,84.58,19.63,77.74,57.95,8.8
D043,Uday Motors 43,East,Suryabad,2026-07-01,139.0,147.0,17.09,4.25,10.21,4.0,67.74,21.02,77.24,68.77,9.9
D043,Uday Motors 43,East,Suryabad,2026-08-01,84.0,102.0,12.8,3.64,10.39,2.65,81.61,18.81,74.98,58.77,10.11
D043,Uday Motors 43,East,Suryabad,2026-09-01,91.0,104.0,13.61,3.07,11.22,10.86,82.61,21.75,76.77,66.8,10.8
D044,Nila Motors 44,West,Kiranpur,2024-10-01,163.0,152.0,20.14,7.01,5.17,24.64,73.41,20.88,84.23,69.21,9.06
D044,Nila Motors 44,West,Kiranpur,2024-11-01,117.0,133.0,20.45,4.42,6.49,21.86,68.05,14.91,81.73,68.05,7.05
D044,Nila Motors 44,West,Kiranpur,2024-12-01,114.0,122.0,19.55,8.06,5.24,15.44,49.78,17.76,83.92,74.96,8.19
D044,Nila Motors 44,West,Kiranpur,2025-01-01,105.0,111.0,20.6,7.35,16.63,13.88,78.3,14.23,82.39,68.12,5.91
D044,Nila Motors 44,West,Kiranpur,2025-02-01,66.0,76.0,22.9,5.02,9.3,5.31,59.4,11.96,88.17,76.12,5.52
D044,Nila Motors 44,West,Kiranpur,2025-03-01,97.0,103.0,20.28,5.35,7.65,0.0,85.03,15.47,81.23,75.41,6.28
D044,Nila Motors 44,West,Kiranpur,2025-04-01,170.0,176.0,19.03,6.16,11.53,2.0,72.73,24.43,83.64,72.49,9.94
D044,Nila Motors 44,West,Kiranpur,2025-05-01,148.0,163.0,15.43,6.92,6.5,0.0,94.16,21.72,81.01,71.29,9.72
D044,Nila Motors 44,West,Kiranpur,2025-06-01,76.0,80.0,15.83,7.15,3.65,0.0,75.83,21.31,83.13,65.5,5.11
D044,Nila Motors 44,West,Kiranpur,2025-07-01,171.0,166.0,18.59,8.85,6.56,10.18,71.84,3.76,82.9,67.6,7.45
D044,Nila Motors 44,West,Kiranpur,2025-08-01,95.0,92.0,21.6,8.02,0.0,8.97,61.69,12.52,86.62,74.65,7.08
D044,Nila Motors 44,West,Kiranpur,2025-09-01,89.0,81.0,22.5,9.19,0.0,6.69,70.74,13.94,85.63,70.25,7.87
D044,Nila Motors 44,West,Kiranpur,2025-10-01,156.0,163.0,22.38,4.87,7.68,15.63,75.65,20.81,84.26,65.19,8.62
D044,Nila Motors 44,West,Kiranpur,2025-11-01,103.0,97.0,22.87,7.41,3.95,0.0,50.08,13.54,86.57,80.76,7.61
D044,Nila Motors 44,West,Kiranpur,2025-12-01,93.0,97.0,21.36,7.53,4.36,1.01,50.34,11.13,82.82,68.64,9.07
D044,Nila Motors 44,West,Kiranpur,2026-01-01,152.0,138.0,20.03,8.04,1.11,0.0,71.74,14.62,83.57,67.77,5.54
D044,Nila Motors 44,West,Kiranpur,2026-02-01,135.0,176.0,16.62,6.0,3.48,0.0,71.58,21.75,83.28,73.4,6.63
D044,Nila Motors 44,West,Kiranpur,2026-03-01,124.0,133.0,19.97,7.64,9.82,4.62,82.18,15.55,81.28,66.68,5.98
D044,Nila Motors 44,West,Kiranpur,2026-04-01,131.0,145.0,19.09,7.82,4.31,3.7,64.95,14.31,88.6,78.56,6.74
D044,Nila Motors 44,West,Kiranpur,2026-05-01,62.0,80.0,24.62,5.4,5.71,0.84,59.66,11.61,85.16,70.18,8.53
D044,Nila Motors 44,West,Kiranpur,2026-06-01,173.0,178.0,18.77,6.13,7.65,0.0,69.05,10.68,86.55,67.72,9.09
D044,Nila Motors 44,West,Kiranpur,2026-07-01,147.0,165.0,21.79,7.37,1.05,0.0,52.37,15.59,85.93,72.65,7.24
D044,Nila Motors 44,West,Kiranpur,2026-08-01,166.0,179.0,18.83,3.69,8.88,0.0,74.61,14.04,77.88,64.02,8.67
D044,Nila Motors 44,West,Kiranpur,2026-09-01,115.0,105.0,21.35,7.02,1.23,0.0,55.76,14.69,86.75,77.82,7.21
D045,Aruna Motors 45,Central,Taravan,2024-10-01,114.0,102.0,19.34,2.25,22.69,18.11,71.4,25.13,87.38,74.45,6.86
D045,Aruna Motors 45,Central,Taravan,2024-11-01,115.0,137.0,20.87,2.21,14.71,19.25,71.13,20.81,89.15,70.99,9.07
D045,Aruna Motors 45,Central,Taravan,2024-12-01,137.0,129.0,19.88,4.7,16.76,18.98,72.79,23.74,91.21,65.23,4.65
D045,Aruna Motors 45,Central,Taravan,2025-01-01,138.0,157.0,19.22,3.86,9.79,12.77,65.28,21.0,85.36,68.04,6.98
D045,Aruna Motors 45,Central,Taravan,2025-02-01,127.0,165.0,16.31,1.9,14.77,13.07,70.79,23.04,80.17,75.96,5.96
D045,Aruna Motors 45,Central,Taravan,2025-03-01,171.0,179.0,23.91,4.5,18.78,15.58,54.4,14.04,91.15,77.93,6.97
D045,Aruna Motors 45,Central,Taravan,2025-04-01,67.0,75.0,29.11,6.85,3.25,4.75,67.71,9.97,92.92,79.82,4.17
D045,Aruna Motors 45,Central,Taravan,2025-05-01,151.0,165.0,25.26,6.05,9.94,12.01,65.38,8.66,83.41,79.42,1.81
D045,Aruna Motors 45,Central,Taravan,2025-06-01,134.0,156.0,20.26,4.97,5.46,14.3,75.6,15.67,86.29,74.54,6.96
D045,Aruna Motors 45,Central,Taravan,2025-07-01,120.0,143.0,17.49,6.22,13.77,18.62,69.9,17.02,77.72,72.97,9.52
D045,Aruna Motors 45,Central,Taravan,2025-08-01,148.0,131.0,24.53,4.48,10.39,16.83,56.9,16.85,89.58,69.33,5.9
D045,Aruna Motors 45,Central,Taravan,2025-09-01,197.0,167.0,23.27,6.25,12.92,16.35,80.06,18.29,87.47,76.17,6.49
D045,Aruna Motors 45,Central,Taravan,2025-10-01,145.0,133.0,19.22,4.63,11.57,13.98,69.02,17.31,83.3,79.72,7.94
D045,Aruna Motors 45,Central,Taravan,2025-11-01,187.0,162.0,23.19,6.04,11.98,10.77,44.38,14.09,88.99,77.76,5.25
D045,Aruna Motors 45,Central,Taravan,2025-12-01,109.0,108.0,22.72,6.42,11.74,11.99,58.52,8.63,93.41,81.53,3.67
D045,Aruna Motors 45,Central,Taravan,2026-01-01,96.0,82.0,23.79,7.13,10.58,10.51,55.33,4.86,90.99,76.1,6.24
D045,Aruna Motors 45,Central,Taravan,2026-02-01,151.0,143.0,22.54,8.24,6.81,9.26,60.36,8.89,89.71,72.95,5.13
D045,Aruna Motors 45,Central,Taravan,2026-03-01,112.0,142.0,22.35,3.88,11.57,12.9,82.46,15.13,88.92,72.07,9.25
D045,Aruna Motors 45,Central,Taravan,2026-04-01,141.0,150.0,20.49,7.9,7.49,8.33,67.01,23.86,83.62,76.36,7.93
D045,Aruna Motors 45,Central,Taravan,2026-05-01,97.0,109.0,21.86,5.85,6.4,2.04,71.63,13.49,85.64,69.96,6.15
D045,Aruna Motors 45,Central,Taravan,2026-06-01,75.0,91.0,25.89,7.4,4.23,1.87,73.53,4.84,85.0,70.73,6.88
D045,Aruna Motors 45,Central,Taravan,2026-07-01,154.0,146.0,23.27,8.09,4.92,5.14,76.75,12.41,85.71,67.3,3.79
D045,Aruna Motors 45,Central,Taravan,2026-08-01,77.0,80.0,19.68,8.07,8.99,4.72,54.82,14.51,79.43,66.42,5.92
D045,Aruna Motors 45,Central,Taravan,2026-09-01,189.0,173.0,23.79,7.96,9.62,13.23,50.78,10.28,87.98,79.08,7.02
D046,Tara Motors 46,North,Aarav Nagar,2024-10-01,135.0,118.0,22.88,3.06,22.02,22.24,74.62,13.07,79.34,69.54,5.54
D046,Tara Motors 46,North,Aarav Nagar,2024-11-01,116.0,115.0,23.75,2.53,18.46,19.3,71.42,23.76,87.39,71.81,4.38
D046,Tara Motors 46,North,Aarav Nagar,2024-12-01,114.0,105.0,19.92,2.03,14.64,21.31,89.72,24.25,85.35,64.51,6.96
D046,Tara Motors 46,North,Aarav Nagar,2025-01-01,159.0,172.0,18.55,2.07,15.02,19.7,86.65,16.16,82.11,72.79,8.17
D046,Tara Motors 46,North,Aarav Nagar,2025-02-01,133.0,155.0,15.74,2.47,12.72,6.74,76.6,26.88,87.01,68.12,9.82
D046,Tara Motors 46,North,Aarav Nagar,2025-03-01,111.0,111.0,18.67,5.13,16.32,0.0,67.31,20.94,90.19,76.79,6.58
D046,Tara Motors 46,North,Aarav Nagar,2025-04-01,95.0,104.0,15.85,3.75,13.77,4.92,82.8,22.61,84.59,71.09,7.36
D046,Tara Motors 46,North,Aarav Nagar,2025-05-01,98.0,119.0,23.82,2.45,12.74,3.33,78.99,20.74,79.75,63.52,5.75
D046,Tara Motors 46,North,Aarav Nagar,2025-06-01,81.0,88.0,22.74,6.86,13.32,4.01,59.93,12.74,87.04,81.27,5.25
D046,Tara Motors 46,North,Aarav Nagar,2025-07-01,154.0,162.0,17.84,4.0,11.72,0.0,87.91,18.56,81.47,63.76,11.05
D046,Tara Motors 46,North,Aarav Nagar,2025-08-01,116.0,132.0,16.13,5.52,13.07,7.44,75.66,14.19,80.46,74.13,10.21
D046,Tara Motors 46,North,Aarav Nagar,2025-09-01,107.0,111.0,23.06,3.08,17.46,16.09,78.88,21.08,85.33,68.62,8.24
D046,Tara Motors 46,North,Aarav Nagar,2025-10-01,116.0,104.0,21.23,4.56,15.8,22.91,65.98,20.49,87.04,76.41,5.95
D046,Tara Motors 46,North,Aarav Nagar,2025-11-01,143.0,124.0,24.6,5.1,15.14,18.62,73.27,18.68,92.31,78.46,5.29
D046,Tara Motors 46,North,Aarav Nagar,2025-12-01,101.0,80.0,23.94,5.54,9.47,15.09,52.04,12.45,87.67,73.67,5.78
D046,Tara Motors 46,North,Aarav Nagar,2026-01-01,76.0,76.0,21.82,6.71,9.94,12.0,79.16,20.35,91.81,83.02,4.72
D046,Tara Motors 46,North,Aarav Nagar,2026-02-01,101.0,108.0,16.64,3.66,7.32,1.1,79.72,25.05,75.79,61.39,10.85
D046,Tara Motors 46,North,Aarav Nagar,2026-03-01,104.0,125.0,20.55,5.06,8.58,3.01,87.51,26.7,80.4,74.73,4.38
D046,Tara Motors 46,North,Aarav Nagar,2026-04-01,156.0,169.0,20.08,5.83,14.65,0.59,70.24,23.94,84.34,78.72,4.22
D046,Tara Motors 46,North,Aarav Nagar,2026-05-01,113.0,130.0,15.64,4.29,5.29,0.0,84.65,20.9,81.16,66.31,9.12
D046,Tara Motors 46,North,Aarav Nagar,2026-06-01,109.0,120.0,18.86,5.19,5.62,0.0,86.34,24.08,80.9,68.28,8.74
D046,Tara Motors 46,North,Aarav Nagar,2026-07-01,169.0,168.0,18.18,6.08,8.43,0.0,66.88,16.76,82.9,74.23,6.93
D046,Tara Motors 46,North,Aarav Nagar,2026-08-01,113.0,109.0,22.16,4.65,11.3,0.0,61.48,21.17,84.51,68.89,3.22
D046,Tara Motors 46,North,Aarav Nagar,2026-09-01,124.0,117.0,22.67,3.78,17.19,1.36,56.45,17.87,84.51,68.81,7.32
D047,Veda Motors 47,South,Neelapur,2024-10-01,102.0,101.0,25.42,7.51,6.76,11.23,67.15,13.75,93.1,68.78,5.82
D047,Veda Motors 47,South,Neelapur,2024-11-01,70.0,70.0,20.92,8.08,9.43,6.73,69.26,13.52,88.76,76.09,5.02
D047,Veda Motors 47,South,Neelapur,2024-12-01,206.0,169.0,25.08,7.87,10.5,12.16,60.02,16.48,93.59,76.88,5.73
D047,Veda Motors 47,South,Neelapur,2025-01-01,152.0,148.0,24.8,8.94,0.0,9.56,49.82,7.61,95.1,88.3,4.89
D047,Veda Motors 47,South,Neelapur,2025-02-01,126.0,134.0,22.06,7.71,7.72,9.95,63.32,19.0,89.86,77.36,5.25
D047,Veda Motors 47,South,Neelapur,2025-03-01,78.0,100.0,20.5,9.56,5.69,8.12,59.62,13.57,81.12,75.73,7.97
D047,Veda Motors 47,South,Neelapur,2025-04-01,150.0,155.0,20.94,11.72,0.0,0.0,56.15,4.72,86.18,75.65,6.07
D047,Veda Motors 47,South,Neelapur,2025-05-01,184.0,176.0,26.74,10.35,2.83,5.39,51.51,6.55,92.3,86.14,7.02
D047,Veda Motors 47,South,Neelapur,2025-06-01,176.0,167.0,25.08,8.9,5.26,7.15,57.38,4.71,91.11,79.34,6.25
D047,Veda Motors 47,South,Neelapur,2025-07-01,81.0,80.0,25.82,10.1,3.61,8.73,51.87,11.4,89.67,90.35,5.29
D047,Veda Motors 47,South,Neelapur,2025-08-01,75.0,85.0,20.31,8.73,0.0,6.46,48.25,13.88,86.09,71.53,5.4
D047,Veda Motors 47,South,Neelapur,2025-09-01,165.0,169.0,22.61,7.21,3.21,10.99,44.31,14.67,86.13,71.18,4.94
D047,Veda Motors 47,South,Neelapur,2025-10-01,124.0,108.0,23.75,8.66,6.46,16.13,55.37,16.05,86.94,77.97,6.77
D047,Veda Motors 47,South,Neelapur,2025-11-01,145.0,151.0,28.53,8.66,3.78,16.0,54.03,6.1,89.38,75.04,2.56
D047,Veda Motors 47,South,Neelapur,2025-12-01,194.0,175.0,22.95,7.91,2.21,12.28,61.12,11.59,87.9,78.77,9.32
D047,Veda Motors 47,South,Neelapur,2026-01-01,107.0,107.0,17.52,6.09,7.11,10.84,57.36,7.44,80.86,72.68,5.96
D047,Veda Motors 47,South,Neelapur,2026-02-01,142.0,129.0,23.61,9.02,6.39,7.96,57.08,12.76,88.46,78.79,5.35
D047,Veda Motors 47,South,Neelapur,2026-03-01,97.0,93.0,20.54,9.5,3.48,6.25,57.16,11.78,87.12,73.44,6.37
D047,Veda Motors 47,South,Neelapur,2026-04-01,153.0,156.0,27.81,10.04,2.06,0.44,47.53,10.48,89.24,77.06,5.56
D047,Veda Motors 47,South,Neelapur,2026-05-01,152.0,156.0,23.8,9.78,0.0,0.0,33.87,3.99,91.42,66.14,3.34
D047,Veda Motors 47,South,Neelapur,2026-06-01,146.0,161.0,22.97,8.2,1.91,0.0,74.12,14.51,85.62,71.28,6.44
D047,Veda Motors 47,South,Neelapur,2026-07-01,134.0,143.0,28.08,10.29,0.0,0.0,55.91,4.42,92.01,78.75,3.86
D047,Veda Motors 47,South,Neelapur,2026-08-01,102.0,99.0,25.93,8.69,8.37,1.98,56.89,5.17,89.8,79.86,3.54
D047,Veda Motors 47,South,Neelapur,2026-09-01,94.0,80.0,27.33,8.93,6.73,8.65,52.88,10.02,90.43,79.04,3.28
D048,Uday Motors 48,East,Suryabad,2024-10-01,165.0,143.0,22.15,4.69,13.65,11.62,44.19,12.46,89.29,78.17,5.1
D048,Uday Motors 48,East,Suryabad,2024-11-01,93.0,103.0,28.83,6.13,15.24,15.83,43.42,13.98,96.68,80.83,2.91
D048,Uday Motors 48,East,Suryabad,2024-12-01,142.0,121.0,20.89,6.06,9.61,5.57,54.21,12.24,91.89,74.16,5.39
D048,Uday Motors 48,East,Suryabad,2025-01-01,172.0,156.0,24.11,4.81,15.07,3.08,70.24,9.94,85.59,77.95,3.12
D048,Uday Motors 48,East,Suryabad,2025-02-01,160.0,150.0,28.25,7.69,8.83,6.79,61.41,7.09,89.05,76.01,4.56
D048,Uday Motors 48,East,Suryabad,2025-03-01,150.0,177.0,19.67,9.8,11.19,11.9,62.04,13.13,86.08,75.62,7.3
D048,Uday Motors 48,East,Suryabad,2025-04-01,164.0,170.0,28.84,7.61,3.98,1.76,59.31,11.48,87.21,81.25,6.22
D048,Uday Motors 48,East,Suryabad,2025-05-01,72.0,87.0,23.76,8.42,3.16,1.44,76.82,13.71,84.37,70.93,3.46
D048,Uday Motors 48,East,Suryabad,2025-06-01,160.0,159.0,23.51,8.76,6.62,0.0,53.48,14.96,92.98,87.82,1.09
D048,Uday Motors 48,East,Suryabad,2025-07-01,115.0,97.0,26.55,10.32,8.42,1.11,41.59,2.82,96.3,85.51,4.43
D048,Uday Motors 48,East,Suryabad,2025-08-01,162.0,162.0,25.38,9.62,6.19,0.56,65.21,12.79,89.7,79.22,4.97
D048,Uday Motors 48,East,Suryabad,2025-09-01,106.0,94.0,24.69,6.52,6.97,0.6,58.22,16.34,86.76,71.91,7.26
D048,Uday Motors 48,East,Suryabad,2025-10-01,204.0,165.0,22.94,7.28,8.32,10.24,50.77,6.55,89.54,81.01,4.57
D048,Uday Motors 48,East,Suryabad,2025-11-01,154.0,136.0,20.67,7.55,13.41,12.06,62.7,2.28,94.58,66.76,5.89
D048,Uday Motors 48,East,Suryabad,2025-12-01,80.0,79.0,24.57,6.66,1.44,5.66,56.38,11.5,84.75,69.29,7.01
D048,Uday Motors 48,East,Suryabad,2026-01-01,171.0,152.0,22.73,9.31,8.02,11.54,49.33,3.64,92.07,78.73,4.25
D048,Uday Motors 48,East,Suryabad,2026-02-01,176.0,167.0,28.62,9.72,7.67,12.82,55.25,5.51,93.97,79.64,3.73
D048,Uday Motors 48,East,Suryabad,2026-03-01,133.0,128.0,23.86,8.64,1.55,5.14,41.52,4.44,86.55,73.25,5.76
D048,Uday Motors 48,East,Suryabad,2026-04-01,107.0,116.0,24.85,10.35,3.89,2.8,56.7,1.44,88.74,84.5,1.14
D048,Uday Motors 48,East,Suryabad,2026-05-01,127.0,131.0,29.48,10.6,4.25,1.18,55.88,4.99,93.18,79.08,3.59
D048,Uday Motors 48,East,Suryabad,2026-06-01,116.0,115.0,24.81,9.8,0.0,0.0,57.27,2.27,94.1,81.88,5.81
D048,Uday Motors 48,East,Suryabad,2026-07-01,140.0,119.0,23.65,7.68,11.77,7.57,67.86,13.78,88.84,77.48,6.61
D048,Uday Motors 48,East,Suryabad,2026-08-01,133.0,112.0,23.83,9.37,8.09,0.0,47.03,14.79,88.4,88.42,4.18
D048,Uday Motors 48,East,Suryabad,2026-09-01,80.0,77.0,19.04,3.98,17.01,7.85,59.78,11.77,84.97,64.56,5.72
D049,Nila Motors 49,West,Kiranpur,2024-10-01,107.0,126.0,14.52,4.09,9.13,8.81,85.27,18.41,71.03,58.66,14.29
D049,Nila Motors 49,West,Kiranpur,2024-11-01,114.0,129.0,13.38,5.0,8.52,15.67,90.92,27.11,74.66,62.36,14.12
D049,Nila Motors 49,West,Kiranpur,2024-12-01,112.0,112.0,22.77,3.71,11.66,15.9,66.75,21.84,79.79,68.4,6.59
D049,Nila Motors 49,West,Kiranpur,2025-01-01,171.0,163.0,16.05,3.89,11.14,16.63,83.25,32.07,76.76,59.44,13.08
D049,Nila Motors 49,West,Kiranpur,2025-02-01,91.0,139.0,14.57,3.71,12.01,13.45,92.09,26.39,71.12,61.81,13.48
D049,Nila Motors 49,West,Kiranpur,2025-03-01,108.0,121.0,19.82,3.93,8.25,5.13,86.47,21.84,74.48,63.05,11.09
D049,Nila Motors 49,West,Kiranpur,2025-04-01,72.0,97.0,16.73,5.35,17.01,5.79,94.51,23.41,73.02,63.24,8.87
D049,Nila Motors 49,West,Kiranpur,2025-05-01,111.0,157.0,17.95,5.54,11.39,3.16,82.73,23.3,76.69,65.3,10.92
D049,Nila Motors 49,West,Kiranpur,2025-06-01,74.0,114.0,14.29,4.83,6.86,10.48,80.22,28.08,72.11,59.47,9.81
D049,Nila Motors 49,West,Kiranpur,2025-07-01,141.0,175.0,17.27,3.5,13.92,4.01,72.44,17.2,79.08,60.2,11.89
D049,Nila Motors 49,West,Kiranpur,2025-08-01,70.0,74.0,14.38,4.64,11.48,0.09,95.5,30.23,76.65,55.67,13.3
D049,Nila Motors 49,West,Kiranpur,2025-09-01,129.0,166.0,15.84,2.74,12.59,6.88,83.17,26.07,69.7,55.26,11.94
D049,Nila Motors 49,West,Kiranpur,2025-10-01,175.0,172.0,18.0,3.73,7.84,8.68,90.3,21.28,74.01,66.3,11.01
D049,Nila Motors 49,West,Kiranpur,2025-11-01,131.0,164.0,18.98,3.59,4.49,6.66,83.87,24.28,73.62,55.64,9.32
D049,Nila Motors 49,West,Kiranpur,2025-12-01,87.0,88.0,16.28,3.63,13.96,13.61,89.46,17.53,76.69,65.98,12.79
D049,Nila Motors 49,West,Kiranpur,2026-01-01,158.0,167.0,20.27,5.44,5.42,11.13,80.17,24.45,79.0,63.81,6.9
D049,Nila Motors 49,West,Kiranpur,2026-02-01,117.0,139.0,15.54,3.71,4.96,7.81,94.89,23.12,73.0,51.53,11.92
D049,Nila Motors 49,West,Kiranpur,2026-03-01,66.0,72.0,16.88,3.08,9.84,19.03,95.04,29.35,75.67,66.88,11.07
D049,Nila Motors 49,West,Kiranpur,2026-04-01,123.0,169.0,20.63,1.48,15.24,21.18,79.55,27.93,72.28,62.05,8.95
D049,Nila Motors 49,West,Kiranpur,2026-05-01,103.0,136.0,21.3,0.38,16.94,16.53,85.49,22.31,77.55,61.18,7.36
D049,Nila Motors 49,West,Kiranpur,2026-06-01,76.0,94.0,12.15,0.54,18.45,20.26,102.19,24.96,76.26,55.73,10.36
D049,Nila Motors 49,West,Kiranpur,2026-07-01,63.0,85.0,14.25,1.22,19.22,19.81,94.76,30.25,77.35,58.3,8.11
D049,Nila Motors 49,West,Kiranpur,2026-08-01,106.0,123.0,18.86,0.54,19.43,32.07,112.58,27.53,73.66,61.3,11.94
D049,Nila Motors 49,West,Kiranpur,2026-09-01,146.0,174.0,14.11,1.06,14.72,24.45,79.06,29.55,75.68,57.21,11.12
D050,Aruna Motors 50,Central,Taravan,2024-10-01,116.0,92.0,26.11,8.32,5.73,6.36,58.56,13.4,89.34,73.66,2.44
D050,Aruna Motors 50,Central,Taravan,2024-11-01,103.0,94.0,22.71,6.99,7.39,7.35,42.71,15.81,89.15,87.74,3.24
D050,Aruna Motors 50,Central,Taravan,2024-12-01,112.0,102.0,24.75,7.87,9.45,6.68,33.95,18.02,93.6,84.02,2.12
D050,Aruna Motors 50,Central,Taravan,2025-01-01,150.0,141.0,25.61,7.5,10.33,9.01,55.86,12.73,88.98,81.98,5.44
D050,Aruna Motors 50,Central,Taravan,2025-02-01,99.0,94.0,23.04,8.34,10.0,8.8,71.61,8.82,91.97,70.67,6.09
D050,Aruna Motors 50,Central,Taravan,2025-03-01,96.0,98.0,20.84,7.01,7.91,6.28,56.66,12.57,85.57,77.53,7.44
D050,Aruna Motors 50,Central,Taravan,2025-04-01,137.0,161.0,22.58,9.05,8.39,2.62,65.97,13.78,81.34,78.87,7.02
D050,Aruna Motors 50,Central,Taravan,2025-05-01,91.0,88.0,20.62,8.73,5.73,1.68,57.59,10.28,92.98,69.97,4.65
D050,Aruna Motors 50,Central,Taravan,2025-06-01,120.0,108.0,26.35,8.04,4.77,0.0,57.76,3.14,96.76,88.57,3.36
D050,Aruna Motors 50,Central,Taravan,2025-07-01,103.0,93.0,21.39,7.31,9.68,3.31,54.15,17.72,96.16,76.64,4.08
D050,Aruna Motors 50,Central,Taravan,2025-08-01,96.0,103.0,18.1,5.63,4.51,0.0,54.82,13.15,85.25,71.61,4.05
D050,Aruna Motors 50,Central,Taravan,2025-09-01,150.0,135.0,20.85,7.05,4.87,3.62,64.74,11.93,90.71,70.71,5.75
D050,Aruna Motors 50,Central,Taravan,2025-10-01,102.0,97.0,23.32,7.18,0.0,8.89,45.74,8.52,87.71,76.1,2.8
D050,Aruna Motors 50,Central,Taravan,2025-11-01,151.0,138.0,24.09,7.24,6.52,5.96,40.52,14.63,89.89,77.07,7.01
D050,Aruna Motors 50,Central,Taravan,2025-12-01,163.0,156.0,23.69,9.59,4.22,8.69,55.87,13.08,87.86,79.45,5.01
D050,Aruna Motors 50,Central,Taravan,2026-01-01,140.0,122.0,24.61,9.3,4.38,6.27,59.03,12.05,88.53,76.9,3.82
D050,Aruna Motors 50,Central,Taravan,2026-02-01,115.0,133.0,26.41,9.24,5.04,1.97,59.44,15.33,89.01,70.88,5.33
D050,Aruna Motors 50,Central,Taravan,2026-03-01,138.0,137.0,23.89,8.76,0.86,0.0,53.68,0.0,89.33,72.42,3.23
D050,Aruna Motors 50,Central,Taravan,2026-04-01,122.0,110.0,26.29,11.09,0.0,1.17,38.19,5.86,94.59,86.91,2.61
D050,Aruna Motors 50,Central,Taravan,2026-05-01,147.0,152.0,22.93,9.69,3.38,0.0,53.13,10.76,93.94,82.11,2.92
D050,Aruna Motors 50,Central,Taravan,2026-06-01,134.0,124.0,26.08,10.79,5.16,0.0,53.55,6.15,95.85,78.45,2.55
D050,Aruna Motors 50,Central,Taravan,2026-07-01,181.0,174.0,25.72,11.44,0.0,2.74,45.64,2.88,86.33,85.43,2.82
D050,Aruna Motors 50,Central,Taravan,2026-08-01,94.0,91.0,25.8,10.44,3.43,5.73,43.52,2.34,93.27,79.4,3.65
D050,Aruna Motors 50,Central,Taravan,2026-09-01,188.0,160.0,27.97,9.82,7.9,8.63,44.83,2.69,89.73,81.48,5.98
D051,Tara Motors 51,North,Aarav Nagar,2024-10-01,84.0,97.0,15.12,1.68,8.86,11.75,92.86,23.12,71.77,58.94,11.14
D051,Tara Motors 51,North,Aarav Nagar,2024-11-01,137.0,168.0,10.84,1.67,15.6,12.64,105.92,26.59,71.44,56.08,16.36
D051,Tara Motors 51,North,Aarav Nagar,2024-12-01,90.0,114.0,14.13,2.81,10.34,5.02,92.13,29.35,66.67,54.76,14.05
D051,Tara Motors 51,North,Aarav Nagar,2025-01-01,76.0,95.0,11.17,2.05,14.02,11.31,91.84,30.89,70.37,57.08,11.63
D051,Tara Motors 51,North,Aarav Nagar,2025-02-01,84.0,112.0,11.0,2.34,19.58,9.43,80.5,24.08,74.57,56.26,13.24
D051,Tara Motors 51,North,Aarav Nagar,2025-03-01,70.0,129.0,10.23,2.01,16.72,10.6,113.52,32.12,61.95,49.45,15.43
D051,Tara Motors 51,North,Aarav Nagar,2025-04-01,111.0,148.0,14.92,2.59,16.63,6.29,99.1,28.81,74.27,59.88,10.6
D051,Tara Motors 51,North,Aarav Nagar,2025-05-01,84.0,109.0,7.37,-2.04,21.81,14.14,114.37,29.93,67.59,49.27,14.1
D051,Tara Motors 51,North,Aarav Nagar,2025-06-01,74.0,103.0,11.05,-1.7,24.06,23.15,98.54,35.72,66.69,44.67,12.75
D051,Tara Motors 51,North,Aarav Nagar,2025-07-01,105.0,123.0,13.43,-1.46,14.33,16.58,101.72,30.09,70.23,54.54,15.61
D051,Tara Motors 51,North,Aarav Nagar,2025-08-01,73.0,88.0,12.16,1.16,14.19,17.33,84.74,33.3,71.65,58.06,12.25
D051,Tara Motors 51,North,Aarav Nagar,2025-09-01,78.0,92.0,13.04,0.6,17.83,14.46,108.11,27.99,69.03,51.32,12.26
D051,Tara Motors 51,North,Aarav Nagar,2025-10-01,68.0,85.0,11.26,0.58,14.99,22.95,95.99,34.52,70.56,42.62,15.97
D051,Tara Motors 51,North,Aarav Nagar,2025-11-01,79.0,85.0,13.72,1.56,10.05,11.49,85.74,26.04,70.42,54.54,13.95
D051,Tara Motors 51,North,Aarav Nagar,2025-12-01,67.0,93.0,10.76,1.88,8.11,12.39,101.9,26.84,65.01,39.66,16.34
D051,Tara Motors 51,North,Aarav Nagar,2026-01-01,133.0,160.0,12.4,1.78,9.22,14.41,87.75,29.55,66.49,57.46,14.08
D051,Tara Motors 51,North,Aarav Nagar,2026-02-01,97.0,137.0,11.8,-0.45,6.08,13.65,99.44,33.46,66.09,55.02,14.0
D051,Tara Motors 51,North,Aarav Nagar,2026-03-01,102.0,153.0,14.56,2.4,15.91,13.27,102.25,23.03,78.15,53.38,8.97
D051,Tara Motors 51,North,Aarav Nagar,2026-04-01,49.0,77.0,9.31,1.7,8.31,8.81,110.69,26.16,68.91,46.62,17.6
D051,Tara Motors 51,North,Aarav Nagar,2026-05-01,107.0,164.0,11.83,1.15,16.62,5.84,96.68,19.86,66.75,57.59,12.45
D051,Tara Motors 51,North,Aarav Nagar,2026-06-01,89.0,140.0,13.62,0.14,13.9,8.25,112.51,34.19,68.14,50.0,15.88
D051,Tara Motors 51,North,Aarav Nagar,2026-07-01,77.0,89.0,13.7,0.91,14.54,13.82,103.19,29.35,74.07,59.18,13.54
D051,Tara Motors 51,North,Aarav Nagar,2026-08-01,141.0,158.0,16.38,2.06,20.27,9.4,90.32,27.56,71.8,55.12,8.96
D051,Tara Motors 51,North,Aarav Nagar,2026-09-01,61.0,83.0,15.79,1.24,9.26,10.09,92.18,24.47,70.72,57.28,13.14
D052,Veda Motors 52,South,Neelapur,2024-10-01,89.0,98.0,16.17,-2.8,18.86,12.69,106.77,32.6,65.9,52.3,15.99
D052,Veda Motors 52,South,Neelapur,2024-11-01,91.0,117.0,12.85,-3.4,22.83,14.98,119.41,39.15,65.09,44.73,16.84
D052,Veda Motors 52,South,Neelapur,2024-12-01,104.0,175.0,8.17,-4.06,25.8,20.55,104.74,33.63,64.06,52.04,15.46
D052,Veda Motors 52,South,Neelapur,2025-01-01,129.0,166.0,10.26,-2.45,19.24,11.51,105.11,42.92,70.63,51.27,11.36
D052,Veda Motors 52,South,Neelapur,2025-02-01,59.0,89.0,13.34,-2.54,22.26,9.79,108.23,31.98,60.09,39.15,15.56
D052,Veda Motors 52,South,Neelapur,2025-03-01,132.0,158.0,15.92,-0.5,18.76,11.58,115.59,39.68,61.77,56.76,13.01
D052,Veda Motors 52,South,Neelapur,2025-04-01,105.0,173.0,11.79,-1.32,19.77,0.0,109.65,38.47,68.64,51.96,15.4
D052,Veda Motors 52,South,Neelapur,2025-05-01,137.0,179.0,12.59,-2.14,19.24,0.0,101.24,35.64,67.09,57.34,11.17
D052,Veda Motors 52,South,Neelapur,2025-06-01,88.0,153.0,7.7,-2.56,18.03,3.74,115.79,38.44,65.75,50.43,16.1
D052,Veda Motors 52,South,Neelapur,2025-07-01,114.0,162.0,14.44,-3.25,18.6,13.6,112.57,34.48,64.57,45.15,15.19
D052,Veda Motors 52,South,Neelapur,2025-08-01,120.0,173.0,8.6,-0.9,19.76,2.71,96.33,28.55,63.03,47.17,14.24
D052,Veda Motors 52,South,Neelapur,2025-09-01,117.0,145.0,12.91,-0.79,14.46,6.67,94.31,27.88,68.0,52.57,11.38
D052,Veda Motors 52,South,Neelapur,2025-10-01,103.0,145.0,12.79,-0.72,19.19,11.59,98.41,31.92,72.63,43.37,16.07
D052,Veda Motors 52,South,Neelapur,2025-11-01,127.0,132.0,13.11,-0.87,16.91,21.25,90.81,27.42,74.32,51.71,12.48
D052,Veda Motors 52,South,Neelapur,2025-12-01,113.0,156.0,11.6,-1.55,20.03,17.67,109.33,36.03,65.56,42.88,16.94
D052,Veda Motors 52,South,Neelapur,2026-01-01,129.0,177.0,10.25,-0.38,20.6,3.17,86.05,36.59,68.64,61.95,11.93
D052,Veda Motors 52,South,Neelapur,2026-02-01,91.0,122.0,13.33,-1.5,17.29,3.27,96.05,27.87,67.18,50.1,14.44
D052,Veda Motors 52,South,Neelapur,2026-03-01,62.0,96.0,15.47,1.49,16.17,16.99,94.81,27.05,67.25,59.93,13.51
D052,Veda Motors 52,South,Neelapur,2026-04-01,99.0,153.0,14.82,-0.15,18.81,12.81,112.46,30.29,62.65,42.24,16.21
D052,Veda Motors 52,South,Neelapur,2026-05-01,69.0,103.0,8.6,-1.11,17.83,10.65,122.69,32.47,67.7,55.0,15.02
D052,Veda Motors 52,South,Neelapur,2026-06-01,97.0,126.0,12.49,-1.86,15.76,11.83,120.22,29.52,71.04,53.75,14.79
D052,Veda Motors 52,South,Neelapur,2026-07-01,98.0,154.0,8.3,0.66,15.53,16.41,104.74,34.31,69.29,39.37,16.49
D052,Veda Motors 52,South,Neelapur,2026-08-01,49.0,74.0,8.8,-2.06,18.94,17.77,114.0,38.2,64.52,41.29,14.63
D052,Veda Motors 52,South,Neelapur,2026-09-01,124.0,164.0,11.88,0.74,12.08,22.38,96.6,37.74,73.84,60.68,13.67
D053,Uday Motors 53,East,Suryabad,2024-10-01,132.0,173.0,12.97,-1.22,15.9,18.7,84.51,30.42,69.96,54.93,13.46
D053,Uday Motors 53,East,Suryabad,2024-11-01,138.0,156.0,13.25,-0.88,18.0,27.51,93.91,29.75,68.75,52.97,13.73
D053,Uday Motors 53,East,Suryabad,2024-12-01,131.0,149.0,14.84,-1.69,23.54,28.93,95.05,26.88,75.57,49.8,13.18
D053,Uday Motors 53,East,Suryabad,2025-01-01,80.0,93.0,14.47,-2.45,29.38,23.9,114.57,32.47,67.96,50.17,13.46
D053,Uday Motors 53,East,Suryabad,2025-02-01,77.0,118.0,9.4,-3.8,13.54,28.07,107.54,36.96,63.89,49.91,16.72
D053,Uday Motors 53,East,Suryabad,2025-03-01,89.0,138.0,14.79,-1.07,22.42,26.57,101.28,36.06,66.82,50.79,11.41
D053,Uday Motors 53,East,Suryabad,2025-04-01,94.0,140.0,14.87,-2.65,21.18,21.91,94.13,34.85,75.73,50.82,14.01
D053,Uday Motors 53,East,Suryabad,2025-05-01,92.0,157.0,12.48,-0.26,24.38,15.62,96.81,30.55,67.13,48.27,13.15
D053,Uday Motors 53,East,Suryabad,2025-06-01,87.0,126.0,15.74,1.08,15.72,14.2,99.88,30.74,71.66,55.39,12.79
D053,Uday Motors 53,East,Suryabad,2025-07-01,69.0,92.0,15.18,1.6,17.4,19.74,103.41,27.97,66.86,59.96,13.88
D053,Uday Motors 53,East,Suryabad,2025-08-01,66.0,118.0,17.51,1.56,17.45,19.85,83.56,27.69,75.05,62.27,11.52
D053,Uday Motors 53,East,Suryabad,2025-09-01,107.0,124.0,11.74,1.83,20.41,23.05,99.33,31.13,76.62,49.07,14.13
D053,Uday Motors 53,East,Suryabad,2025-10-01,123.0,167.0,14.58,-1.12,17.0,22.53,95.72,35.88,74.02,43.48,17.63
D053,Uday Motors 53,East,Suryabad,2025-11-01,146.0,175.0,13.86,-1.85,17.16,24.45,107.12,26.17,71.8,52.68,11.29
D053,Uday Motors 53,East,Suryabad,2025-12-01,83.0,103.0,15.93,1.21,17.7,25.38,87.12,24.83,76.87,59.24,10.19
D053,Uday Motors 53,East,Suryabad,2026-01-01,127.0,126.0,17.81,1.68,16.44,21.73,91.16,27.31,67.2,61.02,11.8
D053,Uday Motors 53,East,Suryabad,2026-02-01,104.0,148.0,9.38,0.61,13.79,18.89,89.6,30.71,70.77,50.37,15.92
D053,Uday Motors 53,East,Suryabad,2026-03-01,129.0,176.0,12.79,2.24,13.99,9.56,116.41,28.32,71.15,57.5,14.77
D053,Uday Motors 53,East,Suryabad,2026-04-01,80.0,107.0,17.19,2.69,13.58,14.36,110.59,25.72,71.12,55.75,9.92
D053,Uday Motors 53,East,Suryabad,2026-05-01,54.0,81.0,13.94,-1.05,15.82,10.45,102.29,24.62,71.22,54.44,14.95
D053,Uday Motors 53,East,Suryabad,2026-06-01,123.0,170.0,11.31,-0.18,16.83,7.08,105.46,36.39,66.38,49.83,14.57
D053,Uday Motors 53,East,Suryabad,2026-07-01,81.0,104.0,12.86,-1.0,12.83,3.22,89.53,38.1,63.9,59.01,11.48
D053,Uday Motors 53,East,Suryabad,2026-08-01,117.0,137.0,14.16,0.16,8.8,2.18,103.41,25.55,72.74,58.37,9.78
D053,Uday Motors 53,East,Suryabad,2026-09-01,91.0,123.0,10.61,1.34,14.44,10.79,96.24,28.43,73.69,53.99,12.61
D054,Nila Motors 54,West,Kiranpur,2024-10-01,146.0,143.0,25.37,3.05,23.75,24.21,70.01,26.32,83.68,71.87,10.46
D054,Nila Motors 54,West,Kiranpur,2024-11-01,129.0,117.0,19.92,3.92,12.51,22.48,75.51,18.17,86.49,71.22,6.34
D054,Nila Motors 54,West,Kiranpur,2024-12-01,145.0,140.0,21.59,5.44,14.61,26.48,67.88,20.57,77.81,66.15,6.69
D054,Nila Motors 54,West,Kiranpur,2025-01-01,85.0,91.0,20.73,4.24,11.17,17.33,74.01,17.11,84.54,66.74,7.73
D054,Nila Motors 54,West,Kiranpur,2025-02-01,184.0,179.0,22.11,3.55,8.57,19.67,64.16,15.05,92.12,80.97,4.66
D054,Nila Motors 54,West,Kiranpur,2025-03-01,95.0,100.0,25.04,5.26,14.0,14.87,53.04,20.43,86.99,74.69,2.96
D054,Nila Motors 54,West,Kiranpur,2025-04-01,108.0,117.0,23.02,4.52,10.38,9.74,77.67,25.12,85.52,70.47,10.64
D054,Nila Motors 54,West,Kiranpur,2025-05-01,86.0,82.0,24.56,2.79,14.93,6.21,70.13,14.04,87.34,69.54,2.97
D054,Nila Motors 54,West,Kiranpur,2025-06-01,82.0,80.0,22.59,6.33,16.71,13.3,59.34,15.21,86.8,70.48,3.4
D054,Nila Motors 54,West,Kiranpur,2025-07-01,140.0,143.0,21.35,5.34,11.0,18.12,80.89,18.21,81.65,77.22,4.18
D054,Nila Motors 54,West,Kiranpur,2025-08-01,76.0,87.0,17.0,4.69,16.04,14.73,92.02,14.81,76.18,60.56,10.7
D054,Nila Motors 54,West,Kiranpur,2025-09-01,130.0,124.0,19.76,5.73,11.33,9.45,56.04,18.8,84.78,74.36,6.24
D054,Nila Motors 54,West,Kiranpur,2025-10-01,137.0,131.0,23.68,6.6,9.77,11.25,66.79,8.55,86.89,73.83,8.12
D054,Nila Motors 54,West,Kiranpur,2025-11-01,151.0,147.0,19.52,7.23,10.31,8.38,66.68,18.33,79.84,69.56,7.62
D054,Nila Motors 54,West,Kiranpur,2025-12-01,195.0,178.0,23.98,5.58,11.34,11.65,61.13,21.21,85.23,64.22,8.04
D054,Nila Motors 54,West,Kiranpur,2026-01-01,106.0,89.0,19.78,8.01,5.76,12.81,57.89,20.91,83.67,70.51,5.39
D054,Nila Motors 54,West,Kiranpur,2026-02-01,73.0,78.0,20.93,7.52,7.27,14.07,63.32,27.22,82.55,69.96,6.79
D054,Nila Motors 54,West,Kiranpur,2026-03-01,140.0,145.0,23.2,7.09,9.05,10.56,73.77,20.46,80.97,81.28,6.37
D054,Nila Motors 54,West,Kiranpur,2026-04-01,179.0,172.0,19.81,7.09,6.95,12.46,79.07,23.93,88.68,70.1,8.01
D054,Nila Motors 54,West,Kiranpur,2026-05-01,88.0,101.0,24.59,8.47,5.84,13.83,69.57,18.05,81.47,72.32,9.24
D054,Nila Motors 54,West,Kiranpur,2026-06-01,105.0,149.0,22.2,7.3,0.0,9.11,67.36,12.4,85.69,71.69,5.02
D054,Nila Motors 54,West,Kiranpur,2026-07-01,76.0,82.0,19.28,5.82,3.14,9.68,78.33,18.13,79.91,57.16,7.33
D054,Nila Motors 54,West,Kiranpur,2026-08-01,70.0,75.0,22.74,6.19,2.42,9.88,49.25,12.06,80.65,75.77,7.96
D054,Nila Motors 54,West,Kiranpur,2026-09-01,172.0,172.0,23.36,10.4,4.36,26.01,56.28,10.02,87.47,83.42,7.67
D055,Aruna Motors 55,Central,Taravan,2024-10-01,183.0,178.0,23.9,7.57,11.4,4.88,64.92,28.24,86.66,69.07,6.01
D055,Aruna Motors 55,Central,Taravan,2024-11-01,109.0,91.0,22.92,7.39,10.18,10.89,48.39,6.03,84.54,79.06,5.74
D055,Aruna Motors 55,Central,Taravan,2024-12-01,104.0,104.0,19.04,5.7,4.13,7.61,66.09,23.77,83.71,69.52,8.94
D055,Aruna Motors 55,Central,Taravan,2025-01-01,108.0,107.0,22.75,8.43,5.58,9.29,70.57,9.93,88.9,74.72,7.7
D055,Aruna Motors 55,Central,Taravan,2025-02-01,123.0,137.0,23.71,8.11,4.34,9.71,61.24,15.5,86.24,64.85,7.72
D055,Aruna Motors 55,Central,Taravan,2025-03-01,124.0,126.0,23.38,9.54,1.02,3.97,53.03,3.84,89.72,76.74,8.03
D055,Aruna Motors 55,Central,Taravan,2025-04-01,147.0,161.0,21.64,8.76,3.91,0.55,64.74,11.39,80.91,78.51,8.81
D055,Aruna Motors 55,Central,Taravan,2025-05-01,147.0,149.0,21.84,7.8,2.54,0.0,60.44,11.7,85.14,76.51,6.23
D055,Aruna Motors 55,Central,Taravan,2025-06-01,91.0,103.0,23.27,6.44,10.22,3.64,67.82,15.18,82.09,75.9,6.93
D055,Aruna Motors 55,Central,Taravan,2025-07-01,140.0,145.0,21.12,7.62,1.34,2.04,61.19,11.98,85.19,73.31,8.54
D055,Aruna Motors 55,Central,Taravan,2025-08-01,66.0,70.0,20.57,6.32,3.26,0.0,60.84,9.31,82.66,78.08,4.54
D055,Aruna Motors 55,Central,Taravan,2025-09-01,97.0,96.0,19.09,8.37,7.46,0.0,65.53,17.48,80.2,70.35,7.83
D055,Aruna Motors 55,Central,Taravan,2025-10-01,221.0,168.0,22.71,6.74,7.78,4.31,49.39,13.63,81.81,72.49,5.88
D055,Aruna Motors 55,Central,Taravan,2025-11-01,86.0,74.0,22.93,6.6,4.46,1.19,53.14,18.49,87.7,75.29,6.31
D055,Aruna Motors 55,Central,Taravan,2025-12-01,90.0,94.0,22.45,3.8,6.42,0.49,84.82,21.21,80.29,67.17,7.2
D055,Aruna Motors 55,Central,Taravan,2026-01-01,112.0,118.0,22.23,5.38,6.59,0.0,74.51,24.38,91.32,75.36,6.26
D055,Aruna Motors 55,Central,Taravan,2026-02-01,127.0,160.0,20.63,6.3,7.64,2.85,67.16,19.07,89.18,66.5,4.96
D055,Aruna Motors 55,Central,Taravan,2026-03-01,66.0,81.0,22.48,5.71,7.41,1.51,65.46,19.42,88.04,65.39,10.49
D055,Aruna Motors 55,Central,Taravan,2026-04-01,86.0,76.0,22.86,7.22,6.21,0.0,75.92,10.63,86.04,84.56,2.81
D055,Aruna Motors 55,Central,Taravan,2026-05-01,79.0,88.0,21.82,6.13,8.78,7.04,67.13,23.13,84.63,74.9,5.7
D055,Aruna Motors 55,Central,Taravan,2026-06-01,126.0,143.0,25.98,5.57,11.28,7.07,60.75,18.37,85.09,70.95,4.92
D055,Aruna Motors 55,Central,Taravan,2026-07-01,62.0,76.0,20.5,4.12,12.04,0.0,75.08,17.5,84.22,77.17,7.27
D055,Aruna Motors 55,Central,Taravan,2026-08-01,69.0,73.0,18.61,4.44,13.86,0.0,79.9,22.59,83.43,67.92,4.37
D055,Aruna Motors 55,Central,Taravan,2026-09-01,136.0,140.0,22.35,6.56,11.12,2.61,63.63,12.95,89.88,79.3,7.33
D056,Tara Motors 56,North,Aarav Nagar,2024-10-01,124.0,144.0,17.2,3.81,11.74,6.97,67.32,18.6,79.77,62.49,7.32
D056,Tara Motors 56,North,Aarav Nagar,2024-11-01,86.0,85.0,20.85,3.86,6.39,14.69,80.86,21.15,78.59,68.86,9.89
D056,Tara Motors 56,North,Aarav Nagar,2024-12-01,177.0,163.0,21.5,5.9,15.92,16.48,64.59,12.11,82.56,80.4,7.08
D056,Tara Motors 56,North,Aarav Nagar,2025-01-01,118.0,132.0,21.17,3.99,9.16,17.83,64.3,4.84,82.08,66.22,7.3
D056,Tara Motors 56,North,Aarav Nagar,2025-02-01,161.0,163.0,21.53,4.24,14.33,14.22,82.47,10.72,88.26,74.78,8.4
D056,Tara Motors 56,North,Aarav Nagar,2025-03-01,112.0,126.0,15.27,4.55,11.19,7.61,87.96,15.71,78.31,62.31,11.22
D056,Tara Motors 56,North,Aarav Nagar,2025-04-01,109.0,128.0,20.19,2.74,19.07,20.23,88.14,25.67,78.23,68.65,10.92
D056,Tara Motors 56,North,Aarav Nagar,2025-05-01,148.0,156.0,18.91,1.71,18.44,14.05,86.65,24.01,73.75,69.13,10.46
D056,Tara Motors 56,North,Aarav Nagar,2025-06-01,136.0,166.0,12.25,2.54,14.14,13.09,93.1,27.72,83.02,72.54,10.86
D056,Tara Motors 56,North,Aarav Nagar,2025-07-01,122.0,135.0,19.62,5.65,18.17,7.15,85.16,17.21,89.29,64.1,5.67
D056,Tara Motors 56,North,Aarav Nagar,2025-08-01,160.0,154.0,22.1,4.62,19.81,11.27,77.21,17.72,87.23,71.06,8.14
D056,Tara Motors 56,North,Aarav Nagar,2025-09-01,138.0,148.0,13.65,2.95,10.49,16.42,93.89,25.26,76.52,67.33,10.26
D056,Tara Motors 56,North,Aarav Nagar,2025-10-01,95.0,92.0,25.01,3.71,16.26,21.37,60.18,10.05,85.95,74.03,6.56
D056,Tara Motors 56,North,Aarav Nagar,2025-11-01,109.0,126.0,15.01,2.35,16.53,23.15,82.8,20.34,78.63,67.3,7.84
D056,Tara Motors 56,North,Aarav Nagar,2025-12-01,204.0,174.0,19.42,2.48,19.47,7.41,69.83,12.4,81.85,70.5,9.12
D056,Tara Motors 56,North,Aarav Nagar,2026-01-01,71.0,79.0,15.51,3.98,14.49,11.34,86.57,17.4,79.41,67.71,8.84
D056,Tara Motors 56,North,Aarav Nagar,2026-02-01,81.0,79.0,20.01,4.87,9.29,10.77,82.2,26.74,79.26,72.33,7.03
D056,Tara Motors 56,North,Aarav Nagar,2026-03-01,143.0,142.0,20.24,4.89,15.05,5.14,77.64,16.31,82.43,57.41,12.09
D056,Tara Motors 56,North,Aarav Nagar,2026-04-01,68.0,78.0,23.56,6.13,12.26,1.04,71.52,23.48,77.61,72.28,8.5
D056,Tara Motors 56,North,Aarav Nagar,2026-05-01,124.0,155.0,20.56,2.24,16.13,8.06,69.52,23.18,80.04,63.68,9.5
D056,Tara Motors 56,North,Aarav Nagar,2026-06-01,96.0,106.0,18.73,2.92,15.73,9.31,81.3,25.81,82.07,69.67,6.05
D056,Tara Motors 56,North,Aarav Nagar,2026-07-01,120.0,113.0,22.48,5.44,14.37,4.4,73.83,17.25,86.71,75.89,7.01
D056,Tara Motors 56,North,Aarav Nagar,2026-08-01,151.0,171.0,21.81,5.27,13.84,8.27,65.73,18.94,87.35,74.94,5.09
D056,Tara Motors 56,North,Aarav Nagar,2026-09-01,182.0,177.0,23.31,6.29,8.47,7.12,61.35,20.64,85.58,80.74,7.03
D057,Veda Motors 57,South,Neelapur,2024-10-01,92.0,123.0,10.76,1.12,15.09,21.9,105.17,42.9,64.2,50.04,14.25
D057,Veda Motors 57,South,Neelapur,2024-11-01,74.0,99.0,13.61,1.95,7.75,18.61,89.77,34.69,70.47,47.26,14.95
D057,Veda Motors 57,South,Neelapur,2024-12-01,72.0,81.0,7.88,0.55,16.82,19.04,100.32,31.46,62.43,46.56,13.53
D057,Veda Motors 57,South,Neelapur,2025-01-01,126.0,157.0,15.36,2.0,10.35,13.56,92.87,31.7,66.83,54.51,12.78
D057,Veda Motors 57,South,Neelapur,2025-02-01,57.0,73.0,13.97,-0.24,19.92,11.04,80.96,23.79,68.72,59.64,14.11
D057,Veda Motors 57,South,Neelapur,2025-03-01,88.0,124.0,14.24,-1.13,14.66,2.6,112.86,37.51,66.17,52.44,14.31
D057,Veda Motors 57,South,Neelapur,2025-04-01,63.0,108.0,10.34,-0.7,20.99,7.33,118.89,37.93,61.36,38.47,16.52
D057,Veda Motors 57,South,Neelapur,2025-05-01,108.0,133.0,14.2,-0.12,15.36,10.99,106.47,24.95,68.54,53.85,16.07
D057,Veda Motors 57,South,Neelapur,2025-06-01,96.0,145.0,9.75,0.89,13.87,9.63,106.73,26.17,68.13,50.14,13.51
D057,Veda Motors 57,South,Neelapur,2025-07-01,50.0,76.0,13.4,-1.71,19.8,2.39,111.66,34.08,63.12,55.15,15.26
D057,Veda Motors 57,South,Neelapur,2025-08-01,160.0,177.0,12.46,0.96,15.71,4.68,87.65,29.54,67.64,50.12,14.35
D057,Veda Motors 57,South,Neelapur,2025-09-01,97.0,131.0,10.43,-2.3,16.32,8.53,106.93,44.34,67.54,50.47,14.1
D057,Veda Motors 57,South,Neelapur,2025-10-01,104.0,160.0,5.86,-2.37,24.88,11.94,109.43,36.76,65.64,40.99,18.87
D057,Veda Motors 57,South,Neelapur,2025-11-01,103.0,141.0,12.87,-1.29,23.58,22.44,108.93,34.91,65.23,46.0,17.05
D057,Veda Motors 57,South,Neelapur,2025-12-01,101.0,129.0,11.89,0.16,18.25,22.37,100.17,33.4,64.11,52.43,12.57
D057,Veda Motors 57,South,Neelapur,2026-01-01,65.0,96.0,10.48,-1.95,18.66,13.95,129.41,36.06,65.91,49.14,15.22
D057,Veda Motors 57,South,Neelapur,2026-02-01,98.0,147.0,11.18,-3.34,23.09,14.23,126.66,35.79,68.22,53.22,12.47
D057,Veda Motors 57,South,Neelapur,2026-03-01,53.0,80.0,13.87,-0.89,24.31,14.58,104.07,38.05,69.75,52.56,14.13
D057,Veda Motors 57,South,Neelapur,2026-04-01,118.0,161.0,10.55,1.16,15.73,13.99,93.64,36.62,62.82,50.62,16.3
D057,Veda Motors 57,South,Neelapur,2026-05-01,51.0,77.0,8.0,-0.04,9.2,2.38,97.05,32.33,68.66,49.8,13.37
D057,Veda Motors 57,South,Neelapur,2026-06-01,58.0,110.0,10.86,-1.01,15.18,4.11,122.35,36.39,65.54,36.82,14.96
D057,Veda Motors 57,South,Neelapur,2026-07-01,83.0,97.0,12.89,-0.11,12.66,4.97,101.69,30.28,66.54,47.81,14.21
D057,Veda Motors 57,South,Neelapur,2026-08-01,86.0,110.0,13.03,-0.3,16.85,5.1,107.2,32.34,67.63,50.23,13.46
D057,Veda Motors 57,South,Neelapur,2026-09-01,145.0,175.0,13.44,-2.74,21.07,16.84,103.18,34.77,70.03,55.99,15.8
D058,Uday Motors 58,East,Suryabad,2024-10-01,80.0,98.0,12.98,0.05,21.64,17.04,95.51,42.8,67.41,57.88,10.66
D058,Uday Motors 58,East,Suryabad,2024-11-01,100.0,126.0,11.99,-1.76,17.46,33.85,110.69,35.14,70.4,52.18,13.0
D058,Uday Motors 58,East,Suryabad,2024-12-01,79.0,83.0,13.73,-1.34,25.38,39.06,105.95,30.86,69.32,55.8,10.91
D058,Uday Motors 58,East,Suryabad,2025-01-01,119.0,157.0,13.76,-1.52,21.62,37.8,106.65,27.28,80.71,54.55,9.26
D058,Uday Motors 58,East,Suryabad,2025-02-01,144.0,174.0,15.54,-2.74,16.0,27.31,94.17,39.17,79.32,57.17,9.97
D058,Uday Motors 58,East,Suryabad,2025-03-01,80.0,147.0,19.64,-1.0,22.65,24.22,103.5,38.45,71.68,54.18,13.54
D058,Uday Motors 58,East,Suryabad,2025-04-01,92.0,128.0,15.57,-3.88,20.68,15.89,112.72,32.25,68.02,57.75,13.02
D058,Uday Motors 58,East,Suryabad,2025-05-01,78.0,129.0,11.53,-2.28,21.36,13.55,110.13,36.02,63.02,46.1,16.04
D058,Uday Motors 58,East,Suryabad,2025-06-01,117.0,158.0,13.72,-1.2,20.47,6.73,89.8,31.45,72.76,54.53,12.52
D058,Uday Motors 58,East,Suryabad,2025-07-01,65.0,95.0,10.91,-1.68,22.02,4.82,115.09,30.2,70.85,49.72,13.08
D058,Uday Motors 58,East,Suryabad,2025-08-01,122.0,171.0,13.77,0.12,18.35,14.3,86.01,28.72,70.46,46.93,13.99
D058,Uday Motors 58,East,Suryabad,2025-09-01,54.0,74.0,7.32,-0.04,22.54,17.83,127.9,36.39,61.9,50.35,16.95
D058,Uday Motors 58,East,Suryabad,2025-10-01,71.0,112.0,10.78,-0.92,17.94,26.0,89.78,31.2,70.01,52.02,13.41
D058,Uday Motors 58,East,Suryabad,2025-11-01,122.0,168.0,17.8,1.07,16.88,18.03,92.24,31.7,73.14,59.61,10.38
D058,Uday Motors 58,East,Suryabad,2025-12-01,96.0,141.0,10.34,1.45,17.99,22.7,95.63,21.67,65.55,54.7,10.92
D058,Uday Motors 58,East,Suryabad,2026-01-01,93.0,95.0,14.31,1.99,17.41,23.4,95.76,29.51,68.95,56.1,12.02
D058,Uday Motors 58,East,Suryabad,2026-02-01,112.0,138.0,19.66,1.67,12.37,20.14,85.83,26.69,73.54,53.85,10.74
D058,Uday Motors 58,East,Suryabad,2026-03-01,125.0,171.0,13.06,0.2,12.85,16.19,88.24,27.08,73.74,53.15,11.99
D058,Uday Motors 58,East,Suryabad,2026-04-01,99.0,139.0,12.57,-0.48,18.37,7.71,115.51,32.99,73.81,51.98,10.95
D058,Uday Motors 58,East,Suryabad,2026-05-01,111.0,155.0,9.59,-2.27,23.56,14.02,101.01,35.26,66.3,50.75,13.5
D058,Uday Motors 58,East,Suryabad,2026-06-01,58.0,91.0,10.41,0.4,24.09,11.98,100.72,28.81,68.19,53.99,12.96
D058,Uday Motors 58,East,Suryabad,2026-07-01,108.0,115.0,12.58,1.16,23.19,10.99,108.05,24.08,70.85,52.45,12.65
D058,Uday Motors 58,East,Suryabad,2026-08-01,49.0,80.0,9.35,-1.44,25.46,16.84,110.27,37.3,66.11,47.62,15.2
D058,Uday Motors 58,East,Suryabad,2026-09-01,79.0,95.0,13.91,-2.23,17.75,13.89,99.94,33.73,67.66,53.58,14.6
D059,Nila Motors 59,West,Kiranpur,2024-10-01,126.0,114.0,23.55,4.01,18.91,8.78,49.38,25.09,90.96,83.65,3.6
D059,Nila Motors 59,West,Kiranpur,2024-11-01,182.0,153.0,30.37,4.55,18.29,6.3,50.03,6.96,100.0,92.73,1.0
D059,Nila Motors 59,West,Kiranpur,2024-12-01,124.0,97.0,27.25,8.28,17.72,13.89,48.27,9.31,98.39,80.93,2.33
D059,Nila Motors 59,West,Kiranpur,2025-01-01,81.0,81.0,28.47,5.73,19.97,21.48,56.35,16.87,95.5,88.06,4.23
D059,Nila Motors 59,West,Kiranpur,2025-02-01,206.0,175.0,26.79,6.75,14.44,18.47,37.37,10.3,97.8,81.22,4.27
D059,Nila Motors 59,West,Kiranpur,2025-03-01,191.0,170.0,27.57,7.93,12.92,11.18,42.46,8.64,89.26,86.75,4.29
D059,Nila Motors 59,West,Kiranpur,2025-04-01,97.0,91.0,24.94,7.18,16.54,14.66,62.25,11.02,96.04,82.51,2.45
D059,Nila Motors 59,West,Kiranpur,2025-05-01,162.0,151.0,24.17,8.68,8.92,5.99,43.04,10.96,98.68,87.93,5.29
D059,Nila Motors 59,West,Kiranpur,2025-06-01,175.0,155.0,27.91,8.84,4.23,0.0,52.64,7.1,92.74,84.64,3.13
D059,Nila Motors 59,West,Kiranpur,2025-07-01,94.0,87.0,26.85,9.37,3.97,9.19,46.68,7.07,97.09,84.65,5.27
D059,Nila Motors 59,West,Kiranpur,2025-08-01,137.0,127.0,29.29,10.31,11.67,4.97,38.6,8.49,97.23,94.39,1.0
D059,Nila Motors 59,West,Kiranpur,2025-09-01,195.0,149.0,25.32,9.49,5.36,5.49,46.5,8.96,93.45,77.77,3.77
D059,Nila Motors 59,West,Kiranpur,2025-10-01,176.0,142.0,29.0,9.08,3.33,20.32,42.57,0.29,97.3,90.06,1.31
D059,Nila Motors 59,West,Kiranpur,2025-11-01,128.0,89.0,25.07,8.75,4.38,20.41,43.57,7.86,100.0,81.8,1.82
D059,Nila Motors 59,West,Kiranpur,2025-12-01,202.0,151.0,29.61,10.08,3.45,3.6,35.01,11.27,93.72,83.8,1.06
D059,Nila Motors 59,West,Kiranpur,2026-01-01,182.0,156.0,26.03,9.41,6.88,1.46,31.13,11.77,90.7,80.49,4.06
D059,Nila Motors 59,West,Kiranpur,2026-02-01,150.0,120.0,27.79,9.38,7.77,3.6,41.59,15.9,90.76,83.76,2.78
D059,Nila Motors 59,West,Kiranpur,2026-03-01,101.0,85.0,23.62,10.31,6.55,0.0,47.44,9.24,92.92,78.13,1.82
D059,Nila Motors 59,West,Kiranpur,2026-04-01,73.0,74.0,26.73,7.82,5.6,0.0,53.12,5.92,100.0,81.57,1.47
D059,Nila Motors 59,West,Kiranpur,2026-05-01,95.0,87.0,27.15,7.12,5.2,0.0,45.78,4.91,90.53,85.63,5.64
D059,Nila Motors 59,West,Kiranpur,2026-06-01,133.0,140.0,27.55,11.43,0.0,0.0,34.85,0.0,92.88,83.75,2.08
D059,Nila Motors 59,West,Kiranpur,2026-07-01,150.0,140.0,27.16,8.88,0.13,0.0,47.54,4.81,86.34,79.23,5.48
D059,Nila Motors 59,West,Kiranpur,2026-08-01,162.0,150.0,25.65,11.18,4.32,2.57,37.91,6.96,94.91,82.7,1.01
D059,Nila Motors 59,West,Kiranpur,2026-09-01,157.0,136.0,26.3,11.17,7.4,9.91,44.29,0.0,92.59,80.33,2.86
D060,Aruna Motors 60,Central,Taravan,2024-10-01,103.0,110.0,21.14,6.25,18.09,19.79,62.09,16.58,82.92,75.2,8.98
D060,Aruna Motors 60,Central,Taravan,2024-11-01,143.0,123.0,27.76,6.2,5.81,13.14,49.96,10.89,86.06,81.14,4.98
D060,Aruna Motors 60,Central,Taravan,2024-12-01,139.0,118.0,23.82,7.09,8.04,10.2,48.46,6.78,96.92,80.49,1.0
D060,Aruna Motors 60,Central,Taravan,2025-01-01,159.0,146.0,25.94,5.64,7.25,6.7,71.98,5.55,87.63,80.51,7.55
D060,Aruna Motors 60,Central,Taravan,2025-02-01,76.0,76.0,21.9,7.32,7.9,4.01,60.54,13.89,95.35,80.09,3.9
D060,Aruna Motors 60,Central,Taravan,2025-03-01,110.0,110.0,25.0,5.88,0.56,1.83,47.5,18.04,86.61,81.33,3.85
D060,Aruna Motors 60,Central,Taravan,2025-04-01,107.0,110.0,25.53,6.58,10.4,3.41,72.58,16.32,87.28,73.8,4.44
D060,Aruna Motors 60,Central,Taravan,2025-05-01,111.0,127.0,23.01,7.95,2.42,2.3,58.49,12.1,83.99,70.26,8.87
D060,Aruna Motors 60,Central,Taravan,2025-06-01,98.0,99.0,22.38,7.26,6.57,0.0,72.21,13.2,79.4,68.87,9.87
D060,Aruna Motors 60,Central,Taravan,2025-07-01,207.0,171.0,26.84,7.57,14.01,2.93,70.14,16.86,87.92,76.35,6.8
D060,Aruna Motors 60,Central,Taravan,2025-08-01,103.0,100.0,22.34,5.86,12.98,0.58,62.86,19.12,87.8,74.49,6.21
D060,Aruna Motors 60,Central,Taravan,2025-09-01,83.0,73.0,18.78,4.11,8.49,4.21,76.88,17.18,82.77,66.45,5.79
D060,Aruna Motors 60,Central,Taravan,2025-10-01,106.0,91.0,23.53,4.27,11.23,7.87,65.46,16.63,81.33,74.48,7.22
D060,Aruna Motors 60,Central,Taravan,2025-11-01,142.0,123.0,26.03,7.59,11.02,7.48,40.6,11.9,90.11,80.65,6.45
D060,Aruna Motors 60,Central,Taravan,2025-12-01,129.0,113.0,21.67,5.98,12.6,9.37,65.8,19.0,86.98,60.43,6.81
D060,Aruna Motors 60,Central,Taravan,2026-01-01,153.0,154.0,25.56,5.41,3.78,8.42,68.26,12.92,86.56,72.48,6.39
D060,Aruna Motors 60,Central,Taravan,2026-02-01,80.0,74.0,22.06,6.59,11.79,12.9,67.01,5.38,81.76,72.03,6.16
D060,Aruna Motors 60,Central,Taravan,2026-03-01,88.0,80.0,24.76,7.04,11.67,10.26,50.32,12.56,88.68,78.6,2.96
D060,Aruna Motors 60,Central,Taravan,2026-04-01,144.0,144.0,22.78,7.32,8.2,2.8,68.03,16.81,87.56,76.93,7.21
D060,Aruna Motors 60,Central,Taravan,2026-05-01,81.0,79.0,23.33,7.05,12.02,0.0,69.63,18.69,85.1,84.57,7.55
D060,Aruna Motors 60,Central,Taravan,2026-06-01,163.0,157.0,25.32,7.04,12.88,0.0,72.23,16.34,86.71,81.4,7.71
D060,Aruna Motors 60,Central,Taravan,2026-07-01,75.0,83.0,21.95,6.64,18.05,0.0,66.94,20.13,93.24,76.08,5.72
D060,Aruna Motors 60,Central,Taravan,2026-08-01,101.0,102.0,25.99,7.12,9.98,3.02,61.27,19.61,91.86,81.42,7.15
D060,Aruna Motors 60,Central,Taravan,2026-09-01,142.0,137.0,24.65,6.13,9.21,9.91,50.72,13.55,85.68,71.88,5.34
